㐁犁,伸犁
㐁舌,伸出舌頭
㐁舌,伸舌頭
㐁長長,伸剩餘剩餘
㓾,殺
㓾,殺害
㓾㓾,殺殺
㓾㓾啊仔,殺一殺
㓾人,殺人
㓾人放火,殺人放火
㓾來,殺來
㓾來㓾去,殺來殺去
㓾到,殺到
㓾去,殺去
㓾好,殺好
㓾忒,宰殺
㓾忒,殺掉
㓾撇,殺掉
㓾撇去,殺掉
㓾核,殺掉
㓾死,殺死
㓾毋死,殺不死
㓾淨淨,殺光光
㓾等,殺著
㓾著,殺到
㓾豬个,屠夫
㓾豬客,殺豬客
㓾雞捋鴨,殺雞殺鴨
㓾雞鴨,殺雞殺鴨
㓾雞鴨,殺雞鴨
㓾頭,殺頭
㓾頭,砍頭
㕸㕸涉涉,溼溚溚
㕸㕸涉涉,溼溼溚溚
㕸㕸涉涉,溼漉漉
㕸㕸涉涉,溼漉漉地
㕸㕸涉涉,濕濕答答
㕸㕸涉涉,濕答答
㖸死人,笑死人
㗘煙,吸煙
㗘煙,抽煙
㗘菸,吸菸
㗘菸,抽菸
㗘雪茄,抽雪茄
㘔人戇仔,欺騙他人
㘔毒,吸毒
㘝,夾著尾巴
㜮,不佳
㜮合惡,既差勁又兇惡
㜮戲拖棚,歹戲拖棚
㜮斗个醫生,庸醫
㜮狗屎,差勁的傢伙
㝗㝗㝩㝩,空空洞洞
㤕服,屈服
㧁作垺,擠在一堆
㧁作垺,擠在一起
㧒忒,丟掉
㧒忒,丟棄
㧒忒,扔掉
㧡,挑
㧡㧡,挑挑
㧡去,挑到
㧡去,挑去
㧡得贏,挑得動
㧡擔,挑擔子
㧡擔个,挑擔子的
㧡擔家計,負擔家計
㧡東西,挑東西
㧡枷,套上枷鎖
㧡核,挑住
㧡死擔仔,背黑鍋
㧡毋贏,承擔不起
㧡毋贏,挑不動
㧡毋贏,挑不起
㧡毋贏,挑不起來
㧡水,挑水
㧡水,提水
㧡水,擔水
㧡水淋河壩,愚公移山
㧡石頭,挑石頭
㧡石頭个,挑石頭的
㧡秧仔,挑秧苗
㧡穀擔,挑榖擔
㧡穀擔,挑著稻榖
㧡等,挑著
㧡米,挑米
㧡米,買米
㧡菜去市場賣,挑菜去市場賣
㧡著,挑到
㧡走,挑走
㧡起來,挑起來
㧡雜細个,挑雜貨的
㧡飯,奉飯
㧡點心,挑點心
㧾㧾,打打
㧾著,打到
㩆當遽,溜得很快
㩆當遽,跑很快
㩆當遽,跑得很快
㪐,脫落
㪐㪐,鬆鬆垮垮
㪐㪐,鬆鬆的
㪐去,脫落
㪐忒,掉下來
㪐忒,脫落
㪐忒,鬆脫
㪐撇,脫落
㪐毛,掉毛
㪐毛,脫毛
㪐爪,爪子脫落
㪐皮,脫皮
㪐腕,脫臼
㪐色,掉色
㪐蒂,脫蒂
㪐蒂,蒂頭脫落
㪐開來,鬆脫開來
㰵奶嘴仔,吸奶嘴
㰵心,甜過度
㸐人,尖酸刻薄
㸐來㸐去,嘲諷來嘲諷去
㸐來㸐去,挖苦來挖苦去
㸐傷,灼傷
㸐傷,燙傷
㸐舌,舌頭難受
䀯等,偵伺
䀯老鼠,偵伺著老鼠
䀯老鼠,窺視老鼠
䀯著,偵伺著
䀯著,刺探著
䀯賊仔,偵伺著小偷
䁯人,瞪人
䃗崁,隄防
䉂公,茶䉂
䉂公,茶簍
䌈,綁
䌈,繫
䌈䌈核,綁緊
䌈核,綁著
䌈核,繫著
䌈歇,綁著
䌈歇,繫著
䌈等,綁著
䌈等,繫著
䌈粽仔,包粽子
䌈粽仔,繫粽子
䌈索仔,綁繩子
䌈緪,綁緊
䌈落去,綁下去
䌈著,綁到
䌈起來,綁起來
䌈頸,投環自盡
䌈頸,自縊
䗆蜱,床蝨
䗆蜱,臭蟲
䘆公,蚯蚓
䞚䞚走,到處亂跑
䟓䟓,專程
䟓䟓,特地
䟓工,專程
䟓工,特地
䟘,起身
䟘,醒
䟘來,起來
䟘床,起床
䟘床過後,起床後
䟘起來,爬起來
䟘起來,立起身來
䟘起來,站起來
䟩鬚,開叉
䠙上䠙下,來回奔波
䯋鍊,項鍊
一丈紅,蜀葵
一三五毋論，二四六分明,一三五不論，二四六分明
一下仔,一下子
一下半,一會兒
一下半下,偶而
一个,一的
一个勁兒,一個勁兒
一个子兒,一個子兒
一个富貴心，兩隻體面眼,一個富貴心，兩隻體面眼
一个巴掌拍毋響,一個巴掌拍不響
一个心眼兒,一個心眼兒
一个樣兒,一個樣兒
一个毋細心,一個不小心
一个獵古調,一個獵古調
一个碗內兩張匙，毋係湯著就抹著,一個碗內兩張匙，不是湯著就抹著
一个紅臉一个白臉,一個紅臉一個白臉
一个蘿蔔一个坑兒,一個蘿蔔一個坑兒
一个跟斗十萬八千里,一個跟斗十萬八千里
一个錢打二十四个結,一個錢打二十四個結
一个鍋裡食飯个,一個鍋裡吃飯的
一个頭兩个大,一個頭兩個大
一个饅頭，也得蒸熟食,一個饅頭，也得蒸熟吃
一个鼻孔出氣,一個鼻孔出氣
一五一十,詳詳細細
一人毋敵眾人智,一人不敵眾人智
一人食齋，十人唸佛,一人吃齋，十人唸佛
一代毋如一代,一代不如一代
一係一，二係二,一是一，二是二
一個,一位
一個,一名
一個㜮斗个醫生,一個庸醫
一個銀,一塊錢
一價食到飽,一價吃到飽
一儕,一個人
一光,一亮
一光,一明亮
一兜,一些
一兜,一捧
一兜,一端
一兜,一點點
一刻時,一刻鐘
一動毋如一靜,一動不如一靜
一匝,一把
一千擔,數量多
一千空二,一千零二
一千箍,一千元
一半下,偶爾
一半仔,一半
一去毋復返,一去不復返
一去毋返,一去不返
一口食个胖子,一口吃個胖子
一品菜,一道菜
一哪仔,到處
一問三毋知,一問三不知
一坵一坵仔,一塊一塊的
一坵一坵仔,一塊塊的
一坵田,一塊田
一垤,一塊
一垤垤,一塊塊
一墩草,一堆草
一夜夫婦,一夜夫妻
一大二細,一大二小
一大嶂,物品很多
一天一个現在,一天一個現在
一天光,天一亮
一女毋喫兩家茶,一女不喫兩家茶
一孔一缺,坑坑洞洞
一孔一缺,高低不平
一字入公門，九牛拔毋出,一字入公門，九牛拔不出
一字毋差,一字不差
一字毋忘,一字不忘
一字毋提,一字不提
一字毋苟,一字不苟
一字毋識,一字不識
一定毋易,一定不易
一定毋移,一定不移
一客毋煩二主,一客不煩二主
一客毋犯二主,一客不犯二主
一家一个主，一廟一个神,一家一個主，一廟一個神
一家一務,各有各的事
一家之講,一家之說
一家大細,一家大小
一家老細,一家老小
一尋長,臂長
一屋下,一屋子
一屋下人,一家人
一屋家,整家
一屑,一丁點
一屑屑,一點點
一山毋容二虎,一山不容二虎
一年大，二年細,一年大，二年小
一年生,一年級
一年透天,一年到頭
一年透天,一整年
一年透天,整年
一床蘿蔔粄,一床蘿蔔糕
一座屋,一棟房子
一張凳仔,一張椅子
一心打兩意,舉棋不定
一息,一些
一息,一點點
一息仔,一絲絲
一息仔,一點
一息仔,一點點
一息仔,些許
一息息,一點點
一息息仔,一些些
一息息仔,一點點
一息息仔,極少
一托弓蕉,一串香蕉
一抹殺,通通
一排樹仔,一排樹木
一接眼,乍看之下
一搭,一區
一搭,一塊
一摝水,一概而論
一擺,一次
一擺半擺,一次兩次
一文毋名,一文不名
一斗米養个恩人，一石米養个仇人,一斗米養個恩人，一石米養個仇人
一日,一天
一日到暗,一天到晚
一日到暗,從早到晚
一日叫娘，終身係母,一日叫娘，終身是母
一日夜,一天夜
一日毋見，如隔三秋,一日不見，如隔三秋
一日邊,大約一日
一旦,向來
一時,一下子
一時八刻,一個時辰
一時毋等一時,一時不等一時
一時間,一時之間
一晝邊,一個上午
一晝邊,一個下午
一枚針,一根針
一枝竹篙打一船人,一竿子打翻一船人
一條歌仔,一首歌
一條索仔,一條繩子
一條腸仔透屎胐,一條腸子通到底
一條腸仔透屎胐,有什麼就說什麼
一條面帕,一條毛巾
一概,一律
一樖,一串
一樣米畜百樣人,一樣米養百樣人
一樣飯供百樣人,一樣米養百樣人
一步一个腳印兒,一步一個腳印兒
一步步仔,一步一步
一毋做二毋休,一不做二不休
一毋做，二毋休,一不做，二不休
一毋扭眾,一不扭眾
一毋拗眾,一不拗眾
一毋溜,一不溜
一毋細心,一不小心
一滴,一丁點
一滴仔,一丁點
一滴仔,一點點
一滴滴,一點點
一片,一邊
一物毋知,一物不知
一生人,一生
一生人,一輩子
一生受用毋盡,一生受用不盡
一生喫著毋盡,一生喫著不盡
一甲當,一甲的
一甲當,約一甲
一發毋可收拾,一發不可收拾
一百三十零,一百三十多
一百三十零,一百三十幾
一百空二,一百零二
一百空五,一百零五
一皮葉仔,一片葉子
一盒餅仔,一盒糕餅
一直到,直到
一直落,一整排
一眨目,一眨眼
一瞑毋視,一瞑不視
一石米有幾重,一石米有多重
一秤毋抵一秤,一秤不抵一秤
一穴地,一塊墳地
一空一壢,一孔一隙
一空一缺,每個細節
一窩一窟,高低不平
一竇,一窩
一等省,很節省
一細撮,一小撮
一組膨凳,一組沙發
一組衫弓仔,一組晾衣架
一絲毋掛,一絲不掛
一罐火油,一罐花生油
一群,一批
一聲毋響,一聲不響
一背,一背帶
一胎生兩三个孩子,一胎生兩三個孩子
一舉兩便,一舉兩得
一般,通常
一般般,一模一樣
一色青天,晴空萬里
一莊一俗,各有不同
一葉蔽目，毋見泰山,一葉蔽目，不見泰山
一葉蘭,臺灣一葉蘭
一葉障目，毋見泰山,一葉障目，不見泰山
一著毋慎，滿盤皆輸,一著不慎，滿盤皆輸
一著錯，滿盤俱係空,一著錯，滿盤俱是空
一蕊,一朵
一蟹毋如一蟹,一蟹不如一蟹
一行,一走
一角銀,一角
一言中个,一言中的
一言已定，千金毋移,一言已定，千金不移
一言毋合,一言不合
一言毋發,一言不發
一語中个,一語中的
一語毋發,一語不發
一語破个,一語破的
一講,一說
一買啊著,一買到
一路里來,向來如此
一踢三通,舉一反三
一身,一套
一身係膽,一身是膽
一身做毋得兩件事,一身做不得兩件事
一身屎,全身都是糞便
一身衫褲,一套衣服
一身西裝,一套西裝
一輪,一趟
一還一，二還二,彼此分清楚
一部二十四史，毋知從何講起,一部二十四史，不知從何說起
一部分係厥个,一部分是他的
一錢毋名,一錢不名
一錢毋落虛空地,一錢不落虛空地
一鍬掘个井,一鍬掘個井
一間,一所
一陣,一群
一隔一跳,彼此相隔不連接
一隻,一個
一隻化妝舞會,一個化妝舞會
一隻大城市,一個大城市
一隻完整个樂隊,一個完整的樂隊
一隻山林,一個山林
一隻彎月,一個彎月
一隻明確个目標,一個明確的目標
一隻暖壺,一個熱水瓶
一隻朗斗个歌聲,一個清澈響亮的歌聲
一隻杯仔,一個杯子
一隻杯仔,一只杯子
一隻檸檬,一個檸檬
一隻畜生个頭那,一個牲畜的頭
一隻碗毋響，兩隻碗叮噹,一隻碗不響，兩隻碗叮噹
一隻罕得有个舞會,一個難得有的舞會
一隻聲音,一個聲音
一隻莊嚴,一個莊嚴
一隻道理,一個道理
一隻隻仔,一隻隻的
一雙襪仔,一雙襪子
一雙高㬹鞋,一雙高跟鞋
一雞三食,一雞三吃
一雷壓三颸,一雷破九颱
一面,一臉
一頂帽仔,一頂帽子
一頂眠床,一張床鋪
一領,一件
一領膨線衫,一件毛線衣
一領衫,一件衣服
一領衫褲,一件衣服
一領褲,一件褲子
一頭,一棵
一頭一面,滿頭滿臉
一餐仔,一餐
一馬毋被兩鞍,一馬不被兩鞍
一駁,一段時間
一駁,一陣子
一駁仔,一段時間
一魚兩食,一魚兩吃
一鹿九鞭,假貨很多
一點一撇,一筆一劃
一點水一个泡,一點水一個泡
一點鐘,一小時
丁係丁，卯係卯,丁是丁，卯是卯
丁格利博物館,瑞士丁格利博物館
七七八八,囉哩囉唆
七上八落,七上八下
七个八个,七個八個
七个創會會館,七個創會會館
七個和尚八樣腔,七嘴八舌
七做八毋對,老是做錯
七前插,羅勒
七十份莊頭,七十份庄頭
七十外,七十多
七十零,七十多
七坐、八爬、九生牙,七坐、八爬、九長牙
七坐八爬,七月能坐
七垣插,九層塔
七大八細,七大八小
七好過八,本事比人差
七姑星,七姊妹星團
七姑星,北斗七星
七姑星,昴宿星團
七娘生,農曆七月七日
七孔,七竅
七孔八竅,坑坑洞洞
七孔八竅,足智多謀
七孔八翹,高低不平
七層塔,七緣塔
七層塔,九層塔
七層塔,羅勒
七層塔,美羅勒
七層塔頭,九層塔前端
七手八腳,人多雜亂
七攞八合,混在一起
七早八早,大清早
七早八早,這麼早
七早八早,非常早
七星花蛄仔,七星瓢蟲
七月七,七夕
七月半,中元節
七牯星,七公牛星
七瘥草,母草
七緣插,九層塔
七葉蓮,冇骨消
七錢插,羅勒
七除八扣,七扣八扣
七除八扣,七折八扣
七隻,七個
丈,十臺尺
丈㜷哀,岳母
丈㜷老,岳父
丈人,岳父
丈人哀,岳母
丈人婆,岳祖母
丈人老,岳父
丈公,姨公
丈公,姨祖父
丈夫有淚毋輕彈,丈夫有淚不輕彈
三ㄚ苦,三角虌
三七,洋落葵
三三仔,馬馬虎虎
三下钁頭兩畚箕,坦率直爽
三不二時,偶爾
三不二時,有時候
三不五時,時常
三不服,三方各不相讓
三个,三的
三个臭皮匠，勝過諸葛亮,三個臭皮匠，勝過諸葛亮
三个鼻子管,三個鼻子管
三交代四吩咐,再三叮嚀
三交代四吩咐,千叮嚀萬囑咐
三人抬毋過个理字,三人抬不過個理字
三人行必有𠊎師,三人行必有我師
三代家庭,折衷家庭
三借四借,這裡借那裡借
三光半夜,三更半夜
三兩重,非常輕易的事
三分人事七分天,三分人事七分命運
三分親,有點親戚關係
三加皮,三葉五加
三十二位元个人電腦,三十二位元個人電腦
三十六个牙齒，捉對兒廝打,三十六個牙齒，捉對兒廝打
三十六策，走係上計,三十六策，走是上計
三十暗晡,大年夜
三十暗晡,除夕
三十暗晡,除夕夜
三十零,三十多
三千年个老狗屎,過時沒意義
三千零銀,三千多元
三叉河莊頭,三叉河庄頭
三句毋離本行,三句不離本行
三叮嚀四吩咐,再三提醒
三叮嚀四囑咐,一再的囑咐
三合枋,三合板
三合枋,三夾板
三噭四噭,一直哭
三天三夜講毋完,三天三夜說不完
三子哀,三母子
三子嫂,三妯娌
三子爺,三父子
三宕四宕,一拖再拖
三寶鳥,佛法僧
三尞四尞,拖拖拉拉
三尞四尞,這裡玩那裡玩
三層大，二層細,三層大，二層小
三層肉,五花肉
三年毋上門，當親也毋親,三年不上門，當親也不親
三年毋窺園,三年不窺園
三年毋雨,三年不雨
三年生,三年級
三弦,弦子
三心兩意,三心二意
三心兩意,舉棋不定
三心打兩意,舉棋不定
三抓四抓,一直拿
三抓四抓,這裡拿那裡拿
三拍仔,三拍子
三掘四掘,一直挖
三掘四掘,這裡挖那裡挖
三揀四揀,挑三揀四
三摸四摸,拖拖拉拉
三摸四摸,這裡摸那裡摸
三擇四擇,這也挑那也挑
三擠四擠,一直擠
三日,三天
三日一細宴，五日一大宴,三日一小宴，五日一大宴
三日打魚四日晒網,三天打魚兩天晒網
三日打魚四日曬網,工作時做時歇沒有持續
三日毋讀書，面目可憎,三日不讀書，面目可憎
三暢四暢,很高興
三月仔,三月
三月毋知肉味,三月不知肉味
三月裡个桃花,三月裡的桃花
三朝,第三天
三板刀,刀傷草
三步腳一坎店,走三步就有一間店
三步門就毋出,足不出戶
三歲子,三歲小孩
三毋去,三不去
三毋易,三不易
三毋朽,三不朽
三毋歸,三不歸
三毋留,三不留
三毋知,三不知
三毋管,三不管
三求四求,一直求
三求四求,這裡求那裡求
三洽水,水流會合處
三畫王,三繪畫王
三看四看,這裡看那裡看
三睡四睡,一直睡
三細子,三小子
三股一股,三分之一
三色花,三色堇
三著,三穿
三補四補,這裡補那裡補
三見面,三方會面
三角梅,九重葛
三角燈籠,倒地鈴
三角葉瓜,馬㼎兒
三角鹹草,藺草
三角麥,蕎麥
三講四講,一直講
三變四變,一直變
三趾濫泥鳥,三趾鷸
三軍可奪帥，匹夫毋可奪志,三軍可奪帥，匹夫不可奪志
三逐四逐,三催四請
三過其門而毋入,三過其門而不入
三部合唱,三聲部合唱
三除四扣,東扣西扣
三隻,三個
三隻鼻公空,多管閒事
三頭兩日,三天兩頭
三頭毋辨兩,三頭不辨兩
三駛四駛,一直開
上,上方
上,往上
上上上背,很往上的地方
上上上背,很往北的地方
上上下下,來來往往
上上下下,從上到下
上下,上面和下面
上仔,往上仔
上便所,上廁所
上勝,得寸進尺
上古,以前
上古,從前
上向,往上向
上回,上次
上土,覆土
上坵,上面那塊
上坵吊,往上坵吊
上坵田,上畝田
上坵黃,往上坵黃
上壁,上牆壁
上夜,上半夜
上天毋生無祿之人,上天不生無祿之人
上姓,貴姓
上家下屋,鄰居
上崎,上坡
上崎濛沙煙,上坡霧
上崎霧,上坡霧
上帝,天主
上帝个愛,上帝的愛
上得,上得去
上手,上一手
上手,前手
上擺,上次
上教,很好教
上新莊,上新庄
上早,以前
上早,古代
上早,從前
上早,早先
上早,早先時刻
上時,往上時
上晝,上午
上晝頭,上午
上杭,上杭縣
上格,上層
上梁毋正,上梁不正
上梁毋正下梁歪,上梁不正下梁歪
上棚,上臺
上樑,架上樑木
上橫頭,尊位
上毋上,上不去
上毋上，下毋下,上不上，下不下
上毋了臺面,上不了臺面
上毋得,上不來
上毋得,上不去
上毋得臺盤,上不得臺盤
上泥,覆土
上滿,上次
上煎下煏,上下交迫
上禮拜,上星期
上禮拜日,前個星期天
上站仔,以前的
上篇上論个,上篇上論的
上粉,成熟
上粉上粉,成熟
上聯哪,上聯哪裡
上背,上方
上背,上面
上落下,往上掉下
上身,上半身
上輩人,老一輩的人
上鄰下舍,鄰居
上門个買賣好做,上門的買賣好做
上隻月,上個月
上面,恃寵而驕
上面,賴皮
上願,上癮
下,下方
下,往下
下,次
下下來,卸下來
下下來,脫下來
下下間,下下一間
下世,下輩子
下二擺,下一次
下二擺,下回
下二擺,下次
下二站,下一站
下向,下方向
下回,下次
下坪,下方坪
下坪莊頭,下坪庄頭
下坵,下面那塊
下坵吊,下方坵吊
下坵田,下畝田
下坵黃,下方坵黃
下埔莊頭,下埔庄頭
下夜,下半夜
下家,下一家
下崎,下坡
下帽仔,脫帽子
下後,之後
下後,以後
下後,往後
下後,後來
下後,稍後
下後正問,之後再問
下愚毋移,下愚不移
下把,偶爾
下把仔,偶爾
下把仔,有時
下擺,下次
下擺仔,下次
下新莊,下新庄
下晝,下午
下晝,午後
下晝仔,下午
下晝仔,下午時分
下晝兩點,下午兩點
下晝去改菜園,下午去菜園鬆土
下晝頭,下午
下晝頭,下午時分
下月初仔,下月初
下棚,散場
下次个,下次的
下次擺,下次
下次日,下次
下死个,下死的
下毋下,下不去
下毋下來,下不來
下毋了臺,下不了臺
下毋來臺,下不來臺
下毋為例,下不為例
下當晝,下方正午
下禮拜,下星期
下禮拜一補考,下方星期一補考
下禮拜一請假,下方星期一請假
下禮拜愛開會,下禮拜要開會
下禮拜放尞,下方星期放假
下禮拜放尞,下禮拜放假
下細茶,下小茶
下翼膜質,下翅膜質
下背,下方
下背,下面
下膈,胃部
下臺,下野
下落,責任感
下落上,責任感往上
下落來,下來
下課尞十分鐘,下課休息十分鐘
下貨,卸貨
下跍式起走,蹲踞式起跑
下身,下半身
下輪,下次
下轎時,下方轎時
下隻月,下個月
下面,下方臉
下項,下面
下𪘒,下巴
下𪘒,下頷
下𪘒,下顎
下𪘒,口腔的下部
不人,數落人
不但,不只
不得已,無可奈何
不慌不忙,從容不迫
不時,經常
不服,不服氣
不法,違法
不當,不適當
不知,不知道
不管,不論
不肯,不願意
不褡不膝,不三不四
不見奇,不見得奇特
不見奇,不見得高明
不論,無論
不足為奇,習以為常
且姆,親家母
且講,且說
且郎,伴郎
且郎,男儐相
世上無難事，正怕有心人,世上無難事，只怕有心人
世事,各種事情
世代,好幾代
世大人,長輩
世海厥人,世海他人
世間,人間
世間人,世人
世間人,全世界的人
丟下瓦磚兒，一个个要著地,丟下瓦磚兒，一個個要著地
丟丟滴滴,來來回回
丟丟滴滴,來回奔忙
丟丟滴滴,輕鬆愉快
丟啊去,丟過去
丟忒,丟掉
丟毋掉,丟不掉
丟竹,極快
丟籬橫壁,困苦
丟籬橫壁,雜亂
丟苦,極苦
丟苦,非常苦
丟著,丟到
丟酸,極酸
丟鑼䌈鼓,工作結束
並並絆絆,糾纏不清
並垂毋朽,並垂不朽
並存毋悖,並存不悖
並毋係,並不是
並無毋當,並無不當
並等,加起來
並等,總和
並行毋悖,並行不悖
个,的
个事情,的事情
个人,的人
个係,的是
个八仙,的八仙
个到繃緪,拉得很緊
个妹仔,的女兒
个手个腳,縮手縮腳
个村莊,的村莊
个樣,的樣
个消息,的消息
个石頭,的石頭
个結果,的結果
个縣議員,的縣議員
个認識,的認識
个頭路,的工作
中人,中間人
中人,仲介
中人錢,佣金
中午,當晝
中垂線,中垂腺
中度風搓,中度颱風
中意,合意
中意,喜好
中意,喜歡
中毋溜兒,中不溜兒
中氣毋足,中氣不足
中洋峎,中洋脊
中港溪底背,中港溪裡
中港溪底背,中港溪裡面
中港溪底背項,中港溪裡面
中港溪肚項,中港溪裡
中港溪肚項,中港溪裡面
中港溪肚項,中港溪裡頭
中澇翼仔,筒鳥
中白鶴仔,中白鷺
中看毋中食,中看不中吃
中秋,中秋節
中立毋倚,中立不倚
中篇細說,中篇小說
中細企業,中小企業
中細義,中小義
中著,中穿
中酒毒,酗酒
中醫生,中醫師
中鉤啜鳥,中杓鷸
中間坑莊頭,中間坑庄頭
中音笛仔,中嗩
中風,腦溢血
中食,中吃
丰標毋凡,丰標不凡
串空,穿洞
串線,穿線
丹墀坪,門前廣場
丹誠毋泯,丹誠不泯
主人講,主人說
主人間,主臥室
主固,穩固
主意,意見
主意,決斷
主意,點子
主招,主揪
主知講,主知說
主語,主詞
主題探討,主題探索
久久下來,久而久之
久假毋歸,久假不歸
久旱毋雨,久旱不雨
久長,長久
么二三个,么二三的
么麼細丑,么麼小丑
乍乍到,接二連三到來
乍猛个,乍猛的
乒乓,乒乓球
乒乓,桌球
乒乓,薜荔
乒乓仔,薜荔
乒拋子,木蓮
乖乖个,乖乖的
乖乖兒个,乖乖兒的
乖張,順從端莊
乖莊,溫順端莊
乖莊,順從
乘,乘法
乘人毋備,乘人不備
乘其毋備,乘其不備
乜,也
乜係,也是
乜做得,也可以
乜做得,也是可以
乜好,也好
乜忒,也忒
乜愛,也要
乜會,也會
乜會驚,也會怕
乜有,也有
乜無,也沒有
乜當,也很
九二一地動,九二一地震
九吊六个,九吊六的
九層粄,九層糕
九層粄,九重吹
九死毋悔,九死不悔
九湖莊頭,九湖庄頭
九牛拉毋轉,九牛拉不轉
九芎仔,九芎
九芎仔,九芎樹
九芎兒,九芎
九芎樹肚,九芎樹裡
九讚樹,青剛櫟
九里光,珍珠蒿
九隻,九個
九頭牛也拽毋出去,九頭牛也拽不出去
乞丐仔,乞丐
乞兒乘細車,乞兒乘小車
乞食,乞丐
乞食,討飯
乞食仔,乞丐
乞食仔也有三年好運,乞丐也有三年好運
乞食仔逐香公,乞丐趕廟公
乞食仔逐香公,喧賓奪主
乞食仔逐香公,恩將仇報
乞食碗,積雪草
乞食羅漢,流浪漢
乞食身，皇帝嘴,乞丐命皇帝嘴
乞食頭路,不好的職業
乞食骨,乞吃骨
也係,也是
也係,還是
也就係,也正是
也毋盡然,也不盡然
也毋見得,也不見得
乳,奶
乳仔草,細葉金午時花
乳哀,奶媽
乳姑排,乳姑排列
乳水足,奶水充足
乳牙,乳齒
乳珠,鈕頭
乳臊,乳臭
乳臭細子,乳臭小子
乳茶,奶茶
乳菇,乳房
乳菇牌,乳房牌
乾乾兒个,乾乾兒的
乾打雷，毋下雨,乾打雷，不下雨
乾敲梆子毋賣油,乾敲梆子不賣油
乾草堆項,乾草堆上
乾草堆項,乾草堆裡
亂,沒秩序
亂,隨便
亂交,濫交
亂撞亂羼,慌忙亂衝
亂極就平,亂極則平
亂用,濫用
亂用,過度使用
亂紛紛,亂糟糟
亂講話,隨便說話
亂鬨毋過來,亂鬨不過來
了了,滿滿都是
了了俐俐,乾淨俐落
了了漦漦,偷工減料
了了漦漦,十分簡陋
了了漦漦,簡陋
了了漦漦,談論禁忌
了嗬,了啊
了嗬,了喔
了大空,賠很多
了大空,賠慘了
了少,粗鄙
了少,粗野
了少,輕浮
了少,輕薄
了少,開黃腔
了少話,渾話
了少話,諢話
了少話,髒話
了尾子,敗家子
了後,以後
了忒,虧光
了忒,虧本
了撇,虧本
了歇,虧光
了毋得,了不得
了毋成,了不成
了毋起,了不起
了淨淨,敗光光
了然毋惑,了然不惑
了當毋得,了當不得
了解,懂
了解,懂得
了解,打聽
了解,探問
了解,明白
了解,是的
了解著,了解到
了錢,虧損
了錢,虧本
了錢,虧錢
了錢,賠本
了錢貨,賠錢貨
予細子,予小子
事,工作
事事,每一件事
事件,重大事情
事出毋意,事出不意
事出毋測,事出不測
事同人,事和人
事毋三思，終有後悔,事不三思，終有後悔
事毋宜遲,事不宜遲
事毋有餘,事不有餘
事毋關己，高高掛起,事不關己，高高掛起
事毋關心，關心者亂,事不關心，關心者亂
事無三毋成,事無三不成
事無毋可對人言,事無不可對人言
事緩就圓,事緩則圓
事頭,工作
二个,二的
二十外,二十多
二十零,二十多
二十餘,二十多
二姊嫂,二妯娌
二婚親,第二次婚事
二弦,二胡
二月仔,二月
二毋愣,二不愣
二毋稜登,二不稜登
二絃,高音椰胡
二話毋講,二話不說
二貨仔,二哥
二重奏,二部合奏
二門毋出,二門不出
二隻,二個
二韃子食螺螄,二韃子吃螺螄
亍,閒晃
亍上亍下,閒晃
亍著,閒晃穿
亍街,逛街
于係,于是
互毋侵犯,互不侵犯
互毋侵犯條約,互不侵犯條約
互毋相讓,互不相讓
互相,相互
互補色,對比色
五分車頭,五分車站
五十外,五十多
五十零,五十多
五峰國細陶笛隊,五峰國小陶笛隊
五月節,端午節
五朝,第五天
五次遷徙講,五次遷徙說
五毋五，六毋六,五不五，六不六
五湖莊頭,五湖庄頭
五爪金英,小向日葵
五爪龍,小向日葵
五爪龍,虎葛
五百年前係一家,五百年前是一家
五穀岡莊頭,五穀岡庄頭
五穀毋分,五穀不分
五穀毋升,五穀不升
五穀爺生,五穀爺生日
五細工業,五小工業
五色,多色
五金行,五金
五隻,五個
五音毋全,五音不全
五鶴山聯莊,五鶴山聯庄
五點鐘,五小時
五點鐘,五點
井唇,井邊
井水毋犯河水,井水不犯河水
井渫毋食,井渫不食
井肚,井裡
井肚,井裡面
井肚个蛤蟆,井底之蛙
井肚項,井裡面
井肚項,井裡頭
井脣,井旁邊
井脣,井邊
井脣方,井旁
井脣方,井旁邊
井脣方,井邊
井頭,井邊
井頭項,井的前方
井頭項,井邊
些个,些個
些細,些小
交,繳交
交卡著,相衝突
交工,換工
交干,繳交干
交手掞腳,抱胸
交換律,交換率
交易毋成仁義在,交易不成仁義在
交春,立春
交替著,交替著穿
交朋友,結交朋友
交朋結友,結交朋友
交椅,扶手椅
交秋,立秋
交臊,性關係
交通當亂,交通很亂
交運,走運
交運,送運
交關,交易
交關,消費
交關,買賣
交關主顧,客戶
交陪,交往
交響樂,交響曲
交風,風乾
亦好,也好
亦無,也沒
享得著,享受得到
享毋著,享受不到
亮線,亮麗
亮線,整齊亮麗
亮線,漂亮
亮頭,衣裝整潔
亹亹毋倦,亹亹不倦
亹亹毋卷,亹亹不卷
人,人們
人个名兒，樹个影兒,人的名兒，樹的影兒
人事毋省,人事不省
人事毋知,人事不知
人係地行仙,人是地行仙
人係苦蟲，毋打毋招,人是苦蟲，不打不招
人係衣妝，佛係金妝,人是衣妝，佛是金妝
人係衣裳，馬係鞍,人是衣裳，馬是鞍
人係鐵，飯係鋼,人是鐵，飯是鋼
人公仔,人俑
人公仔,人偶
人公仔,公仔
人公仔,娃娃
人公仔,戲偶
人公仔,洋娃娃
人公仔戲,傀儡戲
人公仔戲館,偶戲館
人公仔手,戲偶手
人公仔腳,戲偶腳
人公仔衫,戲偶衣服
人力船,人力舟
人勤地毋懶,人勤地不懶
人參果,人心果
人口遷徙,人口移居
人在屋簷下毋得毋低頭,人在屋簷下不得不低頭
人在江湖，身毋由己,人在江湖，身不由己
人客,客人
人客,顧客
人客伴,陪客
人客致接,人際交往
人客間,客房
人尖人,人擠人
人工智慧,人工智能
人帶面目樹帶皮,人要面子樹帶有樹皮
人心係肉做个,人心是肉做的
人心毋同如其面,人心不同如其面
人心毋同，各如其面,人心不同，各如其面
人心毋足蛇吞象,人心不足蛇吞象
人心隔肚皮,人心難測
人心難測水難量,知人知面不知心
人情事務,交際應酬
人敬有錢人，狗敬屙屎人,喜歡巴結、逢迎有錢人的勢利眼
人暈氣散,暈厥
人會算，天會斷,人算不如天算
人本講,人本說
人條仔,少男
人棄𠊎取,人棄我取
人正毋怕影子斜,人正不怕影子斜
人死債爛,人死債消
人毋像人，鬼毋像鬼,人不像人，鬼不像鬼
人毋可貌相，海水毋可斗量,人不可貌相，海水不可斗量
人毋得外財毋富,人不得外財不富
人毋知，鬼毋覺,人不知，鬼不覺
人毋自安,人不自安
人為刀俎，𠊎為魚肉,人為刀俎，我為魚肉
人無剛骨，安身毋牢,人無剛骨，安身不牢
人無橫財毋富,人無橫財不富
人熊,會站立的熊
人生何處毋相逢,人生何處不相逢
人生毋滿百，常懷千歲憂,人生不滿百，常懷千歲憂
人生路毋熟,人生路不熟
人生面毋熟,人生面不熟
人窮志毋窮,人窮志不窮
人細鬼大,人小鬼大
人老,人死亡
人老,人逝世
人老,人過世
人而無信，毋知其可,人而無信，不知其可
人肚項,人裡面
人肚項,人裡頭
人行,人走
人謀毋臧,人謀不臧
人講,所謂
人貧志短,人窮志短
人造天弓,人造彩虹
人靚不如命靚,貌美不如命好
人靚毋當命靚,人美不如命好
人靚毋當命靚,人長得漂亮不如命好
人面,交情
人面,人的臉面
人面,臉面
人面花,三色堇
人面蝲䗁,人面蜘蛛
人𠊎是非,人我是非
亼亼,揉揉
亼亼仔,揉一揉
亼泥,揉土
亼鹹菜,搓揉鹹菜
什毋閑,什不閑
仁仔,種子
仃仃,發育不良
仃起來,勃起
仆落去,仆倒
仆落去,跌倒在地
今下,現在
今兒个,今兒個
今晡日,今天
今晡日,今日
今晡日下晝,今天下午
今晡日天時,今天天氣
今晡日放尞，毋使去學校,今天放假，不必上學
今晡日當寒，愛著加兜衫,今天很冷，要多穿一點衣服
今晡朝晨,今天早晨
今晡朝晨,今早
今晡還熱哦,今天好熱啊
今晡頭,今申時棵
今暗晡,今夜
今毋如昔,今不如昔
今這下,現在的
介竹,桂竹
介竹仔,桂竹
仍係,仍是
付忒,付掉
付淨淨,付光光
付諸毋理,付諸不理
仙丹花,大王仙丹
仙仙,漫不經心
代為講項,代為說項
代身仔,替死鬼
代身仔,替身
令人毋齒,令人不齒
令仔,謎語
令仔,謎題
以,用
以前,之前
以後身,以後套
以早,以前
以早,從前
以細人之心，度君子之腹,以小人之心，度君子之腹
仰,如何
仰,如此
仰,怎
仰,怎麼
仰仔,怎樣
仰做得,怎麼可以
仰吔,怎樣
仰好,怎好
仰得時,何時
仰得時,為時尚早
仰恁,怎這麼
仰恁,怎麼這麼
仰恁仔,怎麼這樣
仰恁樣,怎麼這樣
仰恁靚,怎麼如此漂亮
仰恁靚,怎麼這麼漂亮
仰會,怎麼會
仰會呢,怎麼會呢
仰會知,怎麼會知道
仰毋愧天,仰不愧天
仰泅,仰泳
仰結煞,如何是好
仰結煞,怎麼辦
仰脣,怎樣
仰般,如何
仰般,怎樣
仰般,怎麼
仰般,怎麼樣
仰般仔,怎樣
仰般來,怎麼來
仰般寫,怎樣寫
仰般寫,怎麼寫
仰般形,什麼樣子
仰般形,怎樣
仰般講,怎麼說
仰般講,怎麼講
仰般講呢,怎麼說呢
仰還吂寫功課,仰尚未寫功課
任,任期
任何,無論什麼
任在你,任由你去做
企,站
企下來,站下來
企企仔,站一站
企到,站到
企到,站在
企到壁竳,站得筆直
企在厥右片,企在他的右邊
企在阿爸邊脣,企在爸爸邊旁邊
企坐毋核,坐立難安
企式鋼琴,直立式鋼琴
企核,站著
企楯,豎立柱子
企死,植物枯死
企毋起來,站不起來
企泅,踩水前進
企穩,站穩
企第一,居第一
企等,站著
企等莫緊停動,站著不要一直動
企衛兵,站衛兵
企起來,站起來
企起來,起立
企雞企鴨,立雞立鴨
伏,趴
伏下,趴下
伏低做細,伏低做小
伏毋係,伏不是
伏等,趴著
伏落,趴下
伏落去,趴下去
伏著,趴到
伐地,砍除雜草
伐忒,劈掉
伐忒,斬掉
伐忒,砍掉
伐忒,除掉
伐草,割草
伐草,斬除雜草
伐草,砍除草木
伐著,劈到
伐著,斬到
伐著,砍到
伐著,除到
伐鐮,劈刀
休學,輟學
休閒衫,休閒服
休養,休息調養
伙房,聚落
伙房屋,三合院
伙房屋,伙房
伙房屋,伙房式建築
伙房屋,四合院
伙房項,伙房裡
伙礱,碾米廠
伙頭軍,伙夫
伙頭軍,炊事兵
伯公,伯祖父
伯公,土地公
伯公,福德正神
伯公下,土地公廟
伯公太,伯曾祖父
伯公廟,土地公廟
伯公廟,福德祠
伯公廟項,土地公廟裡
伯公方,土地公廟旁
伯公柺,野菰
伯公樹,土地公樹
伯公火,燐火
伯公生,土地公生日
伯公生鬚,老神在在
伯公祠,土地公廟
伯公窿,伯祖父窿
伯公背,土地公廟後
伯公跌落崁,贊成
伯公龍,伯祖父龍
伯勞仔,伯勞鳥
伯勞嫲,伯勞
伯姆,伯母
伯婆,伯祖母
伯婆,土地婆
估計,估測
伴,夥伴
伴,夥伴們
伶伶俐俐,乾乾淨淨
伶俐,乾淨
伶俐,反應敏捷
伶俐,手腳俐落
伶俐,聰明機靈
伸,伸展
伸,剩
伸,剩餘
伸一息,剩一點點
伸一息,剩下一點
伸个,剩的
伸懶筋,伸懶腰
伸手,干預
伸手,插手
伸手,討要
伸手毋打笑面人,伸手不打笑面人
伸手毋見五指,伸手不見五指
伸無多,剩不多
伸著,剩下
伸著,賸下
伸著,餘下
伸錢,剩錢
似个,似的
佃寮莊頭,佃寮庄頭
但係,但是
但得一片橘皮食，且莫忘了洞庭湖,但得一片橘皮吃，且莫忘了洞庭湖
但知其一，毋知其二,但知其一，不知其二
佇毋著,受不了
佇毋著,無法承受
位,地方
位,處
位仔,位子
位所,位置
位所,地方
位所,地點
低徊毋已,低徊不已
低湖,低窪之地
低言細語,低聲細語
低言細語,輕聲細語
低迷毋振,低迷不振
低頭毋語,低頭不語
住家,居家
佔位仔,占據座位
佔先行,搶先
何所毋為,何所不為
何樂毋為,何樂不為
何毋,何不
何消講,何消說
何麼死苦,何苦來哉
余清芳事件,噍吧哖事件
余清芳事件,西來庵事件
佛係金裝，人係衣裝,佛是金裝，人是衣裝
佛果,釋迦
佛洛伊德學講,佛洛伊德學說
佛祖,釋迦牟尼
佛祖生,佛誕
佛講毋可講,佛說不可說
作䃗,築堤
作壩,築壩
作如係觀,作如是觀
作毋得主,作不得主
作渴,感到口渴
作燒,發燒
作燒作熱,發燒發熱
作當,抵押
作穡,耕作
作肉,長肉
作魚塘,築魚塘
你三𠊎四,你三我四
你丟𠊎撿,你丟我撿
你今晡日著到恁派頭，愛去食酒係無,你今天穿得好漂亮，要去喝喜酒是嗎
你仰會,你怎會
你仰會,你怎麼會
你來𠊎往,你來我往
你做你食毋怕,你做你吃不要緊
你做你𠊎做𠊎,你是你我是我
你儂𠊎儂,你儂我儂
你兜,你們
你兜人,你們
你兜儕,你們
你兜愛,你們要
你哪久愛出發,你何時要出發
你哪位毋鬆爽,你哪裡不舒服
你在哪位,你在哪裡
你天光愛來無,你明天要來嗎
你家个,你家的
你幾多點愛來,你多少點要來
你愛,你要
你愛去哪位,你要去哪裡
你愛接受事實,你要接受事實
你愛接受事實,你要接受工作實
你愛食麼个,你要吃什麼
你愛𠊎,你愛我
你慢到吔,你遲到了
你戴在第幾鄰,你住在第幾鄰
你推𠊎擠,你推我擠
你推𠊎讓,你推我讓
你敢會,你會不會
你敢有還佢錢,你有還他錢嗎
你曉得吂,你懂嗎
你會肚飢無,你餓嗎
你有千條妙計，𠊎有一定之規,你有千條妙計，我有一定之規
你東𠊎西,你東我西
你歇在哪位,你住在哪裡
你歇在哪位,你歇在哪裡
你歇在第幾鄰,你住在第幾鄰
你死𠊎活,你死我活
你爭𠊎奪,你爭我奪
你睡厥脣項,你睡他的旁邊
你知𠊎見,你知我見
你等,你們
你自家,你自己
你莫管佢恁多,你莫管他這麼多
你討去哪位,你要去哪裡
你誇𠊎逞,你誇我逞
你謙𠊎讓,你謙我讓
你講个著,你講的對
你識佢無,你認識他嗎
你這兜,你們
你這兜,這些
你這麼个意思,你這什麼意思
你還慶,你好棒
你還慶喔,你好棒啊
你長𠊎短,你長我短
你韶日討來無,你明天要來嗎
你韶早愛來無,你明天要來嗎
你頭下去哪位,你剛才去哪裡
你頭先去哪位,你剛才去哪裡
你食朝吂,你吃早餐了沒
你𠊎,你我
佢,他
佢个,他的
佢係學統計个,他是學習統計的
佢做,他做
佢做事當煞手,他做工作很煞手
佢兜,他倆
佢兜,他們
佢兜,他們倆
佢兜人,他們
佢兜儕,他們
佢兜愛,他們要
佢分馬蹄踢著,他給馬蹄踢到
佢又瀉去哪,他又瀉去哪
佢姓麼个,他姓什麼
佢嫁分姓張个,他嫁被姓盛裝的
佢存心愛嚇人,他存心要嚇人
佢寫字當靚,他寫字很漂亮
佢寫字真靚,他寫字很漂亮
佢對人當熱誠,他對人很熱忱
佢就,他就
佢已會社交,他善於社交
佢幾輒來,他幾常來
佢愛,他要
佢愛照顧厥姆,他要照顧他的姆
佢打死,他打死
佢會泅水,他會游泳
佢異會社交,他善於社交
佢當會寫大字,他很會寫毛筆字
佢發譴,他發怒
佢發譴吔,他生氣了
佢盡會作怪,他最會耍花樣
佢真會寫書法,他很會寫毛筆字
佢等,他們
佢背尾,其背尾
佢自家,他自己
佢講,他說
佢講,他講
佢贏咧你輸哩,他贏咧你輸哩
佢蹛七樓,他住七樓
佢這兜,他們
佢這兜,他們這些
佯佯毋睬,佯佯不睬
佳兵毋祥,佳兵不祥
佼佼毋群,佼佼不群
使上使下,呼來喚去
使上使下,呼來喝去
使上使下,差遣人去做事
使人,使喚他人
使人,差遣人
使人打探消息,派人打聽消息
使力臂,施力臂
使力點,施力點
使功毋如使過,使功不如使過
使卒仔,指使人
使口不如自走,動嘴不如自己行動
使女,女僕
使女仔,下女
使婢,女僕
使婢仔,女僕
使婢仔,婢女
使得,可以使
使得,可能使
使得,能
使得,能使
使忒,用完
使忒,用掉
使性,放縱
使恁娘,使這麼女子
使恁娘你也好,使這麼女子你也愛
使戇錢,亂花錢
使梟,使詐
使梟,耍詐
使毋得,使不得
使毋得,使用不得
使毋得,花不得
使狗相咬,從旁煽動
使用人,僕人
使用大鋸子,拉大鋸
使著,使得
使錢,用錢
使錢,花錢
來,而
來个,來的
來之毋易,來之不易
來到,來臨
來到,到來
來去,去
來去割,來回兩次損失
來去點心店食點心,到小吃店去吃點心
來回个話,來回的話
來坐,來請坐
來尞,來玩
來屋下坐,來家裡坐
來得去毋得,來得去不得
來撿,來取
來撿,來收
來歷,出處
來歷,背景
來歷毋明,來歷不明
來毋掣,來不及
來毋掣,趕不上
來洗,月經
來源,根由
來由,原因
來看,觀之
來者係客,來者是客
來者毋善,來者不善
來者毋善，善者毋來,來者不善，善者不來
來者毋懼，懼者毋來,來者不懼，懼者不來
來者毋拒,來者不拒
來而毋往非禮也,來而不往非禮也
來講,而言
來講是非者，便係是非人,來說是非者，便是是非人
來走哦,走吧
來頭毋細,來頭不小
來食茶,來喝茶
例仔,例子
供毋上,供不上
供毋應求,供不應求
供求相應,供需平衡
供求相應,供需相符
供豬,餵豬
依依毋捨,依依不捨
依賴人口,被扶養人口
侷促毋安,侷促不安
侷著,嗆著
便便,準備完善
便便,現成的
便係呢,便是呢
便媒人,現成的媒人
便宜值食,物美價廉
便宜毋過當家,便宜不過當家
便宜無好貨,便宜沒好貨
便所,廁所
便毋,便不
便毋然,便不然
便益毋失當家,便益不失當家
便菜飯仔,家常菜飯
便食,速食
便食,餛飩
係,是
係仰般,是怎樣
係可忍，孰毋可忍,是可忍，孰不可忍
係味兒,是味兒
係唔係,是否
係啊,是啊
係嘎,是嗎
係就,是則
係恁呢嘎,是這樣嗎
係恁樣,是這樣
係愛煞猛做事,而要勤於勞力
係有,可是有
係樣兒,是樣兒
係毋係,是不是
係毋係,是否
係無,不然
係無,否則
係無,嗎
係無,是嗎
係父係子,是父是子
係當然,是應當如此
係福毋係禍，係禍躲毋過,是福不是禍，是禍躲不過
係細倈仔,是男生
係罐子也有兩个耳朵,是罐子也有兩個耳朵
係衫褲,是衣褲
係講,假使
係講,如果
係講,如果說
係講,是說
係講,要是
係講,話說
係長係短,是長是短
係麼个,是什麼
俗,風俗習慣
俗拔拔仔,很俗氣
俗話,俗語
保全,保存
保家个,保家的
保庇,保佑
保毋住,保不住
保毋嚴,保不嚴
保毋定,保不定
保毋齊,保不齊
保養,保健
信仃仃,深信不疑
信仔,信件
信仔,書信
信付,信任
信口胡講,信口胡說
信嘴胡講,信嘴胡說
信士,誠實的人
信守毋渝,信守不渝
信心同行動,信心和行動
信拜,崇拜
信皮,信封
信絡仔,信封
信肚,信裡
信袋仔,信封
信袋仔,信封袋
信頂,信上
修手指甲,修指甲
修整,修建
修直,筆直
修著,修到
修面,刮臉
俯拾即係,俯拾即是
俯拾皆係,俯拾皆是
俸祿,薪資
俺家个,俺家的
倈仔,兒子
倈子,兒子
倉庫,倉儲
倉庫肚,倉庫裡
倉庫項,倉庫裡
個半月,一個半月
個空,個孔
個空,個洞
個過月,一個多月
個銀,元
個零月,一個多月
倏倏滾,倏倏叫
倏倏滾,狀聲詞
倒,傾倒
倒倒落,倒倒進
倒去倒轉,來來回回
倒去倒轉,反覆
倒去倒轉,轉來轉去
倒反,相反
倒反,顛倒
倒合齒,戽斗
倒問,反問
倒店,倒閉
倒店,停業
倒店,破產
倒忒,倒完
倒忒,倒掉
倒忒,倒閉
倒找,倒貼
倒撇,倒完
倒撇,倒掉
倒樹仔,砍伐樹木
倒樹仔,砍樹
倒樹業,伐木業
倒毋係,倒不是
倒毋如,倒不如
倒毋開,倒不開
倒水个,倒水的
倒汁,倒餿水
倒汗,凝成水滴
倒汗水,水蒸氣
倒淨淨,砍光光
倒漀,顛倒過來
倒胲,沿邊流下
倒腦,呆呆笨笨
倒腦,脾臟
倒草,反芻
倒落,倒下
倒落,倒入
倒落,跌倒
倒落,跌進
倒落去,倒回去
倒落去,倒進去
倒著,倒到
倒蝕,不增反減
倒襛水,迴旋水流
倒襛窟,迴旋水潭
倒襛角,迴旋角隅
倒豆油,倒醬油
倒貶,倒反
倒貶,翻轉
倒貶,裡外倒反
倒轉,反而
倒轉來,回來
倒轉來,回到原處
倒轉去,倒轉
倒轉去,回去
倒轉去,往回走
倒退,後退
倒酒,斟酒
倒酒,買酒
倒釘蟲,孑孓
倒頭个,倒頭的
倒頭種,倒立
倒食甘蔗,倒吃甘蔗
候鳥仔,候鳥
倚兒毋當,倚兒不當
倚恃,仰賴
倚恃,信賴
倚恃,倚靠
倚恃得,靠得住
倚恃毋得,不可靠
倚恃毋得,不能信賴
倚恃毋得,不能倚靠
倚恃毋得,無法讓人信賴
倚恃毋得,靠不住
倜儻毋羈,倜儻不羈
倜儻毋群,倜儻不群
借,借閱
借去,借過去
借問,請問一下
借歇,借住
借歇,借宿
借歇仔,借宿仔
借神絡食,神棍
借米下得鍋，討米下毋得鍋,借米下得鍋，討米下不得鍋
借細喻大,借小喻大
借著,借到
借著,借穿
值,值得
值夜,值晚班
值得過,值得
值班,值勤
值錢,有價值
假使,假如
假使,如果
假使有一日,一旦
假刺波仔,臺灣蛇莓
假好好,假愛愛
假意仔,非真意
假手厥人,假手他人
假斯文,假正經
假會,自作聰明
假木棉樹,吉貝木棉
假煙仔,山煙草
假牛眼,無患子
假知,自以為瞭解
假細義,假客氣
假芋仔,姑婆芋
假芫絲仔,茵陳蒿
假苦瓜,倒地鈴
假豬菜,槭葉牽牛
假貨,仿冒品
假錢,偽鈔
假錢七,洋落葵
假飯甑波,臺灣蛇莓
假鳳凰,金鳳花
假黃麻,山黃麻
偎兼,逼近
偎兼,靠近
偎凴,依靠
偎凴,倚靠
偎山處,靠山處
偎近,靠近
偎過來,靠過來
偎過去,靠過去
偎靠,依靠
偏偏毋聽,故意不聽
偏名,小名
偏名,綽號
偏毋个,偏不的
偏狹細器,偏狹小器
偏背罵皇帝,背後批評
偏著,扭傷
做,做成
做,儘管
做,從事
做,當
做,製作
做七,死後7日祭
做下,一切
做下,全部
做下得,全部
做个,做的
做中元,中元普渡
做乞食,當乞丐
做事,工作
做事个,做事的
做事愛有技巧,做工作要有技巧
做事當伶俐,做工作很伶俐
做事衫,工作服
做人客,作客
做人客,做客
做人愛有天良,做人要有良心
做仔得,可以
做伴,陪伴
做假,偽造
做做仔,做一做
做兜,做些
做兜,做點
做公个,做公的
做兵,服兵役
做兵,當兵
做兵仔,服兵役
做出,作出
做出頭,做出棵
做到,做得
做到半離半棧,做到一半
做到很好,做得很好
做善事家,當慈善家
做圓七,死後49日祭
做夜米,地下交易
做大水,鬧水災
做大賣,做批發
做天旱,鬧旱災
做好事,辦喜事
做好去,做好來
做好心,做心地善良
做好樣,以身作則
做妹儕,做妹人數
做媒人打出本,出錢又出力
做嬌,撒嬌
做官人,做官的人
做家,勤儉持家
做家務,做家事
做寒,寒流來襲
做對歲,抓週
做對歲,週歲慶生
做得,不錯
做得,可
做得,可以
做得,能
做得,能做
做得,能夠
做得來,可以來
做得係,可以是
做得到,可以到
做得得,可以
做得得著,可以得到
做得摎你𢯭手,可以幫你
做得為,可以為
做得為你,可以為你
做得無,可以嗎
做得等下仔無,能等一下沒有
做得著,做得到
做得講,可以說
做得賒數無,可以賒帳嗎
做得賒數無,能賒帳沒有
做得過,可以過
做忒,做完
做悿,做累
做惡,作惡
做愛賣,做要賣
做成人,做成材
做戲,演戲
做戲个,戲劇演員
做戲个已慶,做戲的已厲害
做手,舞弊
做手腳,動手腳
做撇,做完
做月,坐月子
做朋友,當朋友
做核,做完
做歪事,辦喪事
做毋係,做不是
做毋去,做不來
做毋得,不可以
做毋得,不能
做毋得,不行
做毋得缺少,不可或缺
做毋會,做不會
做毋著,做不到
做毋著,做錯
做泥水,當泥水匠
做無出處,做不出什麼名堂
做無得,做沒得
做煞,做完
做牙,打牙祭日
做球,舉球
做生日,慶生
做生日个,慶生的
做生理,做生意
做生理,經商
做百日,死後百日祭
做的个,做的個
做盡,全部
做竇,築巢
做粄,做糕點
做粢愛用糯米,做粢粑要用糯米
做糕師父,做餅師父
做紙,造紙
做細,做小
做細人時,小時候
做細伏低,做小伏低
做船,造船
做落來,做下來
做落去,做下去
做著,做到
做衫,做衣服
做衫褲,縫製衣服
做裁判,當裁判
做話仔,杜撰言詞
做起工,開工宴
做過,所做
做長年,做長工
做長年,當長工
做頭家,當老闆
做頭路,做工作
做頭路,從事職業
做頭路,經營事業
做風水,做墳墓
做飢荒,鬧饑荒
做餅个,做餅的
做餔娘,為人妻
做饑荒,鬧饑荒
做鬧熱,辦大型活動
做鬼,扮鬼
做麼个,做什麼
做麼个,幹嘛
做麼个,幹麻
做麼个,為什麼
做麼个,為何
做麼个,為甚麼
做麼个好事,做甚麼好事
做齋,作喪事
做齋,作法事
做齋仔,作喪事
做齋仔,作法事
做齋仔,做功德
做齋仔,做法事
做𠊎毋著,做我不著
停,停止
停偎區,停靠區
停偎站,停靠站
停偎點,停靠點
停動,動
停動,搖動
停忒,停止
停業,歇業
停滯毋前,停滯不前
停留,逗留
停腳,沉澱
停落來,停下來
停跎,停止
停跎,逗留
停鉈,延遲
健保,健康保險
健康,健躁
健康,康健有神
健行,健走
健躁,健康
健躁,康健有神
健躁,精神矍鑠
健躁,身體健康
側側,微側一邊
側側仔,傾斜向一側
側側仔,微側
側片,側面
側膁,側邊
偷个鑼兒敲毋得,偷的鑼兒敲不得
偷來个鑼鼓打毋得,偷來的鑼鼓打不得
偷偷㘝㘝,暗中夾藏
偷偷仔,偷偷地
偷偷仔,偷偷的
偷偷匿匿,偷偷摸摸
偷偷撂撂,偷偷摸摸
偷偷躡躡,偷偷摸摸
偷嘴个貓兒性毋改,偷嘴的貓兒性不改
偷暢,暗自高興
偷淨淨,偷光光
偷看,偷窺
偷著,偷到
偷著,偷穿
偷走,偷跑
偷走,盜走
偷走忒,偷走了
偷雞毋著蝕把米,偷雞不著蝕把米
偷食,偷吃
偷食毋知捽嘴,偷吃不知擦嘴
偷食貓兒性毋改,偷食貓兒性不改
傍,配
傍,配食
傍个影兒,傍個影兒
傍等,依附
傍菜,配菜
傍菜,配菜而食
傍襯,配襯
傍酒,配酒而食
傍飯,配飯
傍飯,配飯吃
傍飯,配飯而食
傍餐,配餐
備好,備妥
備而毋用,備而不用
傢啦伙,工具
傪樣,尚可
傳仔,傳記
傳仔,傳記故事
傳仔,章回小說
傳代,傳宗接代
傳嗣,傳香火
傳落去,傳下去
傳著,傳到
傳香火,傳宗接代
傴背睡目,兩面不討好
傷著,傷到
傷面,有失情面
傻乎乎,戇當
傾銀盆頭,鍋碗瓢盆
像,類似
像係,像是
像係,相似
像像,很像
像樣,正經
像貌,相貌
僧毋僧，俗毋俗,僧不僧，俗不俗
僭菜,菜餚豐盛
僱毋起,僱不起
價值,意義
價數,價格
價數,價錢
價數,售價
僻靜,偏僻幽靜
儆惜,愛惜
儆惜,節省
儕,人數
儕人,個人
儕儕,人人
儕儕,每一個人
儕講,人說
儘儘採採,隨隨便便
儘採,隨便
儘採,隨意
儘採講,胡說
優游毋迫,優游不迫
優雅个,優雅地
優點,長處
兀个,兀的
兀係,兀是
兀的毋,兀的不
允准,許可
兄弟仔,同胞兄弟
充足,充沛
充足,充裕
兆頭,預兆
兇呷呷仔,貪婪貌
兇呷呷仔,貪食猛吃
兇手,殺人犯
兇鬼,饞嘴的人
先下米，先食飯,先下米，先吃飯
先係,先是
先到,先到達
先去探看啊,先去探聽看看
先天毋足,先天不足
先天毋足，後天失調,先天不足，後天失調
先天講,先天說
先生,教師
先生,老師
先生,郎中
先生,醫生
先生娘,師母
先生娘,醫生太太
先生娘,醫生的妻子
先生生,老師
先細人，後君子,先小人，後君子
先行,先走
先行下,先走下方
先講,先說
先走儕,先跑人數
先走先贏,先跑先贏
先輩,前輩
先食,先吃
光,明亮
光中,明亮中
光光,亮亮的
光光,完盡
光光,明亮
光匱匱仔,一無所有
光度,亮度
光明,明亮
光星,亮星
光景,場面
光景,情景
光景,風景
光棍毋食眼前虧,光棍不吃眼前虧
光毋光，糙毋糙,光不光，糙不糙
光盪盪,明亮盪盪
光窗,天窗
光線毋罅,光線不夠
光華,光亮
光華華,光亮的
光華華,很明亮
光華華仔,很明亮
光語,歇後語
光講毋做,光說不做
光起來,明亮起來
光頭落杓,光著頭
光頭鷹,禿鷲
兌現,實現
免得,以免
免毋了,免不了
免致詏數,免得引發爭議
兒大毋由爺,兒大不由爺
兒毋嫌母醜，犬毋怨主貧,兒不嫌母醜，犬不怨主貧
兔仔,兔子
兔仔菜,兔兒菜
兔兒毋喫窠邊草,兔兒不喫窠邊草
兔子毋食窩邊草,兔子不吃窩邊草
党太尉食匾食,党太尉吃匾食
兜,些
兜,們
兜,捧
兜,端
兜上,端上
兜上來,端上來
兜上桌,端上桌
兜个,兜的
兜仔,一些
兜仔,一點
兜來食,端來吃
兜入,端進
兜出,端出
兜出來,端出來
兜卵,捧蛋
兜卵,端蛋
兜尿,抱小孩尿尿
兜屎,抱小孩大便
兜屎兜尿,把屎把尿
兜盤子,端盤子
兜等,端著
兜腳,抬腳
兜茶,端茶
兜菜,端菜
兜鵝,捧鵝
兜鵝,端鵝
入,進
入下,入下方
入來,進來
入來坐,進來坐
入來屋肚，請脫鞋,進入室內，請脫鞋
入去,進去
入屋,搬家
入山,進入山區
入年假,進入春節假期
入年駕,入年關
入文,入神
入文,專注
入新屋,搬新家
入水,水灌進來
入水,進水
入等,入著
入等,塞著
入耳,聽進去
入腹,內行
入腹,進入心中
入莊,進入村莊
入莊問俗,入境問俗
入莊隨俗,入境隨俗
入被,裝入棉被
入貨,進貨
入軟,很軟
入軟,非常柔軟
入軟丟韌,非常柔軟而堅韌
入院,住院
入骨,至極
內固帶,領帶
內地米,蓬來米
內地米,蓬萊米
內彎頭,內彎棵
內掌櫃个,內掌櫃的
內省毋疚,內省不疚
內科个,內科的
內肚,當中
內肚,裡面
內角合,內角和
內麻莊莊頭,內麻庄庄頭
全全,全然的
全全,完全的
全國毋分區代表,全國不分區代表
全屋下人,全家裡人
全心,盡心
全毋知,一無所知
全沙巴州華細唐詩問答比賽,全沙巴州華小唐詩問答比賽
全無,完全沒有
全無半樣,一無是處
全無半項,一無是處
全然毋同,全然不同
全身發仔,全身長瘡
全部,一切
全馬華細數學比賽,全馬華小數學比賽
兩,臺兩
兩三皮,兩三葉
兩下半,一下子
兩下半,不久
兩个肩膀扛張嘴,兩個肩膀扛張嘴
兩伙計,姦夫淫婦
兩位小數,二位小數
兩位數,二位數
兩位數減法,二位數減法
兩儕,兩人
兩儕,兩個人
兩兄弟,兄弟倆
兩公姊,兩夫妻
兩公姊,夫妻倆
兩公姐,兩夫妻
兩公姐,夫妻倆
兩公婆,兩夫妻
兩公婆,夫妻倆
兩公婆,夫婦
兩分法,二分法
兩分音符,二分音符
兩同年,同年兄弟倆
兩國相爭，毋斬來使,兩國相爭，不斬來使
兩姊妹,姊妹倆
兩姊嫂,妯娌倆
兩姐嫂,妯娌倆
兩子伯,伯姪倆
兩子叔,叔姪倆
兩子同年嫂,兩同年兄弟之妻
兩子哀,母女
兩子哀,母子
兩子哀,母子倆
兩子姑,姑姪倆
兩子姑,姑嫂倆
兩子姨丈,連襟
兩子嫂,兩妯娌
兩子家娘,婆婆與媳婦
兩子爺,父女
兩子爺,父子
兩子爺,父子倆
兩子舅,舅甥倆
兩子阿公,祖孫倆
兩子阿姨,姨甥倆
兩子阿婆,祖母孫子
兩子阿爸,父子倆
兩子阿舅,舅甥倆
兩對手,臺兩對手
兩對門,對門
兩對面,對面
兩對面,面對面
兩幅裙,兩片裙
兩手拍毋到一塊,兩手拍不到一塊
兩擺,二次
兩擺,兩次
兩日一夜,兩天一夜
兩日仔,約兩天
兩棧樓,兩層樓
兩棲類,兩生類
兩樣,兩種
兩毋找,兩不找
兩毋相下,兩不相下
兩毋相欠,兩不相欠
兩爿,兩片
兩片,兩邊
兩百五十,二百五十
兩百零,兩百多
兩箝籃,臺兩箝籃
兩老,兩位前輩
兩老,夫妻倆
兩老,父母親
兩耳仃仃,兩耳豎起
兩股一股,二分之一
兩萬空二,兩萬零二
兩萬空二十,兩萬零二十
兩葉松,二葉松
兩部合奏,二部合奏
兩長年,兩整年
兩隔壁,相鄰而居
兩隔壁,鄰居
兩隔壁,隔壁
兩隔壁,隔壁鄰居
兩隻,兩個
兩隻腳趕毋上一張嘴,兩隻腳趕不上一張嘴
兩雄毋俱立,兩雄不俱立
兩面毋係人,兩面不是人
兩頭,兩端
兩頭毋著,兩頭不著
兩頭毋見影,兩頭不見影
兩頭烏,早出晚歸
八九毋離十,八九不離十
八仙好,八仙愛
八仙過海,各顯神通
八位元个人電腦,八位元個人電腦
八十外,八十多
八十年毋下雨,八十年不下雨
八十零,八十多
八大八細,八大八小
八字吂有一撇,八字還沒一撇
八字腳,外八
八月半,中秋節
八棍子撂毋著,八棍子撂不著
八棒十三个罪過,八棒十三的罪過
八毋,八不
八竿子打毋著,八竿子打不著
八細時制,八小時制
八角,八角茴香
八隻,八個
八隻手,人很能幹
八風吹毋倒,八風吹不倒
八風吹毋動,八風吹不動
公丈,公丈-
公个,公的
公主娘,公主女子
公仔書,漫畫
公兩,公兩-
公勺,公勺-
公司,企業
公合,公合-
公堂面前,公堂前面
公太,曾祖父
公姐,夫妻
公婆,夫妻
公婆,配偶
公婆燈仔,夫妻
公嫲,雌雄
公子,令郎
公子細白,公子小白
公子阿舍,紈褲子弟
公孫,祖孫
公寸,公寸-
公廳,正廳
公引,公引-
公撮,公撮-
公擔,公擔-
公斗,公斗-
公毫,公毫-
公當,公平
公當,公正
公當人,公親
公石,公石-
公祭,公奠
公絲,公絲-
公義,公道
公花,雄花
公花心,雄蕊
公衡,公衡-
公親,仲裁者
公講公有理，婆講婆有理,公說公有理，婆說婆有理
公路个人賽,公路個人賽
公車,公共汽車
公郎,令郎
公錢,公錢-
公開講明書,公開說明書
公館,寓所
公館宮巷,公館宮廟裡
公館脣,公館旁
公館脣,公館旁邊
公館脣,公館邊
公館面前,公館前面
六十外,六十多
六十花甲,六十歲
六大莊,六大庄
六月牛眼,六月龍眼
六月芥菜,假有心
六次遷徙講,六次遷徙說
六畜毋安,六畜不安
六神毋安,六神不安
六神草,印度金鈕扣
六耳毋傳道,六耳不傳道
六耳毋通謀,六耳不通謀
六親毋認,六親不認
六角定經草,通泉草
六角英,狗肝菜
六隻,六個
六點正下班,六點才下班
共下,一塊兒
共下,一起
共下,一齊
共下,共同
共下,在一塊
共下,在一塊兒
共下,在一起
共下去,一起去
共下跳舞,一起跳舞
共下過,共度
共位,同一位
共位,同位
共儕人,同一個人
共名共姓,同名同姓
共哀,同母
共國,同一國
共國,同國
共姓,同姓
共娘胞胎,同胞兄弟姊妹
共家,同一家
共家,同家
共屋,同一住家
共屋人,同一家人
共年,同一年
共年,同年
共得著,合得到
共日,同一天
共日,同一日
共日,同天
共日,同日
共時,同時
共月,同一月
共月,同月
共桌,同一桌
共桌,同桌
共樣,一樣
共樣,同樣
共樣,相同
共款,一樣
共款,同樣
共款調,同格調
共款調,同款式
共毋著,合不到
共爐燒,同爐燒
共爺,同父
共窯貨,同一批貨
共窯貨,同批貨
共竇,同派
共竇,同窩
共船貨,同一祖先
共莊項,同莊裡
共褲著,穿同一件褲子
共輩,同儕
共間仔,同班同學
共阿公婆,同宗
共音詞,同音詞
共頂,同一頂
共頂,同頂
兵仔,士兵
兵卒,士兵
兵卒,戰士
兵在精毋在多,兵在精不在多
兵毋由將,兵不由將
兵營,軍營
兵營肚,軍營裡
兵變,兵遍
兵車,軍車
兵馬,裝備
兵馬毋動，糧草先行,兵馬不動，糧草先行
其他个,其他的
其樂毋窮,其樂不窮
其貌毋揚,其貌不揚
其身毋正，雖令毋從,其身不正，雖令不從
兼,靠近
兼兼仔,很接近
兼聽就明，偏信就暗,兼聽則明，偏信則暗
兼聽就明，偏聽就蔽,兼聽則明，偏聽則蔽
兼身,靠近身體
冇个,不實在的
冇个,不足的
冇个,空的
冇个,空虛的
冇个,虛的
冇冇,不充實
冇卵,無精卵
冇笐竹,開卡蘆
冇筒梗,尖瓣花
冇輕,重量很輕
再一擺,再一次
再毋,再不
再毋然,再不然
再講,再說
再過,再
再過,再一次
再過尋,再尋
再過講,重述
冒天下之大毋韙,冒天下之大不韙
冕柳,冠羽柳鶯
冤仇,仇恨
冤仇人,仇人
冤家,吵架
冤家宜解毋宜結,冤家宜解不宜結
冤家比背,吵架打罵
冤家羅債,動不動就吵鬧
冤家羅債,吵架結怨
冤枉,可憐
冤枉,白白浪費
冤枉,糟糕
冤枉,誣賴
冤枉,陷害
冤枉著,冤枉
冤牽,是非困擾
冤魂毋散,冤魂不散
冬下,冬天
冬下,冬天的時候
冬下,冬季
冬下頭,冬季
冬冬个假期,冬冬的假期
冬天,冬季
冬天天,冬季天真
冬尾,暮冬
冬煎煎,冬季熾盛
冬瓜放到出水,冬瓜放置到出氣
冬瓜毛草,狗牙根
冬瓜醬,鹹冬瓜
冬瓜頭,冬瓜前端
冬禾,冬稻
冬節,冬至
冬粉草,三奈
冬細麥,冬小麥
冬蟲夏草,草石蠶
冬頭,初冬
冬頭,農忙
冰,冰冷
冰冰,冰冰的
冰庫,冷凍櫃
冰火毋同爐,冰火不同爐
冰炭毋同器,冰炭不同器
冰炭毋同爐,冰炭不同爐
冰炭毋同罏,冰炭不同罏
冰炭毋洽,冰炭不洽
冰炭毋相入,冰炭不相入
冰炭毋相容,冰炭不相容
冰炭毋相投,冰炭不相投
冰矻,冰塊
冰角仔,冰塊
冷冷落落,冷冷清清
冷天,冬天
冷天,天氣冷
冷帳毋問,冷帳不問
冷手撾毋著熱饅首,冷手撾不著熱饅首
冷死冷絕,非常冷
冷毋丁,冷不丁
冷毋防,冷不防
冷氣,冷氣機
冷水,涼水
冷水,生水
冷沁沁,冷颼颼
冷沁沁,淒清寒冷
冷沁沁仔,淒清寒冷
冷泧泧仔,冷冰冰的
冷淨淨,冷掉了
冷滾水,冷開水
冷膣冷滑,冷冷冰冰
冷膣冷滑,冷冷的
冷落,蕭條
冷著,著涼
冷血動物,外溫動物
冷鑊死灶,鍋冷灶冷
冷鑊死灶,齋廚索然
冷門,不受人重視
冷雪雪仔,冷冰冰地
冷電,冷燙
冷風,寒冷的風
冷颼颼仔,冷颼颼的
冷飯,冷掉的飯
冷飯,剩飯
冷飯藤,火炭母草
凝凍,凝固
凝凍,結凍
凝凝,凝固
凝家,理家
凝底,沉澱
凝心,漩渦狀
凝數,算帳
凝數,結算帳目
凝油,凝結油塊
凝油,凝結油脂
凝油,油凝結
凝泥油,淤積
凝神,聚精會神
凝絲,細絲相連
凝覺,熟睡打呼
凝錢,理財
凡係,凡是
凡間,世俗
凡間,世間
凡間,人間
凡間,俗世
凱恩斯學講,凱恩斯學說
凳仔,凳子
凳仔,椅子
凳腳,椅腳
凳頂項,椅子上
凳項,凳子上
凳頭,矮凳
凳頭,矮凳子
凴,靠著
凴在,靠在
凴壁,靠牆
凴攏,靠攏
凴背,靠背
凴著,碰到
凴著,碰觸
凸凸,凸出來
凸凸,突出貌
凹凸毋平,凹凸不平
凹忒,塌陷
凹細,凹小
出丁,生男
出世,出生
出世時,出生的時辰
出个,出的
出入,不一致
出入,出沒
出入,差異
出其毋備,出其不備
出出入入,進進出出
出到,出到達
出力,使力
出力,幫助
出力,幫忙
出力,用力
出力箭,用力踩
出口,講話
出外鄉,離鄉
出外鄉,離鄉背井
出子,孵出幼鳥
出家人食八方,出家人吃八方
出山,出師
出山,出殯
出差世,不合潮流
出差世,丟人現眼
出差世,糟糕
出師毋利,出師不利
出年駕,出年關
出心,奉獻心力
出息,利益
出手,出面
出手,賣出
出撇,出掉
出日頭,出太陽
出棍,揮棒
出業,畢業
出水,出氣
出汗,流汗
出淤泥而毋染,出淤泥而不染
出煞,做法
出煞,解煞
出番,出草
出痲仔,出痲疹
出目汁,流淚
出磺坑莊頭,出磺坑庄頭
出納,收支
出細恭,出小恭
出聲,出聲音
出菜,上菜
出處毋如聚處,出處不如聚處
出血,流血
出賣,出售
出身,家庭背景
出過世,下輩子
出過世,重獲新生
出過後世,下輩子
出過後世,又活一次
出門,出遠門
出門人,外出的人
出門旅行,居家旅行
出頭天,努力
出頭天,努力工作
出頭天,苦盡甘來
出麻仔,出麻疹
出麻仔,得麻疹
刀仔,刀子
刀仔下,刀子下
刀嫲,柴刀
刀嫲,菜刀
刀尾,刀柄頭
刀槍毋入,刀槍不入
刀石,磨刀石
刀落,刀落下
刀落仔,刀鞘
刀鋸毋辭,刀鋸不辭
刀雙草,刀傷草
刀鞘仔,刀鞘
刁古董,作弄
刁琢,刁難
分,乞討
分,供
分,分開
分,給
分,給了
分,給予
分,被
分,讓
分人,令人
分人,讓人
分人嫌,惹人嫌
分人嫌,被人嫌
分人感動著,觸動人心
分人打點,是黑名單
分人打點,變成黑名單
分人招,入贅
分人招,招贅
分人準做,被人視為
分人特別奇怪个係,讓人特別奇怪的是
分人看做,被視為
分人看著,被看見
分人眼茫鼻花,讓人頭昏眼花
分人知著,讓人知道
分人罰,懲罰
分人罰,被人罰
分人罵,挨罵
分人聽著,被聽見
分人請,受雇
分人請,被人請
分人請,請客
分人論斷,被人論斷
分人逐等,被人追著
分人遰著,被人傳染到
分人遰著,被人擴散穿
分人高高擎起,被人高高擎起
分你,給你
分你,被你
分你,讓你
分你兜,給你們
分你兜,讓你們
分你過較,讓你更
分佢,使之
分佢,給予
分佢,給他
分佢,讓他
分佢兜,給他們
分佢兜,讓他們
分出,區分
分刀仔,被刀子
分分撇,給給撇
分別,區別
分別人發覺,被別人發現
分別儕,讓別人
分大水困著了,被大雨困住了
分大細,分大小
分大雨困著了,被大雨困住了
分學老人,讓閩南人
分寫出來,讓寫出來
分屋,給屋
分得利,給得利
分得好,給得好
分心理醫生看,被心理醫治生看
分忒,分掉
分撇,分掉
分文毋取,分文不取
分文毋破,分文不破
分析,剖析
分毋落胲,不夠分
分毋著,分錯
分毋著,給不對
分毫毋差,分毫不差
分毫毋爽,分毫不爽
分水,支流
分水,發源河
分水,給水
分水,討水
分水峎,分水嶺
分水打走,被水沖走
分水打走,讓水沖走
分水滂走,被水沖走
分派,派系
分派,發派
分灶,分家
分灶,分爨
分著,分到
分該兜人相賽搶,讓那些人爭相搶
分講,分說
分身毋暇,分身不暇
分這種,讓這種
分醒,甦醒過來
分針,長針
分錢,乞討
分錢,乞討金錢
分錢,給錢
分離,離別
分食,討食
分餅,分一杯羹
分ＡＩ,讓ＡＩ
分𠊎,令我
分𠊎,給我
分𠊎,讓我
分𠊎了解,讓我了解
分𠊎杯羹,分我杯羹
分𫣆,給我們
分𫣆,讓我們
分𫣆俚,讓我們
分𫣆俚在,讓我們在
刊定,確定不改
刑毋上大夫,刑不上大夫
划,撥進來
划毋來,划不來
划龍船,划龍舟
划龍船比賽,龍舟競賽
刓斷,切斷
初二,農曆初二
初次,第一次
初生之犢毋懼虎,初生之犢不懼虎
初生之犢毋畏虎,初生之犢不畏虎
初級細學,初級小學
初細,初小
刣魚生,切生魚片
判然毋合,判然不合
別个,別的
別人个孩子死毋完,別人的孩子死不完
別人个肉偎毋熱,別人的肉偎不熱
別人个腳髀挼索仔,利用他人不知分寸
別人肉帖毋在腮頰上,別人肉帖不在腮頰上
別位,別的地方
別儕,別人
別儕人,別人
別樣,另外一樣
別款,別的樣式
別無厥法,別無他法
別莊,別墅
刨仔,刮刀
刨仔,削皮器
刨鬚菇,刮鬍子
利佢,利他
利便,便利
利便,方便
利刀,鋒利的刀子
利利,尖銳
利利,敏銳
利利,銳利
利厥主義,利他主義
利子,利息
利存,利潤
利宮,脫離病境
利手,殘忍
利滾利,複利
利純,利潤
利腳,精明
刪,間拔
刪忒,刪除
刪忒,淘汰
刮仔,刮刀
刮皮,去皮
刮著,刮到
刮鬚,刮鬍子
刮鬚,剃鬚
刮鬚刀,刮鬍刀
到,到達
到,得
到,次
到三毋著兩,到三不著兩
到了去,到達了去
到今晡日,到今天
到到,履次
到到,每一次
到哪位,到哪兒
到天光,直到天亮
到家,周全
到家,在行
到尾,到最後
到尾,後來
到尾,最後
到尾下,到最後
到尾來,到最後
到幾時,到何時
到底,到最後
到底,直到最後
到底,究竟
到時,屆時
到毋个,到不的
到該過,從那過
到轉來,到回來
到這下,到現在
刷,刨
刷仔,搓籤
刷米篩目,煮米苔目
刺,戳
刺上,繡上
刺刺毋休,刺刺不休
刺有,繡有
刺波仔,紅梅消
刺波仔,草莓
刺波仔,虎婆刺
刺波仔,蛇莓
刺波仔,野草莓
刺激,激發
刺目眉毛,紋眉
刺莧仔,刺莧菜
刺莧竻,刺莧
刺著,刺到
刺面,文面
刺額,調皮
刻,斥責
刻,雕刻
刻人,罵人
刻印仔,刻印章
刻定,堅持
刻情,苛薄寡恩
刻核,刻完
刻毋容緩,刻不容緩
刻等,刻著
刻耐,忍著些
刻耐,耐苦
刻耐,艱苦忍耐
刻耐仔,任痛
刻耐仔,堅苦忍耐地
刻臭頭,被責罵
刻臭頭,責罵
剁剁仔,剁一剁
剁圈,剁成塊狀
剁好好,剁好
剁忒,剁完
剁忒,剁掉
剁忒,砍完
剁忒,砍掉
剁手剁腳,手腳剁斷
剁手剁腳,斷手斷腳
剁撇,剁完
剁撇,剁掉
剁撇,砍完
剁撇,砍掉
剁斷,砍斷
剁斷來,砍斷
剁樵,劈柴
剁盤,白斬
剁綿,剁碎
剁肉丸,做肉丸
剁著,剁到
剁雞髀,剁雞腿
剃光頭,理光頭
剃淨淨,剃光光
剃頭,理髮
剃頭个碰到禿子,剃頭的碰到禿子
剃頭刀仔,剃刀
剃頭師父,理髮師
剃鬚,刮鬍子
則个,則個
則毋,則不
削胖,吐司
前一暗晡,前夕
前世,上輩子
前人撒土迷了後人个眼,前人撒土迷了後人的眼
前兒个,前兒個
前列腺,攝護腺
前幾日,前幾天
前日,前天
前日暗晡,前天晚上
前日朝晨,前天早上
前毋巴村，後毋巴店,前不巴村，後不巴店
前毋巴村，後毋著店,前不巴村，後不著店
前生,上輩子
前生人,上輩子
前生人,前生
前言毋答後語,前言不答後語
前門毋進師姑，後門毋進和尚,前門不進師姑，後門不進和尚
前面項,前面
前駁仔,前陣子
剛愎毋仁,剛愎不仁
剛正毋阿,剛正不阿
剛過門个細媳婦,剛過門的小媳婦
剝削細民,剝削小民
剝忒,剝完
剝忒,剝掉
剝撇,剝完
剝撇,剝掉
剝殼,蛻皮
剝毋㪐,剝不下
剝毋㪐,剝不開
剝皮,剝削
剡空,挖孔
剪刀絞,射干
剪刀蛄,鍬形蟲
剪刀鉸,植物名
剪刀鉸,鍬形蟲
剪弧線,剪曲線
剪手指甲,剪指甲
剪撇,剪完
剪撇,剪掉
剪罶仔,扒手
剪腳指甲,剪指甲
剪著,剪到
剪著,著力不平衡
剪頭那毛,剪頭髮
割得上,可以往上割
割忒,割掉
割撇,割掉
割毋得,割不成
割禾,割稻
割禾,割稻子
割禾師父,割稻工人
割草,除草
割著,割到
割豬肉,買豬肉
割貨,批購貨品
割雙瞼目,割雙眼皮
割頸,自刎
割香,分靈
剷撇,剷完
剷撇,剷掉
剷草,鋤草
劃一毋二,劃一不二
劈下,砍下
劈劈,砍砍
劈拳,砍拳
劈撇,砍完
劈撇,砍掉
劈鐮,長柄鐮刀
劊頭,殺頭
劊頭,砍頭
劊頭,革職
力學毋倦,力學不倦
力毋勝任,力不勝任
力毋同科,力不同科
力毋自勝,力不自勝
力田毋如逢年，善仕毋如遇合,力田不如逢年，善仕不如遇合
力辭毋受,力辭不受
力量,完成
功夫,武功
功成毋居,功成不居
功毋可沒,功不可沒
功毋成，名毋就,功不成，名不就
功課,誦經
功高毋賞,功高不賞
加一下添,再等一下
加下,等一下
加下添,加下方添
加兜,加一些
加入,引入
加入,注入
加加減減,多多少少
加加減減,或多或少
加勢,更嚴重
加勢,越發
加拿大係𠊎家,加拿大是我家
加油站脣項,加油站旁邊
加油隊,啦啦隊
加添,增加
加添,增添
加減,多多少少
加減,多少
加減,或多或少
加減做,多少做一點
加減好,多少有好處
加濟,茄芷袋
加等,披著
加等,搭著
加里波个,加里波的
加額,加碼
劣拙,拙劣
助理个頭路,助理工作
助益,幫助
助𠊎張目,助我張目
勃勃跳,精力充沛
勇者毋懼,勇者不懼
勉力,盡力
勉強,很勉強
勒緪,勒緊
動作無標準,動作沒有標準
動啊著,動不動
動啊著,動輒
動彈毋得,動彈不得
動手動腳,毛手毛腳
動毋動,動不動
動盪毋安,動盪不安
動秤兒个,動秤兒的
動腦筋,動動腦
勝之毋武,勝之不武
勝毋驕，敗毋餒,勝不驕，敗不餒
勞保,勞工保險
勞動,勞力
勞心擘肚,極費心思
勞瀝,感謝
勞瀝,謝謝
勞逸毋均,勞逸不均
勢向,方位
勢毋得已,勢不得已
勢頭,靠山
勤係搖錢樹，儉係聚寶盆,勤是搖錢樹，儉是聚寶盆
勤勤儉儉,勤勞節儉
勦忒,消滅掉
勯勯,沒有元氣
勯忒,沒了氣息
勸話,勸告
勸話,勸說
勸話,開導
勺仔,勺子
勺嫲,勺子
勺嫲,杓子
勻,使均勻
勻,使等勻
勻勻,均勻
勻勻仔,均勻地
勻大勻細,大小很平均
勻日仔,騰出日子來
勻開來,平均分散開來
勼帶,鬆緊帶
勼帶仔,鬆緊帶
勼水,縮水
勼筋,抽筋
勼筋,痙攣
勾大引細,勾大引小
勾挽,勾引
勾挽,勾搭
勾挽,引誘
勾搭,繩勾
勾搭索,鉤索
勾頭,勾棵
勿以善細而毋為,勿以善小而不為
勿以惡細而為之,勿以惡小而為之
包仔,包子
包公大人,包大人
包到,包得
包包攝攝,包包藏藏
包含,包括
包含,蘊藏
包在𠊎身上,包在我身上
包塞塞,包得密密的
包容,寬容
包尾,後來
包尾,最後
包尾,殿後
包微微,包得緊緊的
包心白,包心白菜
包心白,包心菜
包心白,大白菜
包心菜,甘藍
包括,包含
包揫,包紮
包揫揫,包得密不通風
包核,包掉
包涵,包容
包涵,體諒
包禮,贈禮
包等,包著
包粟,玉米
包粟,玉蜀黍
包袱,累贅
包袱,背包
包袱,行李
包袱,負擔
包袱仔,包袱
包袱仔,累贅
包袱仔,負擔
包袱款好勢吂,包袱款完善吂
包裝,修飾
包裝,裝飾
包頭,爭第一
包頭个,包頭的
包食包著,管吃管穿
匉勻來,均勻分開
匍澇,邋遢
匍背,駝背
匕鬯毋驚,匕鬯不驚
化妝做阿丑琢,化妝成小丑
化忒,化掉
化忒,燒掉字紙
化撇,化掉
化核,化掉
化毋撇,化不掉
化解忒,化解掉
化貝該,化寶貝那
北河莊頭,北河庄頭
北源講,北源說
北片,北邊
北片去,北邊去
北風,寒風
北風,朔風
匙大碗細之事,匙大碗小之事
匡圳溝,砌水溝
匡壁,砌牆壁
匡𠊎毋逮,匡我不逮
匧仇匧恨,記仇
匧私胲,存私房錢
匪徒,歹徒
匯錢,匯款
匱匱,淨盡
匱匱,缺缺
匹馬毋還,匹馬不還
匾匾个,匾匾的
區分,區別
十七十八無醜女,十七十八沒醜女
十个指頭咬著都痛,十個指頭咬著都痛
十个指頭有長短,十個指頭有長短
十个指頭朝裡彎,十個指頭朝裡彎
十个明星當毋个月,十個明星當不的月
十二兩翹翹,死翹翹
十二月甘蔗,兩頭甜
十二次遷徙講,十二次遷徙說
十二點，好食晝吔,12點，可以吃午餐了
十五个吊桶打水,十五個吊桶打水
十做九無成,十有九件做不成功
十八个姑娘一朵花,十八的姑娘一朵花
十六份莊頭,十六份庄頭
十六位元个人電腦,十六位元個人電腦
十分,非常
十分阿腦,嘆為觀止
十嘴九屎胐,人多嘴雜
十外,十多
十外,十幾
十天半个月,十天半個月
十如係,十如是
十姊妹,白文鳥
十年九毋遇,十年九不遇
十惡毋赦,十惡不赦
十日,十天
十減三伸七,十減三等於七
十謁朱門九毋開,十謁朱門九不開
十輪牯,十輪大卡車
十過,十多
十過,十幾
十隻,十個
十點鐘,十小時
千一,一千一百
千人挷,細葉金午時花
千差萬差,千錯萬錯
千差萬差，來人毋差,千差萬差，來人不差
千年契紙好做藥,不可輕忽老舊的契約
千年萬年,千年萬代
千年萬載,千年萬年
千從柄,菲律賓榕
千毋係萬毋係,千不是萬不是
千毋幸萬毋幸,千不幸萬不幸
千毋該萬毋該,千不該萬不該
千秋,千年
千算萬算，毋值天一劃,千算萬算，不值天一劃
千羊之皮，毋如一狐之腋,千羊之皮，不如一狐之腋
千賒毋當八百現,賒帳千元不如八百現金
千過,一千多
千過,一千幾
千里做官，為个食穿,千里做官，為的吃穿
千金之子，坐毋垂堂,千金之子，坐不垂堂
千金難買早知事,千金難買早知道
千隻,千個
升斗細民,升斗小民
升高,上升
午時水,中午時的雨
半三毋四,半三不四
半个,半的
半个人,半個人
半中央,中央
半中央,半中間
半中央,正中央
半份婿郎半份子,女婿就是半子
半信毋信,半信不信
半壁,半牆
半夜,深夜
半夜仔,半夜
半夜仔,深夜
半夜敲門心毋驚,半夜敲門心不驚
半大毋細,半大不小
半大細,不大不小
半大細子,半大小子
半天筍,檳榔心
半天高,很高
半天鳥,雲雀
半尷不尬,尷尬
半尷不尬,進退都不是
半山仔,半山坡
半崎,半山坡
半崎,半山腰
半工人,半工
半憨痴,處世不甚認真
半攔半出,有的留住了
半攔站,一半
半攔站,半途
半斤八兩,兩相對等
半新毋舊,半新不舊
半新舊,半新半舊
半日,半天
半晝,要早不早
半晝前後,上午十點前後
半晝半暗,午夜
半晝半暗,天黑之際
半晝半暗,臨近午時
半晝半暗,要早不早
半晝半暗,要晚不晚
半晝邊仔,半個早晨的光景
半晟光,半透明
半暗晡仔,半個晚上
半朝,半日
半析,半片
半桶水,半調子
半條命,幾乎沒命
半槽米,不精實的穀粒
半燒冷,不冷不熱
半燒冷,半冷半熱
半燒冷,半熱半冷
半爛段,一半
半爛段,半途
半爛燦,一半
半爛燦,半途
半生人,半個人生
半生人,大半輩子
半生死,剩下半條命
半生死,半死不活
半生死,要死不活
半生熟,半生不熟
半痴毋顛,半痴不顛
半相送,半買半送
半真半假,似真似假
半真半假,真假相混
半站仔,中途
半肥腈,半肥半瘦
半腳罅塍鳥,半蹼鷸
半菽毋飽,半菽不飽
半落毋合,半落不合
半路,半路上
半路,途中
半路仔,中途
半路仔,半路
半路方,半路上方
半路項,半路上
半身毋遂,半身不遂
半間毋界,半間不界
半閹陽,女性化的男人
半陰陽,陰陽人
半隻,半個
半離半粲,半途而廢
半零毋落,半零不落
半項,半樣
半頭青,青少年
半額,半數
半駁仔,中間的段落
半鹹淡,半鹹半淡
半鹹腥,既鹹又腥
半點鐘,半小時
卒業,畢業
卓然毋群,卓然不群
卓爾毋群,卓爾不群
卓犖毋羈,卓犖不羈
卓蘭街莊頭,卓蘭街庄頭
南勢坑莊頭,南勢坑庄頭
南埔莊頭,南埔庄頭
南江街莊頭,南江街庄頭
南河莊頭,南河庄頭
南洋鯽,吳郭魚
南湖莊頭,南湖庄頭
南源講,南源說
南片,南邊
南莊,南庄
南莊事件,南庄事件
南莊育化堂,南庄育化堂
南莊莊頭,南庄庄頭
南莊郵便局,南庄郵便局
南蛇,蟒蛇
南風毋競,南風不競
南路鷹,灰面鵟鷹
博人惱,惹人厭
博氣,賭氣
博氣博命,賭氣
博氣博命,賭氣搏命
博氣博激,煩燥
博而毋精,博而不精
占位仔,占位子
占等,占住
占著茅坑毋拉屎,占著茅坑不拉屎
卡等,卡住
卡緪,卡緊
卡著,卡住
卡著,夾住
印仔,印章
印仔,痕跡
印印,頂觸
印等,印著
印色,印泥
印表機,列表機
印象深,印象深刻
印跡,痕跡
危害著,危害到
即係,就是
即靈,機智
即靈,機靈
即靈,腦筋靈活
卵,蛋
卵包,荷包蛋
卵崽仔,未成形的蛋
卵彩畫,蛋彩畫
卵殼,蛋殼
卵湯,蛋花湯
卵炒飯,蛋炒飯
卵白,蛋白
卵白質,蛋白質
卵糕,蛋糕
卵袋,卵巢
卵餅,蛋餅
卵黃,蛋黃
卻之毋恭,卻之不恭
卻係,卻是
卻卻,翹起
卻毋,卻不
卻毋道,卻不道
卻講,卻說
卿卿𠊎𠊎,卿卿我我
厚个,厚的
厚意,盛情
原住民話,原住民語
原來,本來
原來係恁樣,原來如此
原係,原是
原在,以前
原在,原先
原在,原有的
原在,從前
原在,從前的
原子襪,絲襪
原旦,原來
原旦,原本
原旦,本來
原旦,本有的
原旦,舊有的
原本,原來
原本,本來
厥,他的
厥个,他的
厥事,他事
厥倈仔,他兒子
厥儕,好幾人
厥儕,好幾個人
厥力,他力
厥動,他動
厥動詞,他動詞
厥千萬,好幾千萬
厥國,他國
厥圓身當細隻,他的軀體很小隻
厥妹仔,他女兒
厥妹仔,他的女兒
厥姆,他母親
厥姆,他的媽媽
厥姆个,他媽的
厥姆佢,他的姆他
厥姆分𠊎刻,他的姆給我刻
厥姓,他姓
厥字寫到當靚,他的字寫到很美
厥學校,他學校
厥家个事,他家的事
厥屋下,他家
厥屋仔當闊,他的房子很寬
厥山之攻,他山之攻
厥山之石,他山之石
厥山之石，可以攻錯,他山之石，可以攻錯
厥山攻錯,他山攻錯
厥師父,他師父
厥年,他年
厥年,好幾年
厥律,他律
厥心,他心
厥心,他的心
厥心當壞,他的心很壞
厥志,他志
厥思想當奇怪,他的思想很奇怪
厥懣,他懣
厥拉厥拉,他拉他拉
厥擺,好幾次
厥故,他故
厥敘式,他敘式
厥方,他方
厥方言語,他方言語
厥方講,他方說
厥日,好幾日
厥日相呼圖,他日相呼圖
厥時,他時
厥朋友,他朋友
厥朋友當高,他的朋友很高
厥條,好幾條
厥殺,他殺
厥無所有,他無所有
厥爸,他的爸爸
厥生,他生
厥端,他端
厥老公當緣投,他丈夫很英俊
厥老妹,他妹
厥老妹,他妹妹
厥老弟,他弟
厥老弟,他弟弟
厥聲胲當大,他的嗓門很大
厥萬,好幾萬
厥處,他處
厥財產,他的財產
厥身高當堵好,他的套高很湊巧
厥辰,他辰
厥運命盡毋好,他的命運很不好
厥遷,他遷
厥鄉,他鄉
厥鄉外府,他鄉外府
厥鄉外縣,他鄉外縣
厥鄉遇故知,他鄉遇故知
厥阿哥,他哥
厥阿哥,他哥哥
厥阿姆,他媽
厥阿姆,他媽媽
厥阿姐,他姐
厥阿姐,他姐姐
厥阿爸,他爸
厥阿爸,他爸爸
厥頭路,他工作
厥頭路當輕鬆,他的工作很輕鬆
厥餔娘,他的妻子
去,前往
去个,去的
去做事,去工作
去哪位,去哪裡
去國外旅行,去國外旅行走
去學校,上學
去廟項燒香,去廟裡燒香
去得,可以消受
去教堂做禮拜,去教導堂做星期
去毋去隨在你,去不去隨便你
去毋得,去不成
去讀書,上學
去醫院掛號,去醫治院掛號
去關心佢一下,去關心他一下方
去食酒愛包禮,去喝喜酒要包禮
參仔,人參
參仔葉,土人參
參加會議,與會
參參詳詳,商量
參葉,土人參
參見,參閱
參詳,商量
又係,又是
又好叫又好笑,哭笑不得
又弱一个,又弱一個
又急又譴,又急又氣
又畏又好,又想要又害怕
又要馬兒好，又要馬兒毋食草,又要馬兒好，又要馬兒不吃草
又跳又噭,又跳又哭
又過,又再
又騙𠊎,又欺騙我
又麼會,又麼將要
叉手毋離方寸,叉手不離方寸
叉芽,側芽
叉走,叉跑
及及,急促
及及,稍急促
及及仔,勉強達到
及時及急,時間緊急
反叛,背叛
反寫實細講,反寫實小說
反射,反射神經
反復毋常,反復不常
反復記號,反覆記號
反心,反悔
反心,回心轉意
反心,改變心意
反毋似,反不似
反水毋收,反水不收
反生,復活
反症,回光返照
反症,復發
反症,舊疾復發
反癲車,反瘋車
反省著,反省到
反眼毋識,反眼不識
反義詞,相反詞
反覆,重複
反覆毋一,反覆不一
反覆毋定,反覆不定
反躁,失眠
反面,背面
叔伯兄弟,堂兄弟
叔伯哥,堂哥
叔伯姊妹,堂姊妹
叔伯老妹,堂妹
叔伯老弟,堂弟
叔伯阿哥,堂兄
叔伯阿姊,堂姊
叔公,叔祖父
叔公太,曾叔公
叔公阿伯,家族長輩
叔姆,叔母
叔姆,嬸嬸
叔婆,叔祖母
取之毋盡，用之毋竭,取之不盡，用之不竭
取之毋竭,取之不竭
取之無禁，用之毋竭,取之無禁，用之不竭
取在佢,任由他決定
取消忒,取消掉
取笑,嘲笑
取總,聚集
取總,集合
取著,取到
取要,摘述
受毋得,受不了
受毋得,受不得
受毋起,受不起
受當毋起,承當不起
受苦毒,受虐
受著,受到
受領,接受
受領,領取
叢殘細語,叢殘小語
叢矢之个,叢矢之的
口惠而實毋至,口惠而實不至
口毋擇言,口不擇言
口氣,語氣
口涎,口水
口涎水,口水
口涎水,唾液
口涎波沷,口沫橫飛
口涎渣,口水殘渣
口涎渣,口沫
口頭項,口頭上
古井毋波,古井不波
古井肚,古井內
古井肚,古井裡
古典細說,古典小說
古古怪怪,古怪
古古琢琢,滑稽
古古琢琢,滑稽幽默
古古董董,頑固
古古董董,頑固守舊
古怪,怪異
古時代,古時候
古琢,滑稽
古董站,出醜站
句仔,句子
句仔,文句
句仔擴寫,句子擴寫
句句,每一句
句語,語句
另命,拚命出力
另外,其他
另外,另
另外,此外
另外,除此之外
另擺,下次
另擺,以後
另擺,往後
另日,改天
另日,日後
另次擺,下次
另過,除此以外
叨叨叨叨,嘮嘮叨叨
叩拜,行禮
只,把
只好,不過
只好,僅能
只好,只愛
只好,只能
只愛,只要
叫垂垂,哭泣不止
叫天天毋應，叫地地毋靈,叫天天不應，叫地地不靈
叫好毋叫座,叫好不叫座
叫眵嫲,愛哭的女人
叫苦毋迭,叫苦不迭
叫豺豺,厲聲哭泣不止
叫食,叫吃
叭哈花,喇叭花
叭哈花,百合
叭哈花,百合花
叭哈花,臺灣百合
叭嗶仔,喇叭嗶仔
叮叮噹噹,玉石的撞擊聲
叮叮噹噹,金屬的撞擊聲
叮叮噹噹響个婆娘,叮叮噹噹響的婆娘
叮咚兒,宜梧
叮嚀,一再吩咐
叮嚀,囑咐
叮著,叮到
可了毋得,可了不得
可兀个,可兀的
可共患難毋可共安樂,可共患難不可共安樂
可可个,可可的
可咧拉,霍亂
可惡,可兇
可意會毋可言傳,可意會不可言傳
可望毋可即,可望不可即
可望毋可親,可望不可親
可望而毋可即,可望而不可即
可正係,可正是
可毋,可不
可毋係,可不是
可毋好,可不好
可毋道,可不道
可比,假使
可比,好比
可比,如同
可比,如果
可比,比如
可比,萬一
可比講,好比說
可知係好,可知是好
可與共患難，毋可與共樂,可與共患難，不可與共樂
可貴,稀罕
可遇而毋可求,可遇而不可求
史毋絕書,史不絕書
右手析,右手邊
右手片,右邊
右片,右邊
右邊析,右邊
司命灶君,灶神
叼,叮咬
叼著,叮咬
叼著,咬住
吂,了嗎
吂,了沒
吂,尚未
吂,還沒
吂上,尚未上到
吂上,還沒爬上
吂下,了嗎下方
吂且,了嗎且
吂使,還不必
吂使,還不用
吂來,尚未來
吂來,還沒來
吂係,還不是
吂出學堂先學肚量,出學堂先學肚量
吂出學堂先學肚量,未出學堂先學肚量
吂分,還沒分
吂到,尚未到
吂到,未及
吂到,還沒到
吂到尾,還沒到最後
吂大,尚未長大
吂大,還沒長大
吂好,還不要
吂好,還沒好
吂嫁,未嫁
吂嫁,還沒嫁
吂嫁,還沒嫁人
吂學行先學走,未學走先學跑
吂得時,還早
吂得時,還早得很
吂想著,始料未及
吂曾正經,時候未到
吂曾正經,未到時候
吂有,尚未有
吂有,還沒有
吂知,未知
吂知,還不知
吂知,還不知道
吂終,還沒死
吂落雨先唱歌，任落乜無多,還沒下雨就先打雷，即使有下雨也下不多
吂討,還沒娶
吂討,還沒討
吂註生先註死,命中註定
吂請,還沒請
吂識,未曾
吂識,還沒有過
吂轉,還沒回家
吂食,還沒吃
吃到當歡喜,大快朵頤
吃吃滾,笑聲急而細碎
吃聲,吃聲音
各个,各個
各个擊破,各個擊破
各人,各自
各人个子女各人教,各家有各家的事
各人伸手摸心肝,手摸良心
各人自掃檐前雪，莫管厥家瓦上霜,各人自掃檐前雪，莫管他家瓦上霜
各人自掃門前雪，休管厥人瓦上霜,各人自掃門前雪，休管他人瓦上霜
各人自掃門前雪，莫管厥家瓦上霜,各人自掃門前雪，莫管他家瓦上霜
各位,每一位
各位,每位
各位,諸位
各儕,每一位
各各,每一個
各地,每一個地方
各日,他日
各有各个,各有各的
各樣,各種
各毋相犯,各不相犯
各毋相謀,各不相謀
各毋相讓,各不相讓
各毋相關,各不相關
各毋相顧,各不相顧
各行其係,各行其是
各走各个路,各走各的路
各項,每一種
各顧各,各顧各的
合,合攏
合,搭配
合下,合下方
合係,合是
合到,合在
合合,恰如其數
合合上,急著想要
合合上,急著要
合合上,猴急
合合上,興致沖沖
合合滾,搶食
合合滾,貪吃
合同,契約
合啊去,合起來
合啊去,關起來
合婚,結婚
合家大細,合家大小
合得落,合得起來
合得落,關得起來
合意,中意
合意,喜歡
合意,心儀
合意,滿意
合欸一帖藥,配了一帖藥
合毋來,合不來
合毋攏嘴,合不攏嘴
合毋著,合不著
合界,交界
合等,合起來
合線,和諧
合線,和諧流暢
合色,配色
合落去,合起來
合落去,關起來
合著,交到
合著,混合
合著,混在一起
合著,混雜
合藥仔,抓藥
合藥仔,配藥
合起來,關起來
合適,適合
合鬼毋相同,惹人厭
吉凶,福禍
吉祥戲,扮仙戲
吊,懸掛
吊倒轉去,吊回去
吊吊,向上翻
吊尾个,最小的
吊尾錘,老么
吊掛,懸掛
吊撇,吊著
吊晃槓仔,盪秋千
吊晃槓仔,盪鞦韆
吊核,吊著
吊死鬼个裹腳布,吊死鬼的裹腳布
吊燈籠,掛燈籠
吊瓜仔,胡瓜
吊眠帳,掛蚊帳
吊等,吊掛
吊等,吊著
吊緊,吊著
吊耳環,掛耳環
吊菜仔,茄
吊菜仔,茄子
吊菜紅,紅紫色
吊菜色,紫色
吊規仔,京胡
吊車,起重機
吊錘,擺錘
吊頸,上吊
同,及
同,和
同,把
同,與
同人,替人
同人,跟人
同人交流,跟人家交流
同人客,跟客人
同人托核卵,趨炎附勢
同作業,把作業
同你兜講,告訴你們
同你講,告訴你
同佢,替他
同佢,跟他
同佢兜講,告訴他們
同佢包到,把他包到
同佢描寫,把他描寫
同佢等,和他們
同佢講,告訴他
同係天涯淪落人,同是天涯淪落人
同卵,把蛋
同契哥,外遇
同學莫冤家,同學習莫吵架
同屋仔租分人,把房子租給別人
同年,同庚
同年,同榜登科
同年,年齡相同
同年个,同年的
同年个,同年齡的
同心情放輕鬆,放鬆心情
同罪惡,和罪惡
同自家个看板,把自家的招牌
同著,跟到
同著人,有外遇
同著人,與人通奸
同謀,共犯
同這下,和現在
同這兜,把這些
同這兜有畫个牌仔,把這些有畫的牌子
同銀行貸款,同銀行走貸款
同頭那凴在,把頭靠在
同𠊎,和我
同𠊎講,告訴我
同𠊎𢯭手,幫我
同𫣆俚托起來,把我們撐起來
同𫣆講,告訴我們
名,名字
名仔,名字
名位毋彰,名位不彰
名傳毋朽,名傳不朽
名垂毋朽,名垂不朽
名姓,姓名
名毋正，就言毋順,名不正，則言不順
名毋當實,名不當實
名毋符實,名不符實
名毋虛謂,名不虛謂
名毋見經傳,名不見經傳
向下背,向下
向來,從來
向到,向到達
向前,往前
向天盞,天香爐
向左片一撂,往左邊一放
向東,對著東
吔,了
君不戲言,君無戲言
君子交絕，毋出惡聲,君子交絕，不出惡聲
君子動口，細人動手,君子動口，小人動手
君子坦蕩蕩，細人長戚戚,君子坦蕩蕩，小人長戚戚
君子報仇，十年毋晚,君子報仇，十年不晚
君子毋器,君子不器
君子毋奪人所好,君子不奪人所好
君子毋念舊惡,君子不念舊惡
君子言先毋言後,君子言先不言後
吞,嚥下
吞落,吞下去
吞落肚,吞下肚
吞食,吞吃
吠,叫
否終就泰,否終則泰
吧檯,吧臺
吧檯,吧枱
含燒火𤊶,又燙又辣
含笑,面帶微笑
含笑歸土,含笑九泉
含等,叼著
含等,含著
含等糖仔,含著糖果
含糊毋清,含糊不清
含蔘,拚老命作工
吮,啄
吮乳,吸奶
吵,爭吵
吵死人,吵雜
吵耳吵鼻,聒噪
吵耳吵鼻,聲音吵人
吵耳塞鼻,聲音很吵
吵音,噪音
吵鬧,喧嘩
吹㖅㖅仔,吹口哨
吹啲咑,吹嗩吶
吹彈,吹奏
吹牛毋打草稿,吹牛不打草稿
吹笛仔,吹嗩吶
吹等,吹拂著
吹簫仔,吹簫
吹頭那毛,吹頭髮
吾,我的
吾个,我的
吾公,我爺爺
吾公,我的爺爺
吾哥,我哥哥
吾哥,我的哥哥
吾姆,我媽
吾姆,我媽媽
吾姆,我的媽媽
吾姊,我姊姊
吾姊,我的姊姊
吾姐,我姊姊
吾婆,我奶奶
吾婆,我的奶奶
吾婆太毋識字,我曾祖母不識字
吾屋下,我家
吾屋下,我家裡
吾爸,我爸爸
吾爸,我的爸爸
吾老公,我的老公
吾老公,我老公
吾餔娘,我妻子
吾餔娘,我的老婆
吾餔娘,我老婆
呀叫,放聲大哭
呂太后个筵席,呂太后的筵席
呆呆,傻呼呼的
呆呆,失神
呆呆,遲鈍
呆毋龍咚,呆不龍咚
告人,控訴
告別,辭行
告示,公告
告示,布告
呢仔,絨布
呢呢哪哪,自言自語
呢呢哪哪,說個不停
呦嚄講,呦嚄說
周而毋比,周而不比
呱呱滾仔,喋喋不休的
呱喇嫲,說三道四
味,味道
味,菜湯
味碟仔,碟子
味緒,味道
味緒,風味
味道當重,味道很重
呵事無做忒,呵事情沒做完
呵呵咄咄,怒斥
呵呵啊,哈一哈
呵有恁多人,呵有這麼多人
呶呶毋休,呶呶不休
呷撇,咬完
呷撇,咬掉
呸,吐掉
呸口潾,吐口水
呸忒,吐完
呸忒,吐掉
呻生呻死,哀聲歎氣
呼應,照應
命令,下令
命令,號令
命底,命中
命底,天命
命恁歪,命這麼不好
命歪,命不好
命歪,命壞
命毋牢,命不牢
命毋該絕,命不該絕
命細福薄,命小福薄
命重,命底厚重
命長食得飯多,人活著才能吃多
咄,喝斥
咄責,斥責
咈來,吃來
咈去,吃去
咈著,吃到
和,應和
和合,和絡
和合,好合
和和挼挼,和和樂樂
和尚,僧侶
和尚仔,僧侶
和尚仔,和尚
和尚仔,道士
和尚食八方,和尚吃八方
和得著,和得了
和挼,和睦
和核來,栓緊
和核來,緊密
和毋著,不符合
和毋著,兜不攏
和而毋同,和而不同
和音,諧音
咒上咒下咒自家,害人害己
咒孤罵絕,用狠話罵人
咒誓,發毒誓
咒誓,發誓
咒過罵絕,詛咒人橫屍野外
咕咕咕咕,嘀嘀咕咕
咖啡色,褐色
咚咚咚咚,呢呢噥噥
咧,了
咬人个狗兒毋露齒,咬人的狗兒不露齒
咬合毋正,咬合不正
咬得落,咬得動
咬忒,咬完
咬忒,咬掉
咬折丁子个老婆,咬折丁子的老婆
咬撇,咬完
咬撇,咬掉
咬核,咬緊
咬核,密合
咬死去,咬死掉
咬群个騾子,咬群的騾子
咬臍毋斷帶,咬臍不斷帶
咬著,咬到
咬薑啜醋,以薑醋拌飯
咬薑啜醋,生活儉苦
咬薑啜醋,生活清苦
咬軋,齟齬
咭咭滾,咭咭叫
咭咭滾,狀聲詞
咭聲,咭聲音
咯咯跳,咯咯叫
咳咳滾,咳咳叫
咳咳滾,狀聲詞
咻咻咻咻,微痛
哀个美敦書,哀的美敦書
哀仔,母親
哀哀滾,哀哀叫
哀哀滾,狀聲詞
哀而毋傷,哀而不傷
哄了一日係兩晌,哄了一日是兩晌
哇哇滾,哇哇哭
哈哈滾,哈哈叫
哈哈滾,狀聲詞
哈姆,火腿
哊乳,吐奶
員外妹仔,員外女兒
哥哥毋在家,哥哥不在家
哦,喔
哨仔,響笛
哩哩嘍嘍,哩哩喚喚
哩喲,吧
哩喲,語詞
哪久,什麼時候
哪久,何時
哪久愛轉來,何時要回來
哪久時,什麼時候
哪久時,哪時
哪仔,到處
哪仔,哪裡
哪位,哪裡
哪位人,哪裡人
哪位仔,什麼地方
哪位仔,哪裡
哪位項,什麼地方
哪位項,哪裡
哪係,哪是
哪個,哪一個人
哪兒个話,哪兒的話
哪兜,哪些
哪兜人,哪些人
哪央時,何時
哪家,哪一家
哪搭位仔,什麼地方
哪日,哪一天
哪時,什麼時候
哪時,何時
哪時節愛考試,哪時候要考試
哪會,怎麼會
哪有無影啦,哪有不實啦
哪有無影啦,哪裡哪裡
哪樣,哪一樣
哪樣人,怎樣的人
哪款人,哪一種人
哪無,哪裡沒有
哪片,哪一邊
哪片,哪邊
哪知,哪裡知道
哪知,怎知
哪種,哪一種
哪跡,哪裡
哪量時,什麼時候
哪隻,哪一個
哪隻,哪一隻
哪隻,哪個
哪項,哪一項
哪頭,哪一頭
哪頭,哪棵
哯,吐出來
哱,噴湧
哱出,湧出來
哱哱猋,跳動不止
哱哱飆,驚懼而心跳
哱微,密封
哱泡,湧出泡沫
哱波,冒泡
哴哴滾,哴哴叫
哴哴滾,狀聲詞
哺到,抽到
哺菸,吐菸
哺菸,抽菸
哽死,噎死
哽著,噎著
唆慫,唆使
唆慫,唆使慫恿
唆慫,慫恿
唆慫,教唆
唉哦,哇
唉唉㗱㗱,怨歎連連
唉唉唧唧,哀聲嘆氣
唉唉唧唧,唉唉呀呀
唉唉嘖嘖,哀聲嘆氣
唉唉滾,唉唉叫
唉唉滾,狀聲詞
唊唊滾,話多
唊嘴,話說不停
唊嘴牯,愛說話的人
唐僧,唐三藏
唐山秋沙鴨,唐秋沙
唚,親
唚唚㰵㰵,親嘴
唚嘴,親嘴
唧唧唧唧,唧唧
唧唧啐啐,嘆息
唧唧啐啐,耳語不斷
唧唧滾,唧唧叫
唧唧滾,狀聲詞
唩唩喊喊,呼叫不止
唯利係圖,唯利是圖
唯利係從,唯利是從
唯利係求,唯利是求
唯利係視,唯利是視
唯命係從,唯命是從
唯命係聽,唯命是聽
唯恐毋及,唯恐不及
唯𠊎,唯我
唯𠊎獨尊,唯我獨尊
唯𠊎論,唯我論
唱个,唱的
唱歌仔,唱歌
唱歌仔,歌唱
唶力,吸力
唶心甜,超甜
唶管,吸管
唸唸,嘮叨
唸唸唸唸,嘮嘮叨叨
唸唸唸唸,說個不停
唸撇,唸完
唸著,唸到
唸講,唸說
唾係命,唾是命
啁人,糾纏他人
啄啊啄仔,啄啊啄的
啄痀啄痀,精神不振
啄目睡,打瞌睡
啄著,啄到
啄龜,打盹
啄龜,打瞌睡
啉,喝
啉毋落,喝不下
啉水,喝水
啉酒,喝酒
啊佢,啊他
啊無,啊沒
問,詢問
問仙,牽亡魂
問啊去,問了
問安,問候
問安,請安
問著,問到
問講,問說
問題,疑問
啜嚼,挑剔
啜粥罅湯,稀粥淡湯
啞仔,啞巴
啞劇,默劇
啞子食黃連,啞子吃黃連
啞巴食黃連,啞巴吃黃連
啞狗,啞巴
啞狗妹,啞巴妹
啣草做竇,啣草築巢
啦,吧
啦嘎,話多吵雜
啦歌哩曲,哼哼唱唱
啦歌哩曲,哼著歌曲
啷洗,諷刺
啷細,諷刺
啼,雞啼
啾啾滾,啾啾叫
啾啾滾,鳥鳴聲
啾嚌,不隨和
啾嚌,人挑剔
啾紅,很紅
啾紅,深紅
喀痰,咳痰
喁毛,愛計較
喃喃呢呢,不果決
喃喃喃喃,嘮嘮叨叨
善意个謊言,善意的謊言
喇叭嘴,喇叭口
喇叭聲,號角聲
喇叭花,百合花
喇喇撥撥,礙手礙腳
喉嗹,喉嚨
喉嗹,喉部
喉嗹徑,喉嚨
喉嗹胲,咽喉
喉嗹胲,喉嚨
喉嗹頭,喉嚨
喉死目死,一副可憐
喊,叫
喊,喊叫
喊,喚
喊人,叫人
喊人,問好
喊佢,叫他
喊佢,喊他
喊做,叫做
喊到,叫到
喊呼蛇,眼鏡蛇
喊得應,立即見效
喊揫來,叫過來
喊揫來,叫齊來
喊毋得,叫不成
喊毋應,叫不應
喊毋應,喊不聽
喊等,喊著
喊聲,叫聲
喊聲胲,大聲叫喊
喊著,叫到
喊計程車毋使愁停車問題,叫計程車不必煩惱停車問題
喊講,叫道
喋喋滾,誇言貌
喔喔滾,喔喔叫
喘毋過氣來,喘不過氣來
喜上樹,喜往上樹
喜怒毋形於色,喜怒不形於色
喜毋自勝,喜不自勝
喜毋自禁,喜不自禁
喝一聲,大叫一聲
喝喝咄咄,厲聲叱罵
喝喝咄咄,大聲斥責
喝喝滾,大聲呼叫
喪忒,夭折
喫,啃
喫力毋討好,喫力不討好
喫桃,月桃
喫甘蔗,啃甘蔗
喫著毋盡,喫著不盡
喫虧个係乖，占便宜个係獃,喫虧的是乖，占便宜的是獃
喫雞髀,啃雞腿
單丁子,獨子
單丁子,獨生子
單个兒,單個兒
單人獨馬,單槍匹馬
單儕,一人
單儕,單單一人
單則係,單則是
單單,僅僅
單家園屋,獨立住家
單弦講唱,單弦說唱
單數,奇數
單木毋成林,單木不成林
單槓屋,一條龍
單淨,僅僅
單淨,僅只
單淨,只是
單淨,唯獨
單淨,單單
單淨係,僅僅是
單淨係,只是
單淨係,清一色都是
單淨係,都只是
單瞼目,單眼皮
單絲毋線,單絲不線
單薄,薄弱
單身,獨自一人
單身,自己一人
單身哥,單身漢
單身哥,羅漢腳
單身哥仔,單身漢
單輪車,獨輪車
單轉,單程
單頭,單據
單頭話,一面之詞
單頭話,單方話
嗄,卻
嗄,反而
嗄,怎麼
嗄來,卻來
嗄係,卻是
嗄去,卻去
嗄去,反而去
嗄去,就去
嗄同衫褲扯開,卻把衫褲撕開
嗄嗄滾,嗄嗄叫
嗄嗄滾,狀聲詞
嗄愛,卻要
嗄有,卻有
嗄有,竟有
嗄有,而有
嗄飯,卻飯
嗋力,磁力
嗋石,磁石
嗋石,磁鐵
嗋石棍,磁鐵棒
嗋石礦,磁鐵礦
嗋鋼,磁石
嗋鋼,磁鐵
嗎係,嗎是
嗎好,嗎愛
嗑嗑滾,喋喋不休
嗑嗑滾,說不停
嗒歃,作用
嗒歃,過癮
嗒渧貨,三八婦
嗒看啊,嚐嚐看
嗔拳毋打笑面,嗔拳不打笑面
嗙胲蛇,中華眼鏡蛇
嗙胲蛇,眼鏡蛇
嗙風,打氣
嗡嗡滾,嗡嗡叫
嗨嗨呻,嗨嗨呻吟
嗬,吧
嗬,喔
嗶啵呸,嗶啵吐掉
嗶啵樹,朴樹
嗶嗶仔,哨子
嗶嗶仔,笛子
嗶嗶跳,暴跳如雷
嗽,咳嗽
嘀咕著,嘀咕穿
嘀嘀咄咄,不停低聲說話
嘀嘀咄咄,嘀嘀咕咕
嘉獎,獎勵
嘉盛莊莊頭,嘉盛庄庄頭
嘍狗,喚狗
嘍狗相咬,叫狗打架
嘍狗相咬,排撥是非
嘓啅嘓啅个,嘓啅嘓啅的
嘔,吐
嘔出來,吐出來
嘔血,吐血
嘖嘖啐啐,細語不斷
嘛嗬,嘛啊
嘛嘛噭,嘛嘛哭
嘜古,麥克風
嘟嘟,嘟著
嘩嘩滾,熱鬧喧嘩
嘰嘰嘎嘎,嘰嘰喳喳
嘴,嘴巴
嘴上無毛，辦事毋牢,嘴上無毛，辦事不牢
嘴勺勺仔,看得出神
嘴嘟嘟,嘟嘴
嘴嘟嘟仔,嘟著嘴
嘴嘟嘟仔,生氣而嘴脣噘起
嘴嘟鼻翹,嘟嘴歪鼻不高興
嘴尾,口才
嘴尾,口條
嘴屈屈,口拙
嘴底肚,嘴裡
嘴扁,想哭
嘴揞仔,口罩
嘴擘擘,嘴巴開開的
嘴擘擘,嘴開開
嘴擘擘,張開嘴巴
嘴毋好,嘴不好
嘴毋穩,嘴不穩
嘴渴,口渴
嘴燥,口乾
嘴燥,口渴
嘴甜舌滑,油腔滑調
嘴癌,口腔癌
嘴硬屎胐腍,嘴硬心軟
嘴碼,口才
嘴空,口腔
嘴竵竵,嘴歪歪
嘴肚,嘴裡
嘴落仔,口罩
嘴路毋開,食慾不振
嘴項,嘴裡
嘴食屎,嘴吃屎
嘴鬚,鬍鬚
嘶胲另命,聲嘶力竭
嘺人,糾纏煩人
嘻嘻哈哈,嘻笑玩樂
嘿嘿滾,聲勢浩大
噍,咀嚼
噍,嚼
噍吧哖事件,西來庵事件
噍噍仔,嚼一嚼
噍嚼,咀嚼
噍綿慢吞,細嚼慢嚥
噍飯,嚼飯
噗个一聲,噗的一聲
噥噥,嘮叨
噥噥,嘮叨不休
噥噥公,嘮叨不休的人
噥噥哢哢,嘟嘟嚷嚷
噥噥哢哢,嘮叨
噥噥哢哢,嘮嘮叨叨
噥噥哢哢,多言不斷
噥噥哢哢,小聲嚷嚷不停
噥噥哢哢,碎念不止
噥噥噥噥,嘮嘮叨叨
噦喤殺天,大聲哭喊
噦噦滾,哇哇叫
器具,工具
器宇毋凡,器宇不凡
器滿就傾,器滿則傾
器細易盈,器小易盈
噩夜,熬夜
噭,哭
噭到,哭到
噭哀哀,哭哀哀
噭噭仔,哭一哭
噭噭滾,連續叫聲
噭垂垂仔,哭泣
噭得轉,哭的回來
噭日噭夜,整天哭
噭無目汁,欲哭無淚
噭眵,哭泣
噭眵調,哭調
噭聲,哭聲
噯敢係這條路,噯真是這條路
噴噴出,溢出來
噴噴香,香噴噴
噴噴香,香氣四溢
噴壺个兒子,噴壺的兒子
噴睡,熟睡時打鼾
噴著,噴到
噴香,香噴噴
噴香,香氣四溢
噶个點兒,噶個點兒
噼撇,爆掉
噼撇,爆炸
噼腦,腦溢血
噼腦筋,腦中風
噼著,爆到
嚇到會死,嚇到要死
嚇大嚇細,危言聳聽
嚇爛,嚇破
嚇癲,嚇瘋
嚇著,受到驚嚇
嚇著,嚇到
嚌嚌啾啾,聲音吵雜
嚴懲毋貸,嚴懲不貸
嚴條,嚴格
嚴條,規定嚴格
嚴肅,嚴謹
嚶喔个,嚶喔的
嚼講,嚼說
囁囁動,一開一合
囁囁動,嘴巴一張一合
囊蜺仔,蜻蜓
囓,咬
囓掣,吝嗇
囓鬼,諷吝嗇之人
囚攮个,囚攮的
四个堅持,四個堅持
四个現代化,四個現代化
四十外,四十多
四十零,四十多
四向,四方
四四散散,分布很廣
四四散散,散落四方
四四散散,散落四處
四四角角,四四方方
四四角角,方正
四圍,四周
四姊嫂,四妯娌
四方八面,四面八方
四暢,很高興
四月八,農曆四月八
四朝,第四天
四柱骨,四肢骨頭
四毋像,四不像
四毋拗六,四不拗六
四湖莊頭,四湖庄頭
四片,四邊
四片向,四邊向
四腳惹天,四腳朝天
四葉紫蘇,下田菊
四葉蓮,及己
四角,四周
四角,四方形
四角頭,四周
四門六親,三親六眷
四門六親,各種親戚
四門透底,門戶洞開
四隻,四個
四髀兩爪,四分五裂
四體毋勤，五穀毋分,四體不勤，五穀不分
四點根,紫花酢漿草
回回蒜,禺毛莨
回復,恢復
回復,答覆
回憶,記憶
回收資源,拾荒
回敬,反擊
回答問題,答疑解惑
回聘,回聘禮
回轉,回去
回轉,掉轉
回轉,返回
回轉來,回來
回音,答覆
回頭,等一會兒
回頭,等會
回頭,轉頭向後
因爭,因為
因爭,由於
因細見大,因小見大
囤,積聚
囤雨筒,貯水筒
囥,藏匿
囥,隱蔽
囥人尋,捉迷藏
囥人尋鳥,彩鷸
囥到,躲到
囥到,躲在
囥在門後背,藏匿在門後面
囥撇,藏完
囥核,藏住
囥核,藏緊
囥歇,藏匿歇
囥步,隱匿絕招
囥毋歇,藏不住
囥泥空,死去了
囥泥空,死掉了
囥等,收藏
囥等,藏著
囥等,藏起來
囥著,藏在
囥起來,藏起來
囥起來,躲起來
困苦,艱苦
困難,不容易
囹仔,監獄
國家資訊通信基本建設推動細組,國家資訊通信基本建設推動小組
國將毋國,國將不國
國庫,國庫署
國毋可一日無君,國不可一日無君
國毋堪貳,國不堪貳
國民細學,國民小學
國際珍古德教育同保育協會,國際珍古德教育及保育協會
圍䟘來,圍起來
圍圍緊,圍緊
圍核,圍住
圍核,圍緊
圍核,圍著
圍牆下,圍牆下方
圍等,圍繞著
圍肚巾,肚圍
圍身,身體
圍身,軀體
圍身裙,圍裙
圍身項,圍身上
園仔,園子
園項,園子裡
園項,園裡
圓喇叭,圓號
圓圈仔,圓圈
圓圈形,圓形
圓圓,圓圓的
圓圓,很圓
圓圓仔,圓圓的
圓墳,新墳落成
圓子,彈珠
圓廟,新廟落成
圓律律仔,非常圓
圓扁嘴,很圓滑
圓滴滴,圓潤的
圓滾滾,很圓的
圓珠仔,彈珠
圓珠臺,彈珠臺
圓粄花,千日紅
圓翼紫斑蝶,圓翅紫斑蝶
圓身,身體
圓身,軀幹
圓身,軀體
圓領仔,圓領
圖為毋軌,圖為不軌
圖牆,圍牆
圖謀毋軌,圖謀不軌
圖講,圖說
圖食,貪吃
團魚,鱉
團魚仔,鱉
土剪仔,螻蛄
土地伯公,土地公
土地伯公,福德正神
土地脣頭,土地旁邊
土密樹,刺杜密
土牛个,土牛的
土牛溝,土牛番界
土狗仔,螻蛄
土狗仔,蟋蟀
土霸,惡霸
土霸霸,土裡土氣
土香菜,假吐金菊
土鴨仔,土鴨
在,在於
在,於
在,當
在世,活著
在人矮簷下，怎敢毋低頭,在人矮簷下，怎敢不低頭
在哪位,在哪兒
在哪位,在哪裡
在在,不慌亂
在在,穩固
在在,穩當
在地个,在地的
在學校做職員,在學習校做職員
在所毋免,在所不免
在所毋惜,在所不惜
在所毋辭,在所不辭
在毋夷毋惠之間,在不夷不惠之間
在洗衫,在洗衣服
在生,在世
在生,活著
在行,內行
在該,在那兒
在該位,在那裡
在該做,在做
在該坐車,在搭車
在該學習,在學習
在該挑戰,在挑戰
在該搞,在玩
在該歕雞胲仔,在吹氣球
在該泅水,在游泳
在該洗身,在洗澡
在該煮飯,在煮飯
在該看電視,在看電視
在該讀書,在讀書
在該食飯,在吃飯
在這位,在這兒
在這位,在這裡
在飯店歇一夜,在飯店休息一晚
地下个,地下的
地動,地震
地動報告,地震報告
地動帶,地震帶
地動規模,地震規模
地啄樹鳥,地啄木
地圾,垃圾
地圾場,垃圾場
地圾減量,垃圾減量
地層漯下,地層凹陷
地斬頭,天芥菜
地斬頭,毛蓮菜
地棉根,南嶺蕘花
地毯恁屙糟,地毯這麼骯髒
地泥,地上
地泥,地板
地泥下,土壤裡
地泥下,地上
地泥下,地下
地泥下,泥土裡
地泥頂,地板上
地泥項,地上
地泥項,地板上
地無毋載,地無不載
地牛翻身,地震
地理,堪輿
地理先生,勘輿師
地盤弓起,地盤隆起
地豆,花生
地豆,落花生
地豆仁,花生米
地豆油,花生油
地豆米,花生米
地面天時圖,地面天氣圖
地黃根,異葉馬兜鈴
地黃瓠,異葉馬兜鈴
圳底牛,左右逢源
圳溝,水渠
圳溝,水溝
圳溝,溝渠
圳溝肚,溝渠裡
圳溝脣,水渠旁邊
圳溝脣,水溝旁
圳溝脣,水溝旁邊
圳溝脣,溝渠旁邊
圳溝項,水渠裡
圳溝項,水溝裡
圳溝項,溝渠裡
圳頭莊頭,圳頭庄頭
坐,搭乘
坐上橫桌,坐主位
坐上橫桌,坐大位
坐上頭,坐上位
坐啊落去,坐下去
坐囹仔,坐牢
坐尞,串門
坐尞,串門子
坐尞,坐下休息
坐尞,坐下閒談
坐尞,聊天
坐尞,走訪
坐捷運做毋得食東西,搭捷運不可以吃東西
坐撇,坐了
坐撇,坐完
坐核,坐住
坐桌,入餐席
坐正,坐端正
坐毋垂堂,坐不垂堂
坐毋安席,坐不安席
坐毋改姓，行毋改名,坐不改姓，行不改名
坐毋核,坐不住
坐毋穩,坐不穩
坐毋窺堂,坐不窺堂
坐涼,乘涼
坐涼,坐下乘涼
坐火車,搭火車
坐火車愛先買票,搭火車要先買票
坐禪,靜坐
坐稈仔,坐牢
坐等,坐著
坐等呆呆,坐著發愣
坐等等,坐著等
坐管,坐牢
坐管仔,坐牢
坐聊,坐下來休息
坐船,搭船
坐落,坐下
坐落去,坐下去
坐車,乘車
坐車,搭車
坐車仔,坐車
坐車仔,搭車
坐轎,乘坐轎子
坐轎,搭乘轎子
坐過䢍,坐過頭
坐飛行機較遽,搭飛機比較快
坐食山崩,坐吃山崩
坐食山空,坐吃山空
坐食山空，立食地陷,坐吃山空，立吃地陷
坑口,河口
坑壢,小溪
坑壢,山溝小溪
坑壢,山谷水溝
坑壢,河谷
坑壢,溪谷
坑壢脣,溪邊
坑底,小河底
坑底,溪底
坑肚,小水流裡
坑肚,小河裡
坑肚,溪裡
坑脣,小水流邊
坑脣,小溪邊
坑脣,溪邊
垃圾,不乾淨
垃圾,很髒
垃圾,骯髒
垃圾,髒亂
垃垃圾圾,骯骯髒髒
型式,樣子
垤,塊
垺,堆
埋埋撇,埋掉
埋忒,埋完
埋忒,埋掉
埋撇,埋完
埋撇,埋掉
城肚,城市裡
城肚,城裡
城開毋夜,城開不夜
埔仔,旱地
埔姜仔,黃荊
埔頂,頂端
埔頂,高原頂
埤塘下莊頭,埤塘下庄頭
執作,權勢
執作,魄力
執性,固執
執性,固執的個性
執法毋阿,執法不阿
執而毋化,執而不化
培育,培養
培養,培育
培養盤,培養皿
基礎,奠基
堂拜好,拜好堂
堅定毋移,堅定不移
堅忍毋拔,堅忍不拔
堅持毋懈,堅持不懈
堅毅毋拔,堅毅不拔
堅毅毋撓,堅毅不撓
堅毋可摧,堅不可摧
堅耐,剛毅堅忍
堅貞毋屈,堅貞不屈
堅韌毋拔,堅韌不拔
堆堆,成批
堆山塞海,東西很多
堆山塞海,眾多
堆山塞海,繁多
堆打堆,一堆堆
堆打堆,積聚如山
堆稈,堆稻稈
堆糞,堆肥
堋个,堋的
堤唇,堤邊
堪堪裁裁,躑躅
堪好,堪愛
堪得,受得了
堪得,活該
堪毋去,承擔不起
堪毋得,不值得
堪毋得,承受不起
堪該,該當如此
報冤仇,報仇
報告細說,報告小說
報喜毋報憂,報喜不報憂
報導,播報
報應,報喜
報應毋爽,報應不爽
報盤兒个,報盤兒的
報銷,報帳
場所,場地
堵仔,支撐架
堵來堵去,推來推去
堵到,遇到
堵嘴,頂嘴
堵嘴塞鼻,言辭頂撞
堵堵,剛
堵堵,剛剛
堵堵,方才
堵堵來,剛好來
堵堵好,剛剛好
堵堵好,剛好
堵堵好,恰好
堵堵撐撐,礙手礙腳
堵堵罅,剛好夠
堵堵罅,剛好足夠
堵堵起來,剛起來
堵好,剛好
堵好,恰好
堵好,正好
堵好,湊巧
堵忒,堵塞
堵數,抵帳
堵數,抵賬
堵核,堵塞
堵胲,吃得太飽
堵腹以婚,指腹為婚
堵腹為婚,指腹為婚
堵著,堵塞
堵著,塞住
堵著,塞著
堵著,碰到
堵著,遇到
堵著,遇見
堵該,塞那
堵起來,剛起來
堵起來,塞起來
堵頭,相遇
塊係,塊是
塌啊忒,塌掉
塌底,底部爛掉
塌底,穿底
塑膠絡仔,塑膠袋
塑膠落仔,塑膠袋
塘涵,水閘
塘盎泥,黏土
塘虱,胡鯰
塘虱,鯰魚
塘鶴仔,池鷺
塚,墳墓
塚埔,墓地
塞仔,塞子
塞仔,活塞
塞塞,充塞不通
塞塞,繁茂
塞塞,茂密
塞塞,茂盛
塞忒,塞住
塞緪,塞緊
塞著,堵住
塞著,堵塞
塞著,塞住
塞著,塞到
塞車,擁堵
塠倒,跌倒
塠到,摔到
填忒,填完
填忒,填掉
塵灰,塵土
塵灰,灰塵
墊仔,墊子
墊仔,墊板
墊錢,代墊
墊錢,先墊付錢
墊錢,賠本
墊頭,當枕頭來墊
墓仔埔項,墓地
墓仔田項,墓地
墓埔,墳場
墜下來,垂下來
墜下來,墬落
墜下來,摘下
墜墜,下垂
墜氣,小腸氣
墜氣,疝氣
增志,有志氣
增志,爭氣
增添,增加
墨,墨塊
墨,墨條
墨斗,花枝
墨斗魚,墨魚
墨盤,硯臺
墩,叢
墯甑毋顧,墯甑不顧
墳前項,墳前
墾荒,開墾
壁,牆
壁,牆壁
壁,筆直
壁上,牆壁上
壁外,牆壁外
壁直,筆直
壁竳,筆挺
壁縫,牆縫
壁背,牆後
壁蛇,壁虎
壁蛇,守宮
壁角,牆角
壁角,角落
壁角項,牆角上
壁轉忒,牆倒塌
壁邊,牆邊
壁釘仔,牆釘仔
壁頂,牆上
壁項,牆上
壁項,牆面
壅塞塞,完全蓋住
壅塞塞,蓋滿
壅塵打灰,滿佈灰塵
壅泥,培土
壅被骨,蒙在被窩
壓毋住,壓不住
壓逼,壓迫
壞勢,不好意思
壞勢,對不起
壞命人,命不好的人
壞咧無帶著筆,壞咧沒有帶到筆
壞忒,壞掉
壞手壞腳,殘疾
壞手腳,手腳不乾淨
壞掉,壞忒
壞撇,壞掉
壞漦,糟糕
壞漦,脾氣不好
壞畜,難養
壞癖,壞脾氣
壞看,難看
壞膣壞鳥,破舊不堪
壞處,缺點
壞蹄,糟糕
壞蹄哩,糟糕了
壞銅壞鐵,爛銅爛鐵
壞陋,不好用
壞陋,不順
壞陋,糟糕
壠下崎,壠下坡
壠下崎就,壠下坡就
壢,水流沖蝕形成的山溝
壢溝,排水溝
壢溝糜,爛泥巴
壢溝肚,水溝裡
壢西坪莊頭,壢西坪庄頭
士可殺毋可辱,士可殺不可辱
士可殺，毋可辱,士可殺，不可辱
壯心毋已,壯心不已
壯旺,壯盛
壯旺,強健
壽年,壽命
壽年,年壽
壽星食砒霜,壽星吃砒霜
夏爐冬扇,不合時宜
夏蟲毋可語冰,夏蟲不可語冰
外仔,以外
外位,外地
外位人,外地人
外國貨,舶來品
外型,形狀
外家,娘家
外家頭,娘家
外屋裡个灶君爺,外屋裡的灶君爺
外形,形狀
外形,樣式
外族,異族
外明毋知裡暗,外明不知裡暗
外水,外快
外洋,海外
外甥仔,外甥
外省仔,外省人
外背,外面
外背,戶外
外背人,外面的人
外背人,外頭的人
外背恁好天,外面這麼晴天
外背日頭恁烈，出門愛記得戴帽仔,外面太陽很大，出門要記得戴帽子
外莊,外地
外莊,村外來
外衫,外衣
外鄉,外地
外阿婆,外婆
外項,外面
多一事毋如少一事,多一事不如少一事
多一事毋如省一事,多一事不如省一事
多一息,多一些
多元毋飽和脂肪酸,多元不飽和脂肪酸
多嘴牯,話多者
多嘴牯,長舌男
多大細,多大小
多孔竅,多心機
多孔竅,詭計
多孔竅,詭計多端
多少,一點點
多少,多多少少
多少,多寡
多少,或多或少
多少係好,多少是好
多少儕,多少人
多得毋如少得,多得不如少得
多擺,多次
多歲个,多歲的
多毋勝數,多不勝數
多管係,多管是
多行毋義必自斃,多行不義必自斃
多言必失,言多必失
多講,多餘
多講,繼續說
多謝若个照顧,多謝你的照顧
多道散講,多道散說
多食兜仔,多吃點
夜兒个,夜兒個
夜合,夜合花
夜合花,夜合
夜呱,夜鷺
夜市仔,夜市
夜摸仔,夜貓子
夜毋收,夜不收
夜毋閉戶,夜不閉戶
夜路行多堵著鬼,夜路走多了會碰到鬼
夜路行多堵著鬼,夜路走多遇到鬼
夜雨,夜裡下雨
夜鴰,夜鷺
夠毋上,夠不上
夠瞧个,夠瞧的
夢打好,夢打愛
夢裡肚,夢裡
夥房屋,伙房
夥計,情婦
大个,大個
大个,大的
大个兒,大個兒
大个子,大個子
大主大意,擅自作主
大事化為細事，細事化為沒事,大事化為小事，小事化為沒事
大事化細，細事化無,大事化小，小事化無
大事毋好,大事不好
大事毋妙,大事不妙
大人毋計細人過,大人不計小人過
大人毋記細人過,大人不記小人過
大人細子,大人小孩
大伯,伯父
大伯,大伯父
大伯,阿伯
大伯姆,大伯母
大伯勞,楔尾伯勞
大位,尊位
大位,高位
大信毋約,大信不約
大傲,驕傲
大光國細,大光國小
大兜,大些
大兜仔,大一些
大冇樹,稜果榕
大冇樹,血桐
大出,盛產
大前日,大前天
大包細包,大包小包
大匠毋斲,大匠不斲
大南蛇,大蟒蛇
大可毋必,大可不必
大吆細喝,大吆小喝
大同細異,大同小異
大呼細叫,大呼小叫
大呼細喊,大呼小喊
大哀,大媽
大哥,大哥哥
大啜烏鴉,巨嘴鴉
大喊,大叫
大喜个日子,大喜的日子
大器細用,大器小用
大噭,大哭
大圳水,大水溝的水
大圳水,大溝渠的水
大圳溝,大水溝
大坑尾莊頭,大坑尾庄頭
大坵个,大塊的
大坵嫲,特大塊的田
大垤,大塊
大士爺,大老爺
大大,大幅
大大力,很大力
大大把,很大把
大大粒,大大顆
大大細細,大大小小
大大聲,很大聲
大天鵝,黃嘴天鵝
大姨,大姨媽
大娘姊,丈夫之姊
大娘姊,大姑
大婆,大老婆
大婆細姐,妻妾
大婦細妻,大婦小妻
大嫲,很大
大嫲尾,很大一尾
大嫲抔,很大一堆
大嫲條,很大一條
大嫲牯,大嫲公牛
大嫲粒,很大一粒
大嫲粒,很大一顆
大嫲聲,很大聲
大字,大楷
大字,書法
大安河背項,大安河後面
大宋細宋,大宋小宋
大宴細酌,大宴小酌
大家,人們
大家共下來去打鬥敘,大家一起去聚餐
大家愛相信佢,大家要相信他
大家細戶,大家小戶
大寮坑莊頭,大寮坑庄頭
大屋,棺材
大山中頂,大山山頂
大山椒鳥,花翅山椒鳥
大山細山,大山小山
大年初一,新年頭一天
大年夜食餃子,大年夜吃餃子
大年大節,大節日
大廝毋道,大廝不道
大廳下,大廳堂
大彎啜濫泥鳥,滸鷸
大後日,大後天
大恩大情,大恩大德
大恩毋謝,大恩不謝
大意,摘要
大愚毋靈,大愚不靈
大戇仔,大笨蛋
大戇牯,大傻瓜
大戴細戴,大戴小戴
大戶仔人,大戶人家的人
大手帕,大方巾
大拚掃,大掃除
大排崠,大排列崠
大搖籃脣,大搖籃旁
大搖籃脣,大搖籃旁邊
大搖籃脣,大搖籃邊
大擋手个,大擋手的
大擘擘,不可一世
大擘擘,自大
大斗細秤,大斗小秤
大是毋同,大是不同
大本山芹菜,禺毛莨
大材細用,大材小用
大杖就走,大杖則走
大杖就走，細杖就受,大杖則走，小杖則受
大核包,睪丸疝氣
大核卵,疝氣
大條,架子大
大條,粗線條
大條,跩
大樹下,大樹下方
大樹林肚項,大樹林裡
大樹林肚項,大樹林裡面
大樹林肚項,大樹林裡頭
大樹頂項,大樹上
大樹頂項,大樹上面
大毋了,大不了
大毋係,大不是
大毋如前,大不如前
大毋安,大不安
大毋應係,大不應是
大毋敬,大不敬
大毋易,大不易
大毋相同,大不相同
大毋自在,大不自在
大毋過,大不過
大水樵,漂流木
大水雉鳥,大水薙鳥
大汗過細汗,汗流浹背
大沙蔗鶯,大葦鶯
大河細說,大河小說
大河脣,大河旁邊
大法細廉,大法小廉
大海脣,大海邊
大清潔,大掃除
大湖莊頭,大湖庄頭
大湖街路,大湖街道
大漢,個子大
大漢,排行在先
大漢,身材高大
大漢䟘來,長大起來
大漢个,個子大的
大漢个,排行在先的
大漢个,身材高大的
大漲細回,大漲小回
大澇翼仔,布穀
大濛煙,濃霧
大烏滴扚蛄,大黑叩頭蟲
大烏鷯仔,泰國八哥
大爺二爺,七爺八爺
大牙,臼齒
大牙板,臼齒
大王椰仔,大王椰子
大班劇,大班級劇
大理石,大理岩
大甲媽祖婆,大甲媽祖
大甲河,大甲溪
大甲河脣,大甲河旁
大甲河脣,大甲河旁邊
大甲河脣,大甲河邊
大甲溪底背,大甲溪裡面
大男仔人,成年男子
大男細女,大男小女
大番薯,笨蛋
大發,大膨脹
大白日裡借毋出个乾燈盞來,大白日裡借不出個乾燈盞來
大白鶴仔,大白鷺
大盾背臭鼻蟲,大盾背椿象
大眼望細眼,大眼望小眼
大眼看細眼,大眼看小眼
大眼瞪細眼,大眼瞪小眼
大睹係,大睹是
大矻,大團
大矻,大塊
大福毋再,大福不再
大禾埕,大晒穀場
大秤仔,大秤
大秤分金銀，大碗食酒肉,大秤分金銀，大碗吃酒肉
大空,大洞
大竹樓底肚,大竹樓裡面
大筒頭衫,大筒棵上衣
大箍,肥胖
大箍,腰圍大
大箍牯,大胖子
大管係,大管是
大簿,收支帳簿
大粒,大顆
大約,大概
大紅啄樹鳥,大赤啄木
大紅花,朱槿
大細,大小
大細,子女
大細事,大小事
大細事務,大小事務
大細事情,大小事情
大細人兒,大小人兒
大細仙仔,連襟
大細便,大小便
大細南勢,大小南勢
大細廝,大小廝
大細心,偏心
大細李將軍,大小李將軍
大細析,大小片
大細歐陽,大小歐陽
大細毋一,大小不一
大細目,大小眼
大細金瓦寺,大小金瓦寺
大老粗,蠻橫不明理
大老縣官,縣大老爺
大聲兜,大聲點
大聲喊,喊叫
大聲細氣,大聲小氣
大聲胲,大嗓門
大肚屎,大肚子
大肚屎,懷孕
大肚摑,大肚魚
大肚膕,大肚魚
大肚膕,食蚊魚
大胲,大脖子
大胲,甲狀腺腫
大腳板,大腳丫
大腳髀,上臂
大腳髀,大腿
大腸告細腸,大腸告小腸
大自家,大家
大致講來,大致說來
大般,大方
大花蝦公夾仔,大花咸豐草
大茶罐,龍紋大陶罐
大草馬,大螳螂
大莊頭項,大村子裡
大莊頭項,大村莊裡
大菜,芥菜
大菜,長年菜
大落價,價格暴跌
大葉榕,雀榕
大著,大穿
大薸仔,大萍
大藥頭,苦藍盤
大處著眼，細處著手,大處著眼，小處著手
大號奶兒草,大飛揚草
大號烏蠅翼,火炭母草
大號硬釘樹,刺杜密
大號鵓鴣酸,紫花酢漿草
大號鹽酸仔,紫花酢漿草
大蛇哥,大蛇
大蟲毋食伏肉,大蟲不吃伏肉
大蟲食細蟲,大蟲吃小蟲
大蠻槌,蠻橫不明理
大行大嫁,明媒正娶
大街細巷,大街小巷
大裙,大裙子
大話細結果,大話小結果
大貨仔,大哥
大貨車,大卡車
大賊海鵝,大賊鷗
大賊牯,大盜
大賣場,量販店
大起價,價格飆漲
大跌細漲,大跌小漲
大路,馬路
大軸子裹細軸子,大軸子裹小軸子
大輩,長輩
大辯毋言,大辯不言
大逆毋孝,大逆不孝
大遮哥,大傘
大郎伯,丈夫之兄
大郎伯,大伯
大都市,都會
大醇細疵,大醇小疵
大鉤嘴畫眉,大彎嘴
大鑊,大鍋
大鑊頭,大鍋子
大門毋出，二門毋邁,大門不出，二門不邁
大門頂,大門上
大門項,大門上
大阿伯,大伯父
大阿姊,大姊姊
大陣,大群
大陸漂移講,大陸漂移說
大隻,個子大
大雞拑細雞啄,被眾人欺負
大難毋死,大難不死
大難毋死，必有厚祿,大難不死，必有厚祿
大難毋死，必有後祿,大難不死，必有後祿
大難毋死，必有後福,大難不死，必有後福
大青滴扚蛄,大青叩頭蟲
大頦,大臉頰
大頭,大棵
大頭家,大老闆
大頭確,大頭
大頭鰱,黑鰱
大頭𢼛,謔稱大頭
大題細作,大題小作
大風仔,大風子
大風吹倒梧桐樹，自有旁人講短長,大風吹倒梧桐樹，自有旁人說短長
大食,大吃
大食一驚,大吃一驚
大食大喝,大吃大喝
大食大嚼,大吃大嚼
大餅,喜餅
大餅,禮餅
大體,一般
大體,大概
大體,大約
大體,大致
大體,遺體
大體頭,遺體棵
大魚食細魚,大魚吃小魚
大魚食細魚，細魚食蝦米,大魚吃小魚，小魚吃蝦米
大鵝腸菜,狗筋蔓
大鷂婆,大冠鷲
大麵,寬麵條
大麵,麵條
大麵个,寬麵條的
大麻鶴仔,大麻鷺
大鼓,大刺
大濫泥鳥,姥鷸
大林貓頭鳥,褐林鴞
大𠊎,大我
天上星多月毋明,天上星多月不明
天上聖母娘娘,天上聖母
天下,屋外
天下毋如意事，十常八九,天下不如意事，十常八九
天下沒有毋散个筵席,天下沒有不散的筵席
天下沒有白食个午餐,天下沒有白吃的午餐
天下無毋係个父母,天下無不是的父母
天下無毋散个筵席,天下無不散的筵席
天下無難事，正怕有心人,天下無難事，只怕有心人
天下省,露天節省
天仔隔萬里,相差十萬八千里
天作孽猶可違，自作孽毋可活,天作孽猶可違，自作孽不可活
天光,天亮
天光下晝,明天下午
天光日,明天
天光日,明日
天光日,翌日
天光日上學,明天上學
天光日愛上班,明天要往上班級
天光暗晡,明天晚上
天光暗晡,明晚
天光朝晨,明天早上
天光朝晨,明早
天公,玉皇大帝
天公,老天
天公,老天爺
天公地當,天經地義
天公地當,非常合理
天公毋作美,天公不作美
天公生,天公生日
天公生,玉皇大帝生日
天動講,天動說
天吂光,天未亮
天地毋容,天地不容
天塌下來，自有長个撐住,天塌下來，自有長的撐住
天墀坪,庭院
天大光,天大亮
天大光,天已白
天大旱,旱災
天年毋遂,天年不遂
天年毋齊,天年不齊
天庭頂,天庭上
天弓,彩虹
天弓,虹
天弓橋,彩虹橋
天既經斷烏,天已經黑
天旱,乾旱
天時,天候
天時,天氣
天時,氣候
天時冷,天氣冷
天時圖,天氣圖
天時寒,天氣冷
天時毋如地利，地利毋如人和,天時不如地利，地利不如人和
天時現象,天氣現象
天時觀測,天氣觀測
天時變化,天氣變化
天時預報,天氣預報
天普普仔,天色模糊
天晴,晴天
天晴防落雨,防患未然
天曚光,天微亮
天曚光,黎明
天曚光仔,天曚曚亮時
天有毋測風雲,天有不測風雲
天機毋可洩漏,天機不可洩漏
天殺个,天殺的
天毋從人願,天不從人願
天毋怕，地毋怕,天不怕，地不怕
天毋憖遺,天不憖遺
天毋生無祿之人,天不生無祿之人
天毋絕人,天不絕人
天毋著風兒晴毋个,天不著風兒晴不的
天毋蓋，地毋載,天不蓋，地不載
天河,銀河
天烏地暗,烏雲密佈
天狗熱,登革熱
天狗食日,日蝕
天狗食月,天狗吃月
天狗食月,月蝕
天理毋容,天理不容
天生天養,自然生長
天生𠊎才必有用,天生我才必有用
天甫光,天剛亮
天甫光,天才亮
天知地知，你知𠊎知,天知地知，你知我知
天神爺,天神
天算毋由人算,天算不由人算
天篷,天棚
天篷,天花板
天背,天外
天藍色,蔚藍色
天蠍座,天蝎座
天行人願,天從人願
天行人願,天隨人願
天行健，君子以自強毋息,天行健，君子以自強不息
天轉笠嫲花,得意快樂
天長命短,感嘆短命
天闊地闊,天寬地闊
天闊地闊,天高地闊
天雲廟莊頭,天雲廟庄頭
天頂,天上
天頂,天空
天頂有當多星,天上有很多星星
天頂無麼个雲,天空沒什麼雲
天項,天上
太太,高祖父母
太平本係將軍定，毋許將軍見太平,太平本是將軍定，不許將軍見太平
太平洋燕,洋燕
太陽生,太陽生日
太陽花,松葉牡丹
夫唱婦隨,比翼雙飛
夫唱婦隨,鳳凰于飛
夫妻本係同林鳥,夫妻本是同林鳥
夭壽子,短命鬼
夭壽短命,短命早死
夭折,早死
夭滒,膠稠
夭𣲩夭𣲩,軟軟的
夯食,夯吃
失,失去
失人禮,失禮
失忒,失去
失志,喪志
失撇,失去
失敗係成功之母,失敗是成功之母
失漏天機,洩漏天機
失漏天機,洩漏秘密
失禮,對不起
失禮,抱歉
失落个一代,失落的一代
失面子,丟臉
失魂,失魂落魄
失魂,昏倒
失魂,暈倒
失魂,暈厥
失魂撇,失魂落魄
失魂撇,昏倒
失魂撇,暈倒
失魂撇,精神恍惚
夾上夾下,繁忙
夾仔,夾子
夾仔,鑷子
夾撇,夾住
夾撇,夾完
夾竹𧊅,樹蛙
夾緪,夾緊
奇術,魔術
奈下仔,哪個時段
奈位,哪個
奈位,哪裏
奈佢毋好,拿他沒辦法
奈得何,受得了
奈毋何,沒轍
奈毋何,負荷不了
奈毋得,不得了
奈毋得,忍不住
奈番人毋好,奈何不了番人
奈隻,哪個
奉公毋阿,奉公不阿
奉工,白工
奉待,侍奉
奉待,服侍
奉送,贈送
契子,乾兒子
契子,義子
契約講,契約說
奔流毋息,奔流不息
奢鼻,愛現
奧多拜,機車
奧賽美術館,巴黎奧賽美術館
奪地氣,襲地氣
奪毋著,吸取不到
奪毋著,爭取不到
奮命,垂死掙扎
奮命,掙扎
奮奮,掙脫
奮奮綻,一直想掙脫
奮發,振作
奮開,掙脫
奮鬥毋懈,奮鬥不懈
女人身,女人套
女儕,女人數
女大毋中留,女大不中留
女媧娘,女媧
女子無才便係德,女子無才便是德
女家頭,女方
女家頭,女方家
女性本位講,女性本位說
女招个,女招的
奴才,僕人
奶媽懷裡个孩子,奶媽懷裡的孩子
奶粉笐,奶粉罐
奶罐仔,奶瓶
奶酸,乳酸
奸來奸去,推來推去
奸宰,狡詐之人
奸臣,狡猾
奸詐毋級,奸詐不級
奸鬼仔,奸詐
好,喜好
好,喜歡
好,好的
好,良好
好䟘吔,該起床了
好个,好個
好个,好的
好个歪个,好的壞的
好主意,好點子
好久,很久
好事,好管閒事
好事毋出門，壞事傳千里,好事不出門，壞事傳千里
好事毋出門，惡事傳千里,好事不出門，惡事傳千里
好事毋出門，惡事行千里,好事不出門，惡事行千里
好人吂出世,好人還沒有出世
好人毋長壽，禍害一千年,好人不長壽，禍害一千年
好使,好用
好使,愛用
好借好還，再借毋難,好借好還，再借不難
好做,愛做
好勢,了結
好勢,妥當
好勢,完備
好勢,完善
好勢,完成
好勢,完蛋
好勢,結束
好吃,喜歡吃
好吃,愛吃
好啊,愛啊
好喋,愛誇口吹牛
好喔,好的
好嘴斗,不挑食
好嘴斗,胃口好
好嘴碼,嘴巴甜
好在,幸好
好大个架子,好大的架子
好天,天氣晴朗
好天,好天氣
好天,晴天
好天時,好天氣
好好,妥善
好好,盡情
好好,認真
好好个,好好的
好好壞壞,好的壞的
好好壞壞,無論如何
好好恬恬,好端端地
好好恬恬,無緣無故
好好過日仔,好好活著
好子,好的子女
好學毋倦,好學不倦
好尞,可以休息
好尞,好玩
好屌,鄙語
好展,逞強
好展無漦,黔驢技窮
好展風神,愛出風頭
好年冬,好年歲
好幾次,幾下擺
好強,愛強
好彩,好運
好彩,幸好
好彩,幸運
好得,幸好
好得,幸虧
好心,心地善良
好心毋得好報,好心不得好報
好心著雷打,好心沒好報
好忒,好了
好性體,好脾氣
好恬恬,好端端
好恬恬,突然間
好想法,好點子
好意,善意
好手好腳,四肢健全
好搞,愛玩
好搞,貪玩
好擳擳仔,興沖沖
好擳擳仔,興沖沖的
好料,好吃的東西
好施細惠,好施小惠
好時係厥人，惡時係家人,好時是他人，惡時是家人
好景毋長,好景不長
好棒,還慶
好樣兒个,好樣兒的
好歪事,婚喪喜慶
好死毋如惡活,好死不如惡活
好死毋如賴活,好死不如賴活
好死毋死,好死不死
好死毋死,很不巧
好死毋死,恰巧
好死毋死,碰巧
好毋,好不
好毋容易,好不容易
好毋自在,好不自在
好比,如同
好比,比喻
好比,比如
好比,譬如
好比較,喜歡比較
好泅水,愛游泳
好漢正怕病來磨,好漢只怕病來磨
好漢毋怕出身低,好漢不怕出身低
好漢毋論出身低,好漢不論出身低
好漢毋食眼前虧,好漢不吃眼前虧
好無,好不好
好無,好嗎
好物毋在多,好物不在多
好用,愛用
好男毋食分家飯，好女毋穿嫁時衣,好男不吃分家飯，好女不穿嫁時衣
好睡,愛睡
好空,好事
好空,好的事
好空,好的事情
好空,好運
好空,有利之事
好空个,好的
好空个,好運的
好空个事,幸運的事
好笑,愛笑
好細子,好小子
好聚毋如好散,好聚不如好散
好聽,愛聽
好肚笥,好肚子
好腳氣樹鶯,小鶯
好膩膩,愛膩膩
好膽,大膽
好膽,很大膽
好膽,有膽量
好著,好穿
好著,愛穿
好行細惠,好行小惠
好行細慧,好行小慧
好衰毋衰,壞運氣
好衰毋衰,活該倒楣
好衰毋衰,真倒楣
好詏,喜歡辯解
好詏,好辯
好詏,愛爭辯
好話毋背人，背人沒好話,好話不背人，背人沒好話
好講,好說
好講話,好說話
好貨毋便宜，便宜沒好貨,好貨不便宜，便宜沒好貨
好買,容易買
好賭,愛賭
好轉了,可以回家了
好運,幸運
好適適仔,很適切
好量,有雅量
好量,氣度寬大
好鞋毋踏臭屎,好鞋不踏臭屎
好頭好面臭屎胐,虛有其表
好頭毋如好尾,好頭不如好尾
好額,富有
好額,富裕
好額,幸運
好額,有錢
好額人,富有的人
好額人,富翁
好額人,幸運的人
好額人,有錢人
好食,喜歡吃
好食,好吃
好食,愛吃
好食,美味
好食个東西,喜歡吃的東西
好食吂,可以吃了嗎
好食懶做,好吃懶做
好食懶做,好逸惡勞
好馬毋鞴雙鞍,好馬不鞴雙鞍
好馬毋食回頭草,好馬不吃回頭草
好鬥牛,好鬥的人
好點點仔,好端端的
好點點仔,突然間
如今,現在
如今,目前
如何係好,如何是好
如係,如是
如係𠊎聞,如是我聞
如同,正如
如果,倘若
如果,假如
如此,這樣
如此,這種
如毋勝衣,如不勝衣
如烹細鮮,如烹小鮮
妄心機,白費心機
妄講,妄說
妊婦,孕婦
妍皮毋裹痴骨,妍皮不裹痴骨
妔人,懷孕
妙妙仔,很妙
妙毋可言,妙不可言
妙處毋傳,妙處不傳
妙計,炫點子
妥瑪多,番茄
妥當,穩當
妥當,適當
妨害,損害
妨害,阻礙
妹仔,女兒
妹子,女兒
妹家,娘家
妻兒老細,妻兒老小
妻毋如妾，妾毋如偷,妻不如妾，妾不如偷
妻細,妻小
妻舅仔,妻舅
妻舅仔,小舅子
妻舅姆,內兄嫂
姆,媽
姆骨頭屍,姆骨棵屍
姆高不將,姆不得已
姊丈,姊夫
姊妹仔,姊妹
姊妹錢,分給姊妹的錢
姊嫂,妯娌
始料毋及,始料不及
始祖,創始者
始祖,始袓
始祖,最早祖先
始終毋易,始終不易
始終毋渝,始終不渝
姐丈,姊夫
姐丈,姐夫
姐仔,妻子
姐公,外公
姐公太,外曾祖父
姐妹,姊妹
姐妹仔,姊妹
姐妹校,姊妹校
姐婆,外婆
姐嫂,妯娌
姑嫂,小姑與嫂嫂
姓劉个,姓劉的
姓劉人,姓劉的人
姓吳个,姓吳的
姓廖个,姓廖的
姓張个,姓張的
姓徐人,姓徐的人
姓李个,姓李的
姓李家,李姓人家
姓林个,姓林的
姓葉个,姓葉的
姓蘇个,姓蘇的
姓謝个,姓謝的
姓陳个,姓陳的
委个,委的
委仁,播種
委決毋下,委決不下
委秧,播種
委秧仔,撒穀種
委秧仔,播種
委米,撒米
委肥,施肥
委靡毋振,委靡不振
姥姥毋疼，舅舅毋愛,姥姥不疼，舅舅不愛
姨丈,姨父
姨丈,連襟
姨丈仔,連襟
姨丈公,姨公
姨仔,姨媽
姪仔,姪子
姪婿,姪女婿
姪嫂,姪媳婦
姿式,姿勢
威而毋猛,威而不猛
娃子毋哭奶毋脹,娃子不哭奶不脹
娓娓毋倦,娓娓不倦
娘个,娘的
娘婆,五節芒
娘婆,芒草
娘婆嗑,番鵑
娘胎,母體
娘花,五節芒
娘花,芒花
娘花,芒草花
娘親,母親
娶著,娶到
婆太,曾祖母
婆白,高祖母
婆羅盎,野牡丹
婚書頂,結婚證書上
婢,婢女
婦人之言毋可聽,婦人之言不可聽
婦人家,婦人
婦人科,婦科
婦女家,婦人家
婦科,婦產科
婿慶,婿厲害
婿郎,女婿
媒人婆,媒婆
媱叮叮,賣弄風騷
媱妮妮,賣弄風騷
媱嫲竻,馬櫻丹
媸,醜
媸人,醜人
媸媸,放浪不檢
媸嫲,瘋女人
媽祖姑婆,媽祖
媽祖婆,媽祖
媽祖生,媽祖生日
嫁㛇,嫁妝
嫁出去个女兒，潑出去个水,嫁出去的女兒，潑出去的水
嫁分,嫁給
嫁妹仔,嫁女兒
嫁忒,嫁掉
嫁撇,嫁掉
嫁著,嫁到
嫋絲嫋絲,不茂盛
嫌,嫌棄
嫌七嫌八,嫌東嫌西
嫌人,說人長短
嫌到臭屎,嫌到不行
嫌毋得,無可挑剔
嫌貨正係買貨人,嫌貨正是買貨人
嫠毋恤緯,嫠不恤緯
嫩嫩,很嫩
嫩竹仔,嫩竹
嫩習習,很細嫩
嫩習習,鮮嫩
嫩習習仔,幼嫩
嫩草,初生的幼草
嫩葉,幼葉
嫩葉仔,嫩葉
嫲仔,雌
嫲花,雌花
嫲花心,雌蕊
嬌女,愛女
嬌嫋毋勝,嬌嫋不勝
嬌尸,嬌柔
嬌尸沷辣,很會撒嬌
嬌細玲瓏,嬌小玲瓏
嬌遽,嬌小而矯捷
嬌雞仔,侍寵而驕
嬰人座,洋娃娃
嬰兒仔,嬰兒
嬰兒衫,嬰兒服
子卯毋樂,子卯不樂
子叔,叔姪
子哀,母子
子女,兒女
子娘,子女子
子嫂,妯娌
子胎,胎兒
孔夫聖人,孔子
孔子毋收隔夜帖,孔子不收隔夜帖
孔子毋收隔夜帖,孔子不收隔夜的帖子
孔孔,翹得高高
孔孔,翹起
孔孔碾,在地上打滾
孔孔翹翹,一跛一跛
孔孔翹翹,走路不穩
孔孔翹翹,顛簸不平
孔孔翹翹,顛跛不平
孔孔輾,打滾
孔竅,訣竅
孔肚項,孔裡面
孔肚項,孔裡頭
孔落,孔落下
字墨,學問
字墨,很有學問
字條,便條
字畫,書畫
字簿,作業簿
字簿仔,作業簿
字簿仔,筆記簿
字簿仔,簿子
字約,契約
字紙䉂,字紙簍
字紙亭,聖蹟亭
存款,儲蓄
存而毋論,存而不論
存著,存到
孝妹,孝女
孝妹,孝順女兒
孝杖棍,孝杖
孟一紅娘,孟一紅女子
季節鳥,候鳥
孤寒,孤單心寒
孤寡毋穀,孤寡不穀
孤栖,孤單
孤栖,孤獨
孤栖栖,孤單
孤栖栖,孤獨
孤盲,可惡
孤盲子,混蛋
孤盲絕代,絕子絕孫
孤盲雞,壞雞
孤盲頭,好傢伙
孤盲頭,絕子絕孫
孤老,孤僻
孫仔,孫子
孫嫂,孫媳婦
孫猴,刁鑽
孫猴,孫悟空
孫猴仔,孫悟空
孫郎,孫女婿
孱剁頭,頑皮鬼
孱孱,孱弱
孱孱,養而不長
孱頭,頑皮
孲𤘅仔,嬰兒
孵卵,孵蛋
孵子,孵蛋
學,學習
學了个毋留,學了個不留
學仔佢精,學習仔他精
學做戲,學戲
學喊,學叫
學嘴學鼻,學人說話
學堂,教室
學寮,學生宿舍
學海無涯勤係岸,學海無涯勤是岸
學然後知毋足,學然後知不足
學生仔,學生
學精,增廣見聞
學精,學乖
學精,學聰明
學老,閩南
學老人,閩南人
學老妹,閩南小姐
學老嫲,情婦
學老話,福老語
學老話,閩南話
學老話,閩南語
學而毋厭,學而不厭
學菜,鴨舌草
學著,學到
學著,學穿
學話,傳播謠言
學話,說壞話
學講話,學說話
學金,學費
守正毋回,守正不回
守正毋撓,守正不撓
守正毋移,守正不移
守正毋阿,守正不阿
守毋核,守不住
守節毋回,守節不回
守節毋移,守節不移
安仔,安非他命
安份守己,安分守己
安佢,叫他
安做,叫做
安到,叫做
安到,名叫
安名,取名
安名,命名
安名仔,取名
安培細時,安培小時
安妮个日記,安妮的日記
安徒生博物館,丹麥安徒生博物館
安心,放心
安棧毋得,安層不成
安樂,安好喜樂
安毋忘危,安不忘危
安營紮寨,安營扎寨
安營紮寨,駐兵紮寨
安琪兒,天使
安著,叫做
安身,容身
安鈕仔,縫鈕釦
安鈕仔,裝鈕釦
完全數,完美數
完全細學,完全小學
完包,完包辦
完墳,新墳落成
完工,工程結束
完工,竣工
完日仔,整天
完日仔,整日
完福,酬神還願
完美數,完全數
完聘,完成聘禮
完身仔,全身
完隻,整個
完隻,整隻
完隻仔,整個
宕,花費
宕工,拖延工作
宕工下去,延宕下去
宕工个工作,費工費時的工作
宕睡,睡覺睡過頭
宕睡,睡過頭
官卑職細,官卑職小
官司,訴訟
官場,政界
官差吏差，來人毋差,官差吏差，來人不差
官廳,政府部門
官廳,衙門
官毋威牙爪威,官不威牙爪威
官清吏毋清,官清吏不清
官爺,做官人
官職,公職
官話,國語
官鞋,高靴
定,預訂
定做,訂做
定婚,訂婚
定定,不疾不徐
定定,從容不迫
定定,慢慢
定定,沉著穩定
定定,而已
定定仔,從容不迫
定定仔,慢慢來
定定仔,慢慢地
定定仔,慢慢的
定定仔,沉著穩定的
定定仔,而已
定疊,確定
定著,一定
定著,務必
定著,勢必
定著,確定
定著愛,一定要
定著會,一定會
定講,定說
定貨,訂貨
定貼,妥貼
定貼,完妥
定貼,穩當
定錢,訂金
宛痀,駝背
宛痀無搭蓆,頭尾不能兼顧
宛痀無搭蓆,顧此失彼
客人,客家人
客哥,姘夫
客哥面,小白臉
客家三源流講,客家三源流說
客家國个國父,羅肇錦
客家國國父,羅肇錦
客家莊,客家庄
客家話回答,繁體中文回答
客店,客棧
客店,旅店
客莊,客庄
客莊南向產業交流會,客庄南向產業交流會
客話,客家話
客話,客語
客語,客家語
客語喺,客語嗎
客語無,客語嗎
宣講,宣說
宮廟,寺院
宮廟,廟宇
宮廟脣方,宮廟旁
宮廟脣方,宮廟旁邊
宮廟脣方,宮廟邊
宮廟項,宮廟裡
宮廟項,廟宇裡
害,傷害
害人之心毋可有，防人之心毋可無,害人之心不可有，防人之心不可無
害人毋淺,害人不淺
害子害孫,禍害子孫
害忒,害了
害毋著,錯害
害著,害到
宵夜,消夜
宵細,宵小
家个,家的
家僮仔,僕役
家僮仔,家僮
家務,家事
家娘,婆婆
家官,公公
家家屋屋,家家戶戶
家家屋屋,每家每戶
家家有本難念个經,家家有本難念的經
家庭地圾,家庭垃圾
家有千貫毋如日進分文,家有千貫不如日進分文
家有千金，毋如日進分文,家有千金，不如日進分文
家濟仔,編織提袋
家神透外鬼,吃裡扒外
家祭,家奠
家累千金，坐毋垂堂,家累千金，坐不垂堂
家細,家小
家裡个,家裡的
家貧毋係貧，路貧愁煞人,家貧不是貧，路貧愁煞人
家貧毋係貧，路貧貧殺人,家貧不是貧，路貧貧殺人
家醜毋可外揚,家醜不可外揚
家門毋幸,家門不幸
家雞打个團團轉，野雞打个貼天飛,家雞打的團團轉，野雞打的貼天飛
容毋下,容不下
容縱,縱容
寄付,贈予
寄信仔,寄信
寄岩仔,暫厝
寄雨,躲雨
寄雨,避雨
寅食卯糧,寅吃卯糧
密密,一直
密密,不斷
密密,密集
密密,屢次
密密,連續不斷
密毋可分,密不可分
密毋通風,密不通風
密雲毋雨,密雲不雨
富毋如貧,富不如貧
富罅罅仔,很富有
富而毋驕,富而不驕
富貴毋歸故鄉，如衣繡夜行,富貴不歸故鄉，如衣繡夜行
富貴毋淫,富貴不淫
富貴毋能淫,富貴不能淫
寒,寒冷
寒到,感冒
寒囉囉仔,冷颼颼的
寒囉囉仔,寒冷
寒天,冬天
寒天,冬季
寒天大三角,冬季大三角
寒天著膨線衫當燒暖,冬天穿毛衣很暖和
寒毋擇衣,寒不擇衣
寒毛,汗毛
寒毛菇,短細毛
寒毛菇,細短汗毛
寒毛菇,雞皮疙瘩
寒熱表,溫度計
寒著,感冒
寒著,著涼
寒颼颼仔,冷颼颼的
寡寡,大都是
寡細君,寡小君
寢毋安席,寢不安席
寢毋能寐,寢不能寐
寢毋遑安,寢不遑安
寢食毋安,寢食不安
實在,真是
實在係,實在是
實在慶,實在棒
實在當好,太棒了
實實相報,如實以告
實底,謎底
實毋相瞞,實不相瞞
實疊,紮實
實疊,踏實
實行,實踐
實行,履行
實話,真話
實話實講,實話實說
實講,實說
實額,淨重
寧个,寧個
寧人負𠊎，無𠊎負人,寧人負我，無我負人
寧可信其有，毋可信其無,寧可信其有，不可信其無
寧可無了有，毋可有了無,寧可無了有，不可有了無
寧可玉碎，毋為瓦全,寧可玉碎，不為瓦全
寧可玉碎，毋能瓦全,寧可玉碎，不能瓦全
寧在人前全毋會，莫在人前會毋全,寧在人前全不會，莫在人前會不全
寧塞城門，毋填狗洞,寧塞城門，不填狗洞
寧折毋彎,寧折不彎
寧撞金鐘一下，毋打破鼓三千,寧撞金鐘一下，不打破鼓三千
寧教𠊎負天下人，休教天下人負𠊎,寧教我負天下人，休教天下人負我
寧死毋從,寧死不屈
寧死毋從,寧死不從
寧死毋辱,寧死不辱
寧為玉碎，毋為瓦全,寧為玉碎，不為瓦全
寧為雞口，毋為牛後,寧為雞口，不為牛後
寧買毋值，毋買食啉,寧買不值，不買吃食
寧走十步遠，毋走一步險,寧走十步遠，不走一步險
寧食過頭飯，莫講過頭話,寧吃過頭飯，莫說過頭話
寧食開眉粥，毋食愁眉飯,寧吃開眉粥，不吃愁眉飯
寧養逆子，毋養痴兒,寧養逆子，不養痴兒
寫信仔,寫信
寫啊著,一寫到
寫大字,寫毛筆字
寫大字,書法
寫好好,寫好
寫文章,寫作
寫文章,撰文
寫核,寫完
寫毋正,寫不正
寫畫,塗鴉
寫等,寫著
寫著,寫到
寫講,寫
寬皮講話,寬皮說話
寬緩,寬鬆時間
寬緩,延長時間
寮仔,小屋
寮肚項,寮裡面
寮肚項,寮裡頭
寵辱毋驚,寵辱不驚
寶刀毋老,寶刀不老
寶爐甕,野牡丹
寸甲毋留,寸甲不留
寸絲毋挂,寸絲不挂
寸草毋生,寸草不生
封閉宇宙學講,封閉宇宙學說
封雞封肉,燉雞燉蹄膀
射桶,噴霧器
射桶,澆水壺
射著,射到
將來將去,僵持不下
將在外，君命有所毋受,將在外，君命有所不受
將在謀毋在勇,將在謀不在勇
將就,乾脆
將就,乾脆如此
將就,只好
將就,順其情勢
將恁仔,將這樣
將軍毋下馬，各自奔前程,將軍不下馬，各自奔前程
專專,只有
專專,執意
專專,專一
專工,專程
專案細組,專案小組
專門,故意
尋,尋找
尋,尋求
尋,找
尋,搜尋
尋人,找人
尋仔,尋找仔
尋出,找出
尋出,揪出
尋出來,揪出來
尋去尋轉,來回尋找
尋尾,食髓知味
尋得著,找得到
尋東西,找東西
尋毋到,找不到
尋毋著,找不到
尋毋著,找錯
尋看,找找看
尋看仔,找看看
尋眾,揪眾
尋答案,搜尋答案
尋著,找到
尋頭䌈毋著,找不到頭緒
尋頭䌈毋著,茫無頭緒
尋頭路,找工作
尋頭路,求職
尋食,找食物吃
尋食,覓食
對,對於
對,從
對中,正對著中間
對人死,怨怪別人
對人死,找人出氣
對人毋起,對不起人
對人生死,賴死賴活
對仔,對聯
對付佢,對付他
對佢叫,被他氣哭
對佢噭,對他哭
對佢大喊,對他大喊
對佢死,被他氣死
對佢死,被氣死
對佢表示,對他表示
對句,對仗
對哪來,從哪來
對土地來講,對土地來說
對天頂跌下來,憑空而降
對年,一週年
對年,週年忌日
對手親,姻親關係
對拗,對折
對換,兩相交換
對摺剪,對折剪
對時,二十四小時
對書裡肚,從書本中
對析,剖半
對析,對切
對歲,週歲
對毋上號,對不上號
對毋住,對不住
對毋係,對不是
對毋出,對不出
對毋著,不相配
對毋過,配不上
對湖脣,從湖邊
對爿,左右兩半
對答,對唱
對落去,對下去
對著,對到
對裡肚,從中
對親,成親
對親,結親
對豐富,從豐富
對這下開始,從此以後
對面毋見人,對面不見人
對面烏,破布子
對面黑,破布子
對頭,對手
對頭,對象
對𠊎來講,對我來說
小人仔,小人
小使仔,工友
小可,稍微
小可仔,稍微的
小可仔,輕微的
小啄樹鳥,小啄木
小娘姑,丈夫之妹
小娘姑,小姑
小琉球,琉球嶼
小白鶴仔,小白鷺
小粒,小顆
小約翰．史特勞斯,小約漢．史特勞斯
小紅花,紅花鼠尾草
小罐牛奶粉,7-11
小葉楠,香楠
小葉雞油,紅雞油
小號奶兒草,小飛揚草
小號硬釘樹,土密樹
小號老鴨胗,血藤
小郎叔,丈夫之弟
小金英,兔兒草
小食店,小吃店
少一息,少一些
少人一身債,欠人很多債
少人錢,欠人錢財
少壯毋努力，老大徒傷悲,少壯不努力，老大徒傷悲
少少,一點點
少年維特个煩惱,少年維特的煩惱
少年郎,少年
少年郎,年輕男子
少撇,少掉
少毋了,少不了
少毋得,少不得
少細,少小
少著,欠
少著个,少的
少食無著,少吃無著
尖,尖銳
尖,擁擠
尖,擠
尖人,擠人
尖來尖去,擠來擠去
尖公司,擠公車
尖共下,擠在一起
尖尖,尖銳
尖尖,銳利
尖尖長長,尖尖長長的
尖尾龜背鳥,針尾鷸
尖尾濫泥鳥,尖尾鷸
尖把,夾克
尖牙利齒,尖銳
尖牙利齒,尖銳物
尖牙利齒,尖銳的
尖緪緪,擠得緊緊
尖縮,擠壓
尖膩膩,銳利
尖落去,強力插入
尖觜鉗仔,尖嘴鉗子
尖車,擠車
尚勝,得寸進尺
尚勝,恃寵而嬌
尞,休息
尞,休閒
尞,玩
尞天穿,天穿日休息
尞尞,散心
尞尞,玩玩
尞尞仔,休息休息
尞日,假日
尞暑假,放暑假
尞涼,乘涼
尞當晝,午休
尤加利,大葉桉
尤加利樹,桉樹
就,便
就,則
就係,則是
就係,就是
就係,正是
就係,而是
就係,莫過於
就像,似乎
就像,例如
就像,就好比
就同,就和
就同,就幫
就同,就把
就同,就跟
就就个,就就的
就忒,就太
就恁形,就這麼形
就愛,就得
就愛,就要
就摎,就把
就毋知,就不知道
就算,即使
就算,即便
就算係,那怕是
就著,就穿
就較,就比較
就近,在附近
尺,臺尺
尺規畫圖,尺規作圖
尼姑,比丘尼
尾,條
尾㘝㘝,落荒而逃
尾下,後來
尾仃仃,尾巴豎立
尾來,後來
尾擸擸仔,尾巴下垂
尾擺,最後一次
尾枋車,尾班車
尾瀉屎,跑得很快
尾瀉屎,跑得飛快
尾站,尾聲
尾翼,尾鰭
尾蹀蹀仔,得意
尾項,尾巴
尾項,尾部
尾項,後來
尾項,後方
尾項,後面
尾頭,尾端
尾頭,最後面
尿出,尿急
尿出,有尿意
尿墊仔,尿布
尿布仔,尿片
尿桶肚,尿桶裡
尿水,不可能
尿水,都沒有
尿泡,膀胱
尿當出,尿很急
尿當出,尿急
尿素,肥料
尿脬,膀胱
尿裙,尿片
局促毋安,局促不安
局蹐毋安,局蹐不安
屁卵,屁
屁卵,屁話
屁卵嗊天,屁聲連連
屁股裡食人參,屁股裡吃人參
居之毋疑,居之不疑
居仲,居中
居大毋易,居大不易
居毋重席,居不重席
居毋重茵,居不重茵
居高毋下,居高不下
屋下,家
屋下,家屋
屋下,家裏
屋下,家裡
屋下人,家人
屋下人,家裡人
屋下肚,家裡
屋下肚,家裡面
屋下肚項,家裡面
屋下門口,家門口
屋主,屋主或房東
屋主,房東
屋主人,屋主
屋主人,房東
屋仔,房子
屋仔,房屋
屋側角,屋角
屋外背,房屋外
屋契,房契
屋家,家
屋家,家裡
屋家人,家人
屋家人,家裡人
屋峎,屋脊
屋後背,房屋後面
屋棟,屋脊
屋棟樑項,屋樑上
屋稅,房屋稅
屋稅,房租
屋稅錢,房租
屋稅錢,租金
屋簷溝,屋簷下的水溝
屋簷頭下,屋簷下
屋簷鳥,麻雀
屋肚,家裡面
屋肚,屋內
屋肚,屋裡
屋背,屋後
屋背後,房屋後面
屋背角項,屋後角落地方
屋脣,屋旁
屋脣屋角,房屋四周
屋脣方,房屋旁邊
屋脣項,房屋旁邊
屋舍,房舍
屋蓋頂,屋頂
屋裡个,屋裡的
屋角鳥,藍磯鶇
屋門,家門
屋面前,屋前
屋面前,房屋前面
屋頂項,屋頂上
屌厥,屌他的
屌厥姆,屌他的姆
屌厥姆膣,屌他的姆膣
屌著,屌穿
屎出,有便意
屎出挖糞窖,臨時抱佛腳
屎哱哱,跩兮兮
屎多狗飽,無用
屎摒仔,擦屁股的竹片
屎朏,屁股
屎朏,臀部
屎朏坐著屎,屁股坐到屎
屎朏孔孔,屁股翹得高高
屎朏斗,臀部
屎桶,糞桶
屎烏蠅,紅頭蒼蠅
屎烏蠅,麗蠅
屎窖,糞坑
屎窟,糞坑
屎糞,糞便
屎缸,糞缸
屎缸,茅坑
屎缸下,糞缸下方
屎缸蟲,蛆
屎缸蟲,蛆蟲
屎缸鳥,紫嘯鶇
屎背,背後
屎背尾,屁股後面
屎背尾,背後
屎背尾,身後
屎胐,屁股
屎胐孔孔,屁股翹翹
屎胐斗,臀部
屎胐片,屁股邊
屎胐片項,屁股邊上
屎蛄仔,糞金龜
屐仔,木屐
屐頭那,屈指敲頭
展寶,炫耀
展寶,現寶
展手路,顯身手
展袋仔,展袋子
展風神,出鋒頭
展風神,愛現
屙下來,塌下來
屙去,排泄去
屙尿,小便
屙尿,尿尿
屙尿,排尿
屙尿,解尿
屙屎,大便
屙屎,解大便
屙屎屎胐癢,拉屎屁股癢
屙屙,排排
屙屙不不,很骯髒
屙屙仔,拉一拉
屙忒,排掉
屙掖廷个,排泄撒廷的
屙毋得,排泄不成
屙泥橫壁,滿地爛泥
屙泥落石,土石流
屙淨淨,塌光光
屙淨淨,拉光光
屙淨淨,拉得一乾二淨
屙瀉巴,拉肚子
屙瀉粑,瀉肚子
屙痢屙肚,胡吹亂蓋
屙痢肚,拉肚子
屙痢肚,瀉肚子
屙粑,草率
屙糟,骯髒
屙糟,髒
屙糟齋,嘮叨
屙膿□血,荒誕虛假
屙膿滑痢,胡吹亂蓋
屙落,排下
屢教毋改,屢教不改
屢見毋鮮,屢見不鮮
屢試毋爽,屢試不爽
層層疊疊,重重疊疊
屯泥,填土
山䟘,山起身
山仔項,山上
山仔項,山裡
山伴鳥,岩鷚
山參仔,土人參
山吊菜仔,曼陀羅
山地豆,直立假地豆
山坑,山溝
山坑,山谷
山埔姜,揚波
山壢,小峽谷
山大人,筆筒樹
山娘,藍鵲
山屋簷鳥,山麻雀
山峎,山稜線
山布驚,山埔姜
山弓蕉,臺灣芭蕉
山排,山坡
山排,山坡地
山排,山腰
山排田,梯田
山杜仲,大丁黃
山枇杷,水冬瓜
山林壁角,山林僻處
山柑藤,飛龍掌血
山核桃,臺灣胡桃
山桐仔,梧桐
山桔仔,橘柑
山桔仔,飛龍掌血
山棕仔,山棕
山楂,臺灣山蘋果
山歌溜天,山歌嘹喨
山毋轉路轉,山不轉路轉
山湖蜞,螞蝗
山漆莖,紅仔珠
山煙仔,山煙草
山片,山邊
山牛屎鶺,山鶺鴒
山牛牯,天牛
山牛眼,山龍眼
山狗太,四腳蛇
山狗太,攀木蜥蜴
山狗太,蜥蜴
山狗太,黃口攀蜥
山猴仔,哥兒
山甘草,燈稱花
山田仔,旱田
山窩,山坳
山精,土包子
山精,鄉巴佬
山紅草,大頭艾納香
山紅草,昭和草
山紅菜,大頭艾納香
山肚,山裡
山肚裡,山裡
山背,山後
山背,山後面
山背,山的那一邊
山背,後山
山背項,山的後面
山芋仔,姑婆芋
山芋兒,姑婆芋
山芋荷,姑婆芋
山芥菜,葶藶
山芹菜,三葉芹
山芹菜,鴨兒芹
山苦瓜,小苦瓜
山苦蕒,兔兒草
山苦蕒,臺灣山苦蕒
山苧,山苧麻
山茶,山茶花
山菸兒,山菸草
山葡萄,細葉山葡萄
山薑嫲,三奈
山蟻公,黑色大型螞蟻
山豬學食糠,外行充內行
山貓,石虎
山鋤仔,山鋤
山阿啾箭,小卷尾
山阿鵲,喜鵲
山阿鵲,樹鵲
山雞仔,藍腹鷴
山頂尞,山頂玩
山頂項,山頂上
山頂高,山頂上
山項,山上
山項人,山上的人
山頭項,山頭上
山高遮毋住太陽,山高遮不住太陽
山魯萁,筆筒樹
山鰱仔,臺灣馬口魚
山龍鱗草,疏葉卷柏
山串針仔,斑紋鷦鶯
山龜背鳥,山鷸
屹立毋搖,屹立不搖
屻崗,山陵
岐嶷,聰明能幹
岐嶷,聰穎
岐嶷,能幹
岔線,岔開話題
岔線,線畫歪
岩岩讒讒,又乾又瘦
岩岩讒讒,又瘦又乾
峎背,山脊背後
峨眉月,眉形月
崁下,崖下
崁下,懸崖
崁下,懸崖下
崁下項,懸崖下
崁坪下,崁坪下方
崁腳,坎崖下方
崁頂莊莊頭,崁頂庄庄頭
崁頭,崖頭
崁頭脣,崖頭脣
崎下,坡底
崎下,斜坡底
崎嶇毋平,崎嶇不平
崎當嶇,坡很陡
崎頂,坡頂
崎項,坡上
崠頂,山巔
崠頂,巔峰
崩壁,山壁崩塌
崩壁位,崩塌牆位
崩山,山崩
崩山下莊頭,崩山下庄頭
崩岡㪐屻,山崩石落
崩崗,懸崖
崩崗,斷崖
崩崗崁,懸崖
崩崗石壁,懸崖峭壁
崩崗脣,懸崖旁邊
崩崗脣,懸崖邊
崩巖,懸崖
崩忒,崩塌掉
崩撇,崩塌掉
嵬然毋動,嵬然不動
嵬講,嵬說
嶄然,十分
嶄然,相當
嶄然慶,十分能幹
巖頭,前額突出
川七,泉七
川七,洋落葵
巡巡,查看
工作,職業
工作服,工作制服
工作細組,工作小組
工夫,周到
工夫,細心周到
工藝師傅,工匠
工錢,工資
工錢,薪資
左右係左右,左右是左右
左手向,左手邊
左手析,左手邊
左手毋托右手,左手不托右手
左手片,左邊
左手𥯟仔,左撇子
左斡,左轉
左析,左邊
左毋係，右毋係,左不是，右不是
左毋過,左不過
左片,左邊
左狹右闊,左窄右寬
左邊片,左邊
左鄰右舍,鄰居
左闊右狹,左寬右窄
巧偽毋如拙誠,巧偽不如拙誠
巧婦做毋得無麵餺飥,巧婦做不得無麵餺飥
巧媳婦煮毋得沒米粥,巧媳婦煮不得沒米粥
巧毋可階,巧不可階
巧詐毋如拙誠,巧詐不如拙誠
巧講,巧說
差一屑,差一點
差一屑無要緊,差一點點沒關係
差一息仔,差了點
差一息仔,差點兒
差一息仔,幾乎
差人,差遣人
差仔,小弟
差仔,差役
差別,區別
差別,差異
差多仔,差多了
差多仔,差得遠
差毋上下,差不上下
差毋多,差不多
差毋離,差不離
差無多,差不多
差錯,錯誤
己所毋欲，勿施於人,己所不欲，勿施於人
已像,很像
已多,很多
已好笑神,很愉快
已好笑神,很愉悅
已好笑神,很有笑容
已早,很早
已晟光,很透光
已而毋登,已而不登
已著,很對
巴士,公共汽車
巴士,公車
巴巴兒个,巴巴兒的
巴掌嫲,手掌
巴斯打隘,矮靈祭
巴毋得,巴不得
巴毋得一聲兒,巴不得一聲兒
巴氏沙蔗白尾鳥,葦鵐
巴爾个摩,巴爾的摩
巴黎現代美術館,法國巴黎現代美術館
巴丹青尛仔,巴丹綠繡眼
巷仔,巷子
巷路,走廊
市井細人,市井小人
市井細民,市井小民
市場項,市場上
市毋二價,市不二價
市毋豫價,市不豫價
布仔,布
布墊仔,墊布
布截仔,碎布塊
布拉母斯,布拉姆斯
布疋,布匹
布碎,碎布
布碎仔,碎布
布碎片,碎布塊
布篷,布棚
布粹,剩下的布
布粹,碎布
布荊仔,黃荊
布衣細民,布衣小民
布袋戲,掌中戲
布袋戲人公仔,布袋戲偶
布驚樹,黃荊
希望細學,希望小學
帕仔,毛巾
帖,帖子
師仔,徒弟
師傅話,歇後語
師父領進門，修行在个人,師父領進門，修行在個人
席店,飲食店
席面,酒席
帶个好,帶個好
帶仔,帶子
帶嚇帶嚇仔,語帶恐嚇
帶嚇帶罵,又嚇又罵
帶壞帶樣,做壞榜樣
帶壞帶樣,壞的示範
帶核,帶緊
帶條个,帶條的
帶等,帶著
帶等,帶領
帶等,率領
帶胎,攜帶胎
帶著,帶到
帶行帶走,連走帶跑
帶路雞,領頭人
帶轉,帶回
帶領,引領
帶頭,帶領
帷蓋毋棄,帷蓋不棄
帷薄毋修,帷薄不修
常下,常下方
常備毋懈,常備不懈
常山,華八仙
常常,經常
常溫動物,內溫動物
常溫動物,恆溫動物
帽下方,帽子下方
帽仔,帽子
帽仔頓,磨盤草
帽肚項,帽裡頭
帽頓草,磨盤草
帽頓草仔,磨盤草
幅員,疆域
幌上幌下,晃上晃下
幌毋出,幌不出
幪等,覆蓋
幫个場子,幫個場子
幫墊,補貼
幫幫撥撥,繁瑣
幫幫撥撥,繁瑣麻煩
幫狗食啉,幫狗吃食
幫虎食啉,幫虎吃食
幫襯,捧場
幫襯,陪襯
幫貼,補貼
幫過,擦撞過
幫過,擦過
干你麼个事,干你什麼事
干支,天干地支
干涉,干預
干礙,冒犯妨礙
平,平坦
平原項,平原上
平和,安寧詳和
平地上起一个霹靂,平地上起一個霹靂
平多,一樣多
平大,一樣大
平安就係福,平安就是福
平常,平日
平常,平時
平常,普通
平平,一樣
平平,一視同仁
平平,平坦
平平,平順
平平,平順無波
平心,公平
平方公丈,平方公丈-
平方公分,平方厘米
平方公寸,平方公寸-
平方公引,平方公引-
平方公里,平方千米
平方千米,平方公里
平方厘米,平方公分
平毋答个,平不答的
平洋,寬闊平坦
平洋,平原
平洋,平順
平洋洋仔,寬闊平坦
平生毋做虧心事,平生不做虧心事
平生莫做虧心事，半夜敲門毋喫驚,平生莫做虧心事，半夜敲門不喫驚
平等个精義,平等的精義
平長,一樣長
平面座標,平面坐標
平高平大,高低大小都一樣
平鼻,平鼻子
年三十,除夕
年三十暗晡,除夕夜
年三夜四,年關緊迫
年三夜四,忙碌時刻
年三夜四,要過年了
年下,年終
年下,年關
年下仔,快過年時
年冬,年尾
年冬,收成
年初一,大年初一
年少,年紀輕
年尾,年底
年屆毋惑,年屆不惑
年年,每一年
年年,每年
年毋如年,年不如年
年生,年級
年節,節日
年節,逢年過節
年紀,年歲
年紀,年華
年紀,年齡
年紀老,年紀大
年老,年紀老大
年華,年歲
年華,年紀
年視年,一年接著一年
年視年,年復一年
年長月久,經年累月
幸毋辱命,幸不辱命
幸運,好運
幹个停當,幹的停當
幻燈機,投影機
幻象劇,黑光劇
幼,細
幼工,作工細緻
幼布,細布
幼幼,小小
幼幼,細細
幼幼,細細的
幼幼,細緻
幼幼仔,小小的
幼幼仔,微小的
幼幼仔,細細的
幼幼條,小小條
幼料,細緻料
幼皮白肉,細皮嫩肉
幼秀,清秀
幼秀,清秀脫俗
幼秀,秀氣
幼秀,精細
幼稚園,幼兒園
幼糠,細緻糠
幼細,幼小
幼缶仔,瓷器
幼調節輪,細調節輪
幼骨,嬌小
幼骨,細骨
幼鹽,細鹽
幾,多麼
幾下,好幾
幾下個月,好幾個月
幾下擺,好幾次
幾下日,好幾天
幾下百著,幾下方百穿
幾久,多久
幾儕,幾個人
幾儕人,幾個人
幾兒个,幾兒個
幾十年,好幾十年
幾千萬,好幾千萬
幾多,多少
幾多儕,多少人
幾多儕,幾位
幾多年,幾年
幾多磅電,多少磅電
幾多錢,多少錢
幾多領,多少件
幾多領,幾件
幾多點,幾點
幾多點幾多分,幾點幾分
幾大,多大
幾好,多好
幾慶,多厲害
幾慶,多能幹
幾擺,幾次
幾時,什麼時候
幾時,何時
幾會,多會
幾毋精,幾不精
幾貴,多貴
幾遠,多遠
幾長,多長
幾闊,多寬
幾隻,幾個
幾難行,多難走
床公婆,床神
序言,序文
底,底部
底下,下面
底下,底部
底方,裡面
底肚,裡面
底背,裡面
底背肚,裡面
底背項,裡面
底衫仔,內衣
底衫仔,汗衫
底裙仔,襯裙
底褲仔,內褲
店亭下,店門前
店亭下,騎樓下
店仔,商店
店仔,店鋪
店仔街莊頭,店仔街庄頭
店細二,店小二
店肚,店裡
店項,店裡
店頭,商店
店頭,店家
店頭家,商店的主人
店頭家,店主
店頭家,店主人
店頭家,老闆
府細吏,府小吏
度毋著,度不對
度細月,度小月
座定敗,一定輸
座定贏,一定贏
座後背,在後面
座標平面,坐標平面
座湖,在低窪地
座背後,在後頭
座落尾,殿後
座贏面,取得贏的一邊
座酒,溫酒
座頂高,在上方
座頭前,在前頭
座食莫座爽,把食物吃掉別浪費
庰人尋,捉迷藏
庵堂,尼姑庵
康健,健康
廊仔下,走廊
廊仔下,騎樓
廖屋个,廖屋的
廚仔,櫥子
廚仔,櫥櫃
廟公,廟祝
廟坪前看戲,廟口前看戲
廟寺,寺廟
廟肚,廟裡
廟脣,廟旁
廟裡个豬頭,廟裡的豬頭
廟項,廟裡
廢人,殘疾人士
廣播,廣傳
廣播,廣播節目
廳下,公廳
廳下,大廳
廳下,客廳
廳下,廳堂
廳下,正廳
廳下裡肚,客廳裡面
廳下項,客廳裡
延續音,持續音
延長記號,停留記號
建好去,建愛去
建築,建造
建議,意見
廿廿趖,蠕動的走著
弄,把玩
弄了个魚頭來拆,弄了個魚頭來拆
弄弄仔走,大搖大擺的走了
弄弄仔走,邊走邊玩
弄毛草,地膽草
弄毛草,狼尾草
弄毛蟲,毛毛蟲
弄獅,舞獅
弄神弄鬼,裝神弄鬼
弄等來,喜歡來的
弄細,弄小
弄細人仔,逗弄小孩子
弄細性兒,弄小性兒
弄老媱,裝扮成老婦人
弇,罩子
弇,蓋上
弇,蓋起來
弇,覆蓋
弇塞塞,完全遮蓋
弇得,蓋得
弇微微,密不透風
弇撇,蓋掉
弇核,蓋緊
弇等,蓋著
弇著,蓋到
弇蓋,蓋上蓋子
弇蓋仔,蓋蓋子
弊病,毛病
弋毋射宿,弋不射宿
弓啊忒,彎起來後
弓大,撐大
弓大,擴大
弓得起來,彎得起來
弓毋虛發,弓不虛發
弓箭步,弓步
弓緪,拉緊
弓緪,繃緊
弓蕉,香蕉
弓蕉園項,香蕉園裡
引而毋發,引而不發
弛,鬆懈
弛崗打陣,成群結隊而來
弛胸胛,袒胸露胛
弛走,向外滑動
弦仔,胡琴
弦歌毋輟,弦歌不輟
弦毋虛發,弦不虛發
弦索,琴弦
弦索,琴藝
弦索,絃索
弦線,絃線
弧形列島,弧形島嶼
弧線,曲線
弱,衰弱
弱弱,孱弱
弱忒,弱掉
弱毋勝衣,弱不勝衣
弱毋好弄,弱不好弄
弱水三千，正取一瓢飲,弱水三千，只取一瓢飲
弱細,弱小
弱起拍仔,弱起拍子
弳弳,鼓凸貌
張,盛裝
張先生,張老師
張公食酒李公醉,張公吃酒李公醉
張到好勢好勢,盛裝到完善完善
張古老,張果老
張大伯个,張大伯的
張天師食鬼迷,張天師吃鬼迷
張書語盡得人惜,張書語
張陳書沛盡得人惜,張陳書沛
強,強大
強力嗋石,強力磁鐵
強力電嗋石,強力電磁鐵
強強,勉強
強強,極力地
強強,極力爭取
強強,硬是
強強會,幾乎要
強敲油,勒索
強暴,強橫凶殘
強毋知以為知,強不知以為知
強烈風搓,強烈颱風
強監,強迫
強聒毋舍,強聒不舍
強賓毋壓主,強賓不壓主
強起拍仔,強起拍子
強逼,強迫
強龍毋壓地頭蛇,強龍不壓地頭蛇
彈性疲勞,彈性疲乏
彈空講嘴,彈空說嘴
彈著,彈到
彌歇,填掉
彌緊,填著
彎彎斡斡,彎彎曲曲
彎彎糾糾,彎彎曲曲
彎斡,彎曲
彎流,曲流
形仔,形狀
形仔,形體
形仔,輪廓
形影,身影
形投,儀態
形投,模樣
形投,樣子
形投,神情
形投仔,神情儀態
形體,形狀
彩色莧菜,彩葉草
彩頭,開頭運氣
彭年年公,彭每年公
影仔,影子
影到,瞄到
影印機,複印機
影啊著,一瞄到
影子財政廳次長兼友臺細組共同主席,影子財政廳次長兼友臺小組共同主席
影形毋離,影形不離
影影熠熠,亮光閃爍
影毋離燈,影不離燈
影無半點著,瞄不到半點
影盡多著,瞄得到很多
影著,無意中看到
影響著,影響到
彼眾𠊎寡,彼眾我寡
彼竭𠊎盈,彼竭我盈
彼長𠊎消,彼長我消
往擺,以前
往擺,以往
往擺,平時
往擺,往常
往擺,往日
往擺,昔日
往生,過世
往者毋可及，來者猶可待,往者不可及，來者猶可待
征得平,征服
待毋了,待不了
待毋得,待不成
待毋見,待不見
待理毋理,待理不理
律不,邋遢
律師當知法律,律師很知道法律
律律不不,邋裡邋遢
律律不不,邋裡邋遢的
律律不不,邋邋遢遢
律烏,很黑
後叔,繼父
後哀,繼母
後堂裡背肚,後堂裡
後堂裡背肚,後堂裡面
後堂裡背肚,後堂裡頭
後壁山,靠山
後尾,後面
後尾門,後門
後悔毋來,後悔不來
後悔毋及,後悔不及
後手毋上,後手不上
後手毋接,後手不接
後撐仔,後輩
後日,後天
後日暗晡,後天晚上
後日朝晨,後天早上
後果,後子
後毋為例,後不為例
後生,年紀輕輕
後生,年輕
後生个,年輕的
後生人,年輕人
後生仔,少年
後生仔,年輕人
後生時,年輕時
後生窈窈,年紀還很輕
後生細子,後生小子
後生細輩,後生小輩
後背,後面
後背,背後
後背先翻譯,後面先翻譯
後背尾,後面
後背尾,最後
後背山肚,後面山裡
後背項,後面
徑啊著,絆倒
徑手徑腳,礙手礙腳
徑杈,阻礙
徑背,境外
徑背,範圍之外
徑著,絆倒
徒毋上墓,徒不上墓
得人惜,令人憐愛
得人惜,可愛
得人惜,很可愛
得人惜,惹人憐愛
得人惜,討人喜歡
得人惜仔,可愛
得人惱,令人討厭
得人惱,惹人厭
得人惱,討人厭
得人畏,令人害怕
得人畏,令人畏懼
得人畏,可怕
得人驚,令人害怕
得人驚,令人懼怕
得人驚,可怕
得似仔,語助詞
得位,在位
得來毋易,得來不易
得便宜係落便宜,得便宜是落便宜
得到,取得
得到,獲得
得勝个貓兒歡似虎,得勝的貓兒歡似虎
得失人,得罪人
得子,得子得女
得寸就寸，得尺就尺,得寸則寸，得尺則尺
得毋个一聲,得不的一聲
得毋个風兒就係雨兒,得不的風兒就是雨兒
得毋著,得不到
得無著,得沒穿
得理毋饒人,得理不饒人
得福毋知,得福不知
得著,到手
得著,取得
得著,得到
得著,獲得
得著當多,獲益良多
得著道,得到道
得驚人,得害怕人
得黃金百斤，毋如得季布一諾,得黃金百斤，不如得季布一諾
得黃金百，毋如得季布諾,得黃金百，不如得季布諾
得𠊎惜,得我疼愛
徙,搬遷
徙位,搬遷
徙位,移位
徙位,移開
徙動,移動
徙屋,搬家
徙竇,搬家
徙著,搬到
徙著,移到
徙走,搬走
徙走,移走
徙開,挪開
徙開,移開
從何講起,從何說起
從來,一向
從來,向來
從來毋識,從來不曾
從古到今,從古至今
從師,拜師學藝
從早到暗,從早到晚
從細,從小
從細到大,從小到大
從細看大，三歲看老,從小看大，三歲看老
從頭接二,從頭按照順序
從頭接二,從頭開始
從頭漸二,從頭開始
循環毋息,循環不息
循環細數,循環小數
微微末末,很煩雜也很細微
微毋足道,微不足道
微毛末節,枝微末節
微毛末節,無關緊要的事情
微毛末節,細微末節
微細,微小
微細,細微
徵信社,徵信
德俄互毋侵犯條約,德俄互不侵犯條約
心事王,點子王
心口毋一,心口不一
心存毋軌,心存不軌
心寒膽顫,心驚膽顫
心專,專心
心律毋整,心律不整
心性,心情
心情,情緒
心情放寬兜仔,心情放置寬端仔
心情當爽,心情很舒服
心愁,擔心
心挖挖仔,一心一意追求
心有餘而力毋足,心有餘而力不足
心毋愜，口毋服,心不愜，口不服
心毋應口,心不應口
心焦焦,焦慮不安
心神毋定,心神不定
心肚,心裡
心肚項,心裡面
心肚項,心裡頭
心肝,心地
心肝,心腸
心肝,心臟
心肝仔,心肝寶貝
心肝勃勃飇,心跳加速
心肝命袋,心肝寶貝
心肝拶拶,心情鬱悶不舒暢
心肝毋託著五臟,心肝不託著五臟
心肝窟,心窩
心肝肚,心中
心肝肚,心裡
心肝肚項,內心
心肝肚項,心裡
心肝肚項,心裡頭
心肝頭,心裡
心肝頭,胸口
心臼,媳婦
心臼娘娘,心臼女子女子
心舅,媳婦
心色,有趣
心茫茫,心慌
心裡有个譜,心裡有個譜
心躁躁,心煩不安
心野野,興致勃勃
心頭,內心
心頭,心裡
心頭拶拶,心中鬱結
心頭撞細鹿,心頭撞小鹿
心頭細鹿撞个毋住,心頭小鹿撞個不住
心魂毋定,心魂不定
必壢,裂開
必壢必壢,嚴重龜裂
必必,裂開
必必,裂開貌
必必必,裂開貌
必必忒,裂開來
必撇,裂掉
必析,裂開
必毋得已,必不得已
必痕,裂痕
必目,植物發芽
必目,發芽
必筍,發芽
必籬必絲,龜裂
必紗,布裂開
必縫,裂縫
必開,破裂
必開,破開
必開,裂了開來
必開,裂開
必開來,裂開來
忍不下,忍不下方
忍俊毋禁,忍俊不禁
忍尿,憋尿
忍床,賴床
忍毋核,忍不住
忍等,忍著
忍著,忍到
忐忑毋安,忐忑不安
忐忑毋定,忐忑不定
忒,太
忒,掉
忒,結束
忒多,太多
忒大,太大
忒好了,太好了
忒少,太少
忒沉重,太沉重
忒等,而已
忒肥,太肥
忒苦,太苦
忒認真,錙銖必較
忒過時,太過時
忒釅,純度太濃
忒難搣,太難搞
志怪細說,志怪小說
志毋可奪,志不可奪
志毋可滿,志不可滿
忘𠊎,忘我
忙家毋會，會家毋忙,忙家不會，會家不忙
忙毋擇價,忙不擇價
忙毋迭个,忙不迭的
忙毋迭地,忙不迭地
忙毋過來,忙不過來
忠孝毋能兩全,忠孝不能兩全
忠臣毋事二君，烈女毋更二夫,忠臣不事二君，烈女不更二夫
忠臣落油鑊,忠言逆耳
忠貞毋渝,忠貞不渝
忤逆毋孝,忤逆不孝
快會,快要
快樂,愉快
快菜,韭菜
念,叨念
念,誦讀
念念毋忘,念念不忘
念毋絕口,念不絕口
念著,念到
忸聲下,忸聲音下方
忽个,忽的
忽忽毋樂,忽忽不樂
忽然間,忽然
忿忿毋平,忿忿不平
忿毋顧身,忿不顧身
怎个,怎的
怎毋,怎不
怎麼搞个,怎麼搞的
怏怏毋安,怏怏不安
怏怏毋平,怏怏不平
怏怏毋悅,怏怏不悅
怏怏毋樂,怏怏不樂
怒毋可抑,怒不可抑
怒毋可遏,怒不可遏
怔忡毋安,怔忡不安
怕,可能
怕係,可能
怕會,也許會
怕毋,怕不
怕毋係,怕不是
怕毋大,怕不大
怕毋待,怕不待
怕毋道,怕不道
怕見个係怪，難躲个係債,怕見的是怪，難躲的是債
怙勢仔,放心地
怙勢仔,盡情地
怙杖,枴杖
怙杖仔,拄拐杖
怙杖仔,拄著柺杖
思想,回想
思想,想到
思想起,想起
思戀,戀念不忘
思毋出位,思不出位
思量毋得,不值得同情
急就抱佛腳,急則抱佛腳
急得有如熱鍋中个螞蟻,急得有如熱鍋中的螞蟻
急性,急性子
急毋可待,急不可待
急毋可耐,急不可耐
急毋擇言,急不擇言
急水,急流
急水,湍急
急水下毋得槳,急水下不得槳
急難,危難
性命,生命
性善講,性善說
性惡講,性惡說
性暴暴仔,個性暴躁
性體,性情
性體,脾氣
怨,埋怨
怨叹,怨嘆
怨怪,怪罪
怨怪,責怪
怨恨,埋怨忿恨
怨毋得,怨不得
怨而毋言,怨而不言
怨這怨該,怨這怨那
怪俊个,怪俊的
怪味,異味
怪怨,埋怨
怪怨,責怪
怪怪仔,怪怪的
怪毋个,怪不的
怪膩个,怪膩的
怪誕毋經,怪誕不經
怫然毋悅,怫然不悅
恁,很
恁,這麼
恁,那麼
恁个,恁的
恁久,好久
恁久,最近
恁久,近來
恁久,這麼久
恁久好無,最近好嗎
恁久好無,近來好嗎
恁久無看著,好久不見
恁仔,這樣
恁仔个,這樣的
恁仔來,這麼來
恁仔忒,這麼仔忒
恁仔樣,這樣
恁仔沉撇,這樣沉掉
恁仔細,謝謝
恁仔細,謝謝你
恁仔細,道謝
恁仰,這樣
恁呢,這樣
恁堵好,這麼湊巧
恁多,這麼多
恁多仔,才那麼多而已
恁多個學生仔,那麼多個學生
恁夜,這麼晚了
恁夜吔好去睡目吔,很晚了，可以上床睡覺了
恁大仔,才那麼大而已
恁大頭个樹仔,那麼大棵的樹
恁奀,很醜
恁奀,很難看
恁好,這麼好
恁媸,很醜
恁強,這麼強
恁形,這樣
恁得人驚,這麼可怕
恁得人驚,這麼嚇人
恁悿,很疲憊
恁惡,這麼兇
恁慶,這麼厲害
恁拶,這般擁擠
恁早,早上好
恁早,早上見呀
恁早,早安
恁晝,這麼晚
恁晝,這麼遲
恁暗,這麼晚
恁暗,這麼暗
恁會,真行
恁會,這麼會
恁會,那麼能幹
恁樣,如此
恁樣,如此一來
恁樣,這樣
恁樣,這般
恁樣,那樣
恁樣个,這樣的
恁樣个,這般的
恁樣做妥當無,這仰做妥當嗎
恁樣做毋得,這樣不可以
恁樣就當會哩,這樣就很會哩
恁樣形,這樣
恁樣形,這般
恁歪,那麼壞
恁毋好,那麼不好
恁泥,這樣
恁準,這麼準
恁爽,很爽
恁爽,很舒適
恁猴,這麼精
恁老,這麼老
恁肯,這麼熱衷
恁肯,這麼願意
恁臭,這麼臭
恁臭羴,臭味這麼重
恁臭羴,這麼臭酸味
恁衰,如此倒楣
恁該,這麼容易
恁豺,很饞
恁豺,這般饞嘴
恁賺錢,真賺錢
恁遠,這麼遠
恁遽,這麼快
恁重,這麼重
恁長,這麼長
恁難,這麼困難
恁靚,很漂亮
恁靚,很美
恁靚,很美麗
恃夠夠仔,自信滿滿
恃等,仗著
恄恄惇,顫抖
恅著,以為
恆久毋渝,恆久不渝
恆溫動物,內溫動物
恆牙,恆齒
恆若毋足,恆若不足
恐怖細說,恐怖小說
恐懼毋安,恐懼不安
恤子,襯衫
恥笑,嘲弄
恨毋得,恨不得
恨毋相逢未嫁時,恨不相逢未嫁時
恨細非君子，無毒毋丈夫,恨小非君子，無毒不丈夫
恨鐵毋成鋼,恨鐵不成鋼
恩主,恩主公
恩主,恩人
恩主公,關公
恩愛夫妻毋到頭,恩愛夫妻不到頭
恩義,恩德
恬,安靜
恬下來,安靜下來
恬下來,靜下來
恬恬,不聲不響
恬恬,安靜
恬恬,沉默
恬恬,靜悄悄
恬恬,靜肅
恬恬,靜靜
恬恬,默默
恬恬仔,不聲不響地
恬恬仔,安安靜靜
恬恬仔,安靜地
恬恬仔,靜靜地
恬恬恬,很安靜
恬恬聽,安靜聽
恬恬靜靜,安安靜靜
恬恬靜靜,很寂靜
恬毋為怪,恬不為怪
恬毋為意,恬不為意
恬毋知怪,恬不知怪
恬然毋恥,恬然不恥
恬索索,寂靜無聲
恬索索,靜寂
恬肅肅,十分安靜
恬肅肅,靜悄悄
恬靜,安靜無聲
恬靜,寂靜
恬靜,靜止
恬靜恬靜,寂靜
恬風,風停
恬風,風止
恬風息氣,平靜無風
恬風息氣,風平浪靜
恭喜你升官哩,恭喜你升官了
恭敬毋如從命,恭敬不如從命
息仔,曾孫
息嫲,曾孫
息嫲,曾孫女
息把仔,一點兒
息把仔,稍微
恰毋道,恰不道
悄悄个,悄悄的
悄毋聲兒个,悄不聲兒的
悉悉疏疏,窸窸窣窣
悍然毋顧,悍然不顧
悒悒毋快,悒悒不快
悒悒毋樂,悒悒不樂
悒悒毋歡,悒悒不歡
悒鬱毋忿,悒鬱不忿
悔之毋及,悔之不及
悔毋當初,悔不當初
悲毋可抑,悲不可抑
悲毋自勝,悲不自勝
悶悶毋已,悶悶不已
悶毋作聲,悶不作聲
悶毋吭聲,悶不吭聲
悶聲毋響,悶聲不響
悿,累
悿死吔,累死了
情份,情分
情哥,情郎
情恁寡,寡情
情恁寡,少情感
情景,情形
情郎,男朋友
惜,疼愛
惜入骨,疼愛至深
惜圓,湯圓
惜字亭,聖蹟亭
惜花連盆,愛屋及烏
惟利係圖,惟利是圖
惟利係營,惟利是營
惟利係逐,惟利是逐
惟力係視,惟力是視
惟命係從,惟命是從
惟命係聽,惟命是聽
惠子知𠊎,惠子知我
惠而毋費,惠而不費
惡,兇
惡,凶
惡事莫做,壞事不要做
惡人無膽,惡人膽小
惡擎擎,兇猛
惡擎擎仔,兇巴巴的
惡蛇,毒蛇
惡豺豺,惡狠狠
惡豺豺仔,兇惡如豺狼
惡馬自有惡人騎,惡人自有惡人磨
惱,厭惡
惱,討厭
想去想轉,反覆思量
想啊起,一想起
想想仔,想一想
想想仔,想想
想愛,想要
想望,盼望
想毋來,想不到
想毋出,想不出
想毋出來,想不出來
想毋解,想不通
想毋透,想不透
想毋開,想不開
想法,點子
想看仔,想想看
想看啊,想想看
想空想缺,用心想計謀
想著,想到
想講,以為
想講,想說
想頭想尾,思前想後
想食,想吃
惶恐毋安,惶恐不安
惶悚毋安,惶悚不安
惶惶毋安,惶惶不安
惶惶毋定,惶惶不定
惹人,招惹人
惹人,招惹他人
惹惹,翹翹的
惹惹杈杈,橫七豎八
惹惹滾,吵吵嚷嚷
惹是非,招惹是非
惹毋起,惹不起
惹著,惹到
惹起來,引起來
惹起來,惹起
愁,憂愁
愁,擔心
愁㤕㤕仔,憂慮
愁下,憂愁下方
愁勞博激,憂愁又激動
愁慮,憂愁
愁慮,憂慮
愁慮,煩惱
愁面,憂愁臉
愊愊掣,因恐懼而發抖
意休毋休,意休不休
意想毋到,意想不到
愐,思考
愐,想
愐上愐下,想來想去
愐來愐去,想來想去
愐心事,想心事
愐心事,深思心事
愐想,思考
愐想,緬懷
愐愐仔,想想
愐核,想到
愐空愐路,動歪腦筋
愐空愐路,想盡辦法
愐空愐路,胡思亂想
愐著,想到
愐計,思考計謀
愐計,想計謀
愐過,認真思考過
愐都愐無,想不明白
愕愕拙拙,不靈活
愕愕然,事覺意外
愕琢,無能
愕琢,窩囊
愚毋可及,愚不可及
愛,欲
愛,要
愛㓾,要殺
愛个教育,愛的教育
愛个鼓勵,愛的鼓勵
愛人,要人
愛人仔,愛人
愛仰結煞,會怎麼辦
愛仰結煞,該怎麼辦
愛仰般,要怎樣
愛仰般去銅鑼,要怎麼去銅鑼
愛你,要你
愛使,不必要
愛使,哪要
愛使,哪需要
愛來,要來
愛倚恃,有賴
愛做麼个,要做甚麼
愛入來,要進來
愛去,欲去
愛去,要去
愛去,該去
愛去哪,要去哪
愛去哪,要去哪裡
愛去哪位,要去哪裡
愛去哪國尞,要去哪國尞
愛噭都無目汁,欲哭無淚
愛把扼機會,要把握機將要
愛死毋得氣斷,求生不得，求死不能
愛死毋得氣斷,要死了卻等不到斷氣
愛毋忍釋,愛不忍釋
愛毋釋手,愛不釋手
愛等到哪久,要等到何時
愛細,愛小
愛細義,要小心
愛聽,喜歡聽
愛聽話噢,要聽話噢
愛聽講,要聽話
愛著,愛上
愛著,愛到
愛著,要穿
愛蜜交情,要蜜繳交情
愛討,要娶
愛討,要討
愛講,要說
愛講罔講,姑妄言之
愛買,要買
愛轉去,要回去
愛轉去,要回家
愛靚,愛美
感動著,感動到
感受著,感受到
感心,感動
感激毋盡,感激不盡
感覺器,感官
感覺膩胲,吃得很膩
感覺著,感到
感覺著,感覺到
愧毋敢當,愧不敢當
慇慇,頭暈痛
慇頭疺腦,頭昏腦脹
慈心,愛心
慌毋擇路,慌不擇路
慍悴,鬱悶
慍慍悴悴,鬱悶
慍慍悴悴,鬱悶不快樂
慎細謹微,慎小謹微
慘了,悽慘
慘了,糟糕
慘死,無可奈何
慘毋忍聞,慘不忍聞
慘然毋樂,慘然不樂
慚愧,僥倖
慢,緩慢
慢一點,晚一點
慢仔,慢
慢到,晚到
慢慢仔,慢慢的
慢慢畜,慢慢養
慢慢纏,緩慢漸進
慢板,慢吞吞
慢走,慢跑
慢點,晚點
慣,習慣
慣勢,習慣
慣勢撇,習慣
慣慣,習慣了
慣騎馬个慣跌跤,慣騎馬的慣跌跤
慨,出手大方
慮無毋周,慮無不周
慶,厲害
慶,能幹
慶慶,厲害厲害
慶父毋死，魯難未已,慶父不死，魯難未已
慶腳,精明
慶腳,精明幹練
慷厥人之慨,慷他人之慨
慷慨,出手大方
憂患意識,憂患
憂道毋憂貧,憂道不憂貧
憋毋住,憋不住
憑媒講合,憑媒說合
憑筊仔,向神明請示時
憑良心講,憑良心說
憔,憔悴
憔憔,枯槁瘦病
憤恨毋平,憤恨不平
憤憤毋平,憤憤不平
憤毋顧身,憤不顧身
憨,傻
憨之憨搭,不理智
憨乎乎,傻乎乎
憨事,傻事
憨勁,傻勁
憨勁兒,傻勁兒
憨呵呵,傻呵呵
憨大頭,傻大頭
憨子,傻子
憨孩子,傻孩子
憨帽兒,傻帽兒
憨憨搭搭,憨憨傻傻
憨楞楞,傻楞楞
憨樂,傻樂
憨氣,傻氣
憨瓜照相機,傻瓜照相機
憨瓜相機,傻瓜相機
憨眼,傻眼
憨笑,傻笑
憨細子,傻小子
憨蛋,傻蛋
憨裡憨氣,傻裡傻氣
憨角,傻角
憨里憨氣,傻里傻氣
憨頭憨腦,傻頭傻腦
憶等,記掛在心
懈怠,疏懶拖延
懈懈怠怠,怠惰拖延
應,回應
應,回答
應卯食糧,應卯吃糧
應嘴,頂嘴
應嘴擘鼻,礙手礙腳
應對毋窮,應對不窮
應承,允諾
應承,承諾
應承,答應承諾
應聲,回聲
應聲,回音
應話,回話
應話,頂嘴
懊惱,鬱悶
懊躁,煩躁不安
懶下,懶下方
懶尸,懶惰
懶懶,懶洋洋
懶懶个,懶懶的
懶懶仔,意興闌珊
懶懶仔,懶洋洋
懶𧊅𧊅仔,意興闌珊
懶𧊅𧊅仔,懶洋洋的
懷惡毋悛,懷惡不悛
懸个過高,懸的過高
懸浮粒仔,懸浮粒子
懼著,怕著了
懾著,恐懼
懾著,懾服
戀愛,戀要
戀戀毋捨,戀戀不捨
戇,傻
戇丁戇丁,呆癡
戇丁戇丁,愚痴
戇个,笨的
戇人,愚笨的人
戇人有戇福,傻人有傻福
戇仔,傻瓜
戇仔,大傻瓜
戇仔鬼,傻瓜鬼
戇倈仔,傻兒子
戇噹,呆愚
戇婿郎,傻女婿
戇嫲,笨女人
戇忒,傻掉
戇忒,呆掉
戇戇,傻傻
戇戇當當,傻呼呼
戇戇當當,呆呆笨笨
戇戇當當,呆愚
戇牯,傻公
戇牯,呆子
戇狗想食豬肝骨,癩蝦蟆想吃天鵝肉
戇痴,愚笨
戇神戇神,恍神
戇神戇神,神情呆滯
戇福,傻福
戇細子,戇小子
戇霸戇霸,大而笨
戇面,傻呼呼的
戇面,長相傻傻
戇面戇面,傻呼呼的
成下仔,有時候
成个兒,成個兒
成事毋講,成事不說
成事毋足，敗事有餘,成事不足，敗事有餘
成人,像話
成人,成材
成人毋自在，自在毋成人,成人不自在，自在不成人
成人長大,發育成人
成人長大,長大成人
成兩儕,一兩個人
成千成萬,非常多
成家後,結婚後
成就,成果
成就為王，敗就為虜,成則為王，敗則為虜
成時,有時
成時仔,偶爾
成時仔,有時候
成百,約一百
成肯,成熱衷
成見,偏見
成規,老舊的規矩
成親,結婚
成雙,配成一對
成願,成癮
成點鐘仔,一個鐘頭左右
戒尺,教鞭
戕害毋辜,戕害不辜
或係,或是
或或仔,尚可
或者,或
或者,或許
戥星,砝碼
戥真,錙銖必較
截然毋同,截然不同
戰毋旋踵,戰不旋踵
戰無毋克,戰無不克
戲人公頭,戲偶頭
戲園,劇院
戲園,戲院
戲棚頭,開場表演
戲法人人會變，巧妙各有毋同,戲法人人會變，巧妙各有不同
戲院,劇院
戲齣,戲碼
戴,住
戴,住在
戴在,待在
戴孝,帶孝徽
戴孝,服喪
戴帽仔,戴帽子
戴目鏡,戴眼鏡
戴目鏡,擦地板
戴等,戴著
戴絭,戴上平安符
戴著,戴到
戶口,戶籍
戶樞毋朽,戶樞不朽
戶樞毋蠹,戶樞不蠹
戶檻,戶限
戽戽,潑潑
房捐稅,房屋稅
房捐稅,租金
房族,家族
房間底肚,房間裡
房間底肚,房間裡面
所圖毋軌,所圖不軌
所在,位置
所在,地方
所料不差,不出所料
所爭,差異
所爭,有所差異
所爭,相差
所知,所知道
所講,所言
所講,所說
所費,支出
所費,費用
所費,開支
所費毋貲,所費不貲
扁嘴大頭鳥,海雀
扁扁,扁平
扁擔壓毋出个屁來,扁擔壓不出個屁來
扁鑽,起子
扁食,餛飩
扇仔,扇子
扇仔舞,扇子舞
手㬹,手肘
手㬹,掌根
手㬹,肘關節
手尖腳幼,纖手細足
手巴掌,手掌
手巾,手帕
手心手背都係肉,手心手背都是肉
手心項,手心上
手心項,手心裡
手想,胳臂
手扡扡仔,想要用卻沒得用
手抩手扡,胡亂抓取
手指伸出有長短,十指有長短
手指公,大拇指
手指公,拇指
手指尾,小指
手指拗入無拗出,胳臂往內彎
手指目,指關節
手指節仔,手指的指節
手指罅,手指縫
手指腡,指紋
手指落,指環
手插魚籃，避毋得腥,手插魚籃，避不得腥
手機仔,手機
手毋停揮,手不停揮
手毋穩,手不穩
手毋輟筆,手不輟筆
手比腳劃,比手畫腳
手瘸瘸,手不靈光
手瘸腳跛,瘸手跛腳
手盤,手掌
手目,腕關節
手目珠,腕關節
手禁,戒指
手脅下緊流汗,手腋下一直流汗
手脥下,腋下
手腳,四肢
手腳無力,四肢無力
手落仔,手套
手袖仔,袖套
手裡,手邊
手路,手藝
手路菜,拿手菜
手軟腳犁,疲累異常
手輕腳輕,躡手躡腳
手鈪,手鐲
手銃,手槍
手銃,言行不恭
手錶仔,手錶
手長个,手長的
手長衫袖短,捉襟見肘
手電仔,手電筒
手面賺食,手面賺吃
手頂,手上
手項,手上
手項,手中
手頭,手邊
手頭毋便,手頭不便
手頭緪,手頭緊
手髀,手臂
才好,正好
才學家人,才學習家人
才調,才能
才調,本事
才調,能力
扐,搬
扐來,抱來
扐扐,抱抱
扐石牯,抱石頭
扐等,抱著
扐著,抱著
扒仔,芭樂
扒仔岡莊頭,扒仔岡庄頭
扒灰,有曖昧
扒糞个,扒糞的
打一个吞,打一個吞
打丁,送嫁
打下手个,打下手的
打个前失,打個前失
打个千兒,打個千兒
打个問號,打個問號
打个沉兒,打個沉兒
打个照會,打個照會
打个照面,打個照面
打个粄,打的粄
打个花,打個花
打中國結,做中國結
打乒乓,打乒乓球
打乒乓,打桌球
打乳珠仔,打彈珠
打了一个悶雷,打了一個悶雷
打了个千兒,打了個千兒
打了个寒噤,打了個寒噤
打了个照面,打了個照面
打了个盹兒,打了個盹兒
打了个落花流水,打了個落花流水
打井,挖井
打井,鑿井
打係疼，罵係愛,打是疼，罵是愛
打倒𢫦,仰倒
打入來,打進來
打八仙,扮仙戲
打八仙,演扮仙戲
打冇嘴,光說不練
打冇嘴,學說話
打冇嘴,說大話
打冇訕,閒談
打出本,倒貼
打出本,折本
打出本,虧本
打出本,蝕本
打出本,賠本
打包尾,殿後
打印仔,蓋圖章
打印仔,蓋章
打卵,產卵
打卵見黃,立竿見影
打卵退,倒退
打卵退,打退堂鼓
打卵退,退縮
打吃惇,起寒顫
打合,商量
打合,洽商
打哈啾,打噴嚏
打啊著,一打到
打啊開,打開來
打啊開來,打開來
打單,買票
打單,買車票
打單,購票
打單身,單身
打單身,獨身
打嘴角,打嘴巴
打嘴角,掌嘴
打嘴鼓,聊天
打嘴鼓,談天
打嘴鼓,閒聊
打嘴鼓,閒談
打嘴鼓盡,聊天真
打噎,打嗝
打噎啄,打嗝
打壞,弄壞
打壞,破壞
打夜學,上夜校
打夜學,讀夜校
打子,結果
打子,結果實
打孔翹,傾倒
打宕窿,彼此錯過
打宕窿,沒有交集
打宕窿,相錯過
打宕窿,錯過
打官司,訴訟
打屁,放屁
打屁卵,屁話
打屁卵,放屁
打屁安狗心,口惠而實不致
打屁安狗心,敷衍應付
打帳仔,敲竹槓
打幫,助益
打幫,幸好
打幫,感謝
打幫,沾光
打幫食,做乞丐
打平,平著放
打平過,平分秋色
打平過,打平
打平過,收支平衡
打底,墊胃
打彳亍,遊蕩閒逛
打得平過,收支平衡
打忒,打完
打忒,打掉
打忸,寒顫
打手銃,手淫
打打搵搵,打打沾取沾取
打扮,化妝
打扮到,打扮得
打抱毋平,打抱不平
打拍仔,打拍子
打拍器,節拍器
打拚,努力
打拚,努力工作
打拚,打拼
打招呼,知會
打拳頭,打拳
打拼,努力
打掃,拚掃
打採茶,採茶戲
打採茶,演採茶戲
打探,打聽
打探著,打探到
打探著,打聽到
打撇,打完
打撇,打掉
打擊,挫折
打擊樂器,敲擊樂器
打斷腳骨,斷了生路
打斷腳骨,斷絕生路
打旗兒个,打旗兒的
打早,一大早
打早,一早
打早,從早
打早,清晨
打暗摸,在黑暗中活動
打暗摸,摸黑
打更,報時人
打林,開墾
打林,開墾荒地
打極樂仔,打陀螺
打橫,橫放
打橫過,橫著走
打死人毋償命,打死人不償命
打死忒,打死掉
打毋著,打錯了
打毋見,不見了
打毋開,打不開
打水,取水
打水毋渾,打水不渾
打水漂仔,打水漂兒
打油,榨油
打洽,會商
打淨淨,沖掉
打淨食,單吃
打渾吞,囫圇吞棗
打潑賴,又哭又鬧
打潑賴,哭鬧
打潑賴,耍脾氣
打潑賴,耍賴
打灶頭,砌灶頭
打炮仔,放鞭炮
打烏子,龍葵
打無名,沒得名
打煞,打完
打爛,打破
打爽,可惜
打爽,奢侈
打爽,浪費
打爽,糟蹋
打牆也係動土,打牆也是動土
打牌,玩牌
打牛个,打牛的
打狗毋看主人面,打狗不看主人面
打獅,舞獅
打球仔,打球
打環車,側滾翻
打環車,側翻
打環車,側翻滾
打環車,側身翻滾
打甚麼毋緊,打甚麼不緊
打田,犁田
打田,翻土
打番个,打番的
打白,坦白
打白行,白走一趟
打白行,白跑一趟
打白講,坦白說
打白講,老實講
打盤車,側翻
打直,直著
打眼,醒目
打眼,顯眼
打眼个,打眼的
打眼拐,拋媚眼
打眼拐,眉來眼去
打石,打造石器
打石,雕刻石頭
打石師父,石匠
打碗花,叭哈花
打碗花,百合花
打磚仔,砌磚
打磚仔,砌磚頭
打票,買票
打票,買車票
打禾,打穀粒
打租,收租
打租,簽訂租約
打租,訂定租額
打秧,插秧
打稅,收稅
打稅,訂定稅額
打穀,脫去穀粒
打窟仔,打淺洞
打竳,學站立
打竳,打直
打竳,直直站立
打竳,直立
打竳,直著
打竳,豎直
打竳企,直立站著
打第一,得第一
打米,擣米
打粄,做糕點
打粄仔,分取祭品
打粉,上粉
打粉,塗粉
打粉,搽粉
打糖鑼兒个,打糖鑼兒的
打紙炮,放鞭炮
打紙炮仔,放鞭炮
打紙牌,打四色牌
打紙牌,打牌
打紙牌,玩紙牌
打索,編繩索
打索,編製繩索
打細算盤,打小算盤
打結,不順
打結球,不順球
打罵,責罵
打翻車,側滾翻
打翻車,側翻滾
打翻車,側身翻轉
打脈,把脈
打腳偏,腳力不支
打腳偏,行走時
打腳偏,踉蹌
打花,花開
打花,開花
打若所費,讓你破費
打草鞋,編草鞋
打落,奚落
打落,看輕
打落,輕視
打落肚,奚落肚
打著,打到
打著驚,受驚嚇
打著驚,嚇到
打藥仔,噴農藥
打藥仔,灑農藥
打虎毋著，反被虎傷,打虎不著，反被虎傷
打蛇愛打七寸,打蛇打七寸
打蛇毋死，自遺其害,打蛇不死，自遺其害
打衊,弄髒
打衊,沾惹到
打衊嘴,弄髒嘴巴
打衊手,弄髒了手
打被骨,做棉被
打被骨,拍打棉被
打西北水,下西北雨
打觔斗,翻觔斗
打詏嘴,口角
打詏嘴,彼此爭論
打話毋同,打話不同
打談个,打談的
打諢講笑,打諢說笑
打貨,批貨
打賬仔,故意找碴坑人
打贏,勝利
打赤腳,光著腳
打赤腳,赤腳
打赤膊,光身子
打走,沖走
打跛腳雞,打落水狗
打踜蹭,踉蹌
打退棚,打退堂鼓
打退棚,抽身離去
打逆面,鬧翻
打酒,買酒
打醮,建醮
打銅鑼,打鑼
打銅鑼,敲鑼
打錢兒个,打錢兒的
打鐵个,打鐵的
打鐵師父,鐵匠
打鐵褲,牛仔褲
打鑊爿莊頭,打鑊爿庄頭
打鑼打鼓,敲鑼打鼓
打門,開門
打開,開啟
打開天窗講亮話,打開天窗說亮話
打開後門講,打開後門說
打開開,張開開
打雜个,打雜的
打零工,做零工
打露水,幽會
打露水,承受露水
打靚靚,開得漂亮
打頓屈,耍賴不認賬
打頭个,打頭的
打頭名,得第一
打頭名,得第一名
打頭名,拿第一名
打頭名,考第一名
打風馳,午後雷陣雨
打風馳,雷陣雨
打飯銃,噴出飯菜
打鬥四,聚餐
打鬥四,餐敘聊天
打鬥敘,合夥吃東西
打鬥敘,打牙祭
打鬥敘,聚餐
打魚,捕魚
打魚个,打魚的
打魚仔,打魚
打魚仔,抓魚
打魚仔,漁撈
打鳥,射擊鳥類
打鳥仔,打鳥
打鳥目,單眼瞄準
打鳥目,斜眼
打鳥眼,斜眼
打鹿坑莊頭,打鹿坑庄頭
打麻雀,打麻將
打點,標記
打點仔細,警告人小心點
打鼓仔,敲鼓
打鼓兒个,打鼓兒的
打鼓講書,打鼓說書
托,串
托人,奉承
托人个核卵,拍馬屁
托等,托著
托著來,托著
托起來,撐起來
扚,點著
扚手指,彈指
扚硬,很硬
扚這扚該,彈這彈那
扚這扚該,撥來撥去
扛,抬
扛便當,抬便當
扛叉个,扛叉的
扛扛,抬抬
扛淨淨,抬光光
扛肩兒个,扛肩兒的
扛茶,奉茶
扛茶,端茶
扛菜,抬菜擔
扛菜,端菜飯
扛菜,端菜飯祭靈
扛著,抬著
扛轎,助選
扛轎,抬轎子
扛轎个,助選的
扛轎个,抬轎的
扛轎仔,抬轎子
扛飯,奉飯
扛飯,端飯
扛飯,端飯祭靈
扛飯包,抬便當
扛𣛮,嫁妝箱
扞格毋通,扞格不通
扡,把
扡,抓
扡壁,求助無門
扡核,抓緊
扡米,抓一把米
扡著屎,手抓到屎
扣,減去
扣月給,扣薪
扣緪,扣緊
扭,扭動
扭,扭轉
扭,揪
扭下,揪下
扭尸胐花,屁股扭動
扭揪,難纏
扭核來,扭緊
扭核來,扭緊來
扭核來,轉緊
扭糾,難纏
扭肘糖,麻花
扭腳髀,捏大腿
扭腳髀,擰大腿
扭著,揪住
扭著,揪到
扭酒窟,酒窩
扮豬食老虎,扮豬吃老虎
扯,撕
扯下來,撕下
扯來,撕來
扯後腿,拉後腳
扯忒,撕下
扯忒,撕完
扯忒,撕掉
扯毋清,扯不清
扯爛,撕破
扯等,撕著
扯簿仔,撕簿子
扯綿綿,扯爛
扯貼法,撕貼法
扯飯,下飯
扳,扶
扳毋倒兒,扳不倒兒
扳纏毋清,扳纏不清
扳頭揇頸,勾肩搭背
扶助,幫助
扶等,扶著
批人,佔人便宜
批人,占便宜
扼,掐住
扼,握
扼手,握手
找,尋
承勞,勞工
承勞,受雇之人
承勞,員工
承勞,夥計
承勞仔,傭工
承受,接受
承受,收屍
承受,收留
承受,負荷
承水,接水
承蒙,感謝
承蒙,謝謝
承蒙你,謝謝
承蒙你,謝謝你
承蒙若个關心,謝謝你的關心
承蒙若个關心,謝謝關心
抄本,手抄本
抄細路,抄小路
把戲,手段
把戲,花招
把戲,詭計
把戲,雜技
把戲,魔術
把扼,把握
把持毋住,把持不住
把持毋定,把持不定
把握,掌握
把核,守著
把核,阻攔著
把梢个,把梢的
把毋住,把不住
把毋到,把不到
把等,遮擋著
把等,阻攔著
把腳毋住,把腳不住
把變,把戲
把變,花樣
抋啊抋仔,上下彈動
抑,或是
抑,還是
抑係,或是
抑係,或者
抑係,還是
抓啊著,抓到
抓等,抓住
抓緪,抓緊
抓著,抓到
抔來,捧來
抔來,裝來
抔去,捧去
抔去,裝去
抔啊著,裝到
抔啊開來,裝起來
抔地圾,裝垃圾
投人,向人投訴
投無毋利,投無不利
投票箱,票匭
折仔戲,折子戲
折福,不知惜福
折錢,折現金
抨撇,丟掉
抨著,拍到
抨著,搧到
披著羊皮个狼,披著羊皮的狼
披闊,拓寬
抬重,抬棺柩
抱毋平,抱不平
抱緪,抱緊
抵,遮蔽
抵擋,抵禦
抵日頭,遮陽
抵暗,遮擋
抵死毋從,抵死不從
抵毋住,抵不住
抵毋過,抵不過
抵水,避雨
抵蔽,遮蔽
抵雨,擋雨
抵雨,遮雨
抵雨,避雨
抵風,遮風
抹,塗
抹刀,刮刀
抹嘴食,抹嘴吃
抹壁,上土
抹抹,塗塗
抹抹,擦擦
抹抹仔,抹一抹
抹抹光,抹抹明亮
抹毋下來,抹不下來
抹毋著影,抹不著影
抹毋開,抹不開
抹草,魚針草
抹落去,抹下去
抺,擦
抺,擦拭
抺地板,擦地板
抺地泥,拖地
抺抺摸摸,東摸摸西摸摸
抺桌布,抹布
抺籮抺𥯥,忙這忙那
抽猴筋,算總帳
抽稅,徵稅
抽稅,扣稅
抽筋縮脈,痛風
抽筍,發芽
抽筍,長新芽
抽籤仔,抽籤
抽胲另命,大聲嘶喊
抽豬嫲子,抽子嗣
抿等嘴,抿著嘴
拂啊拂仔,甩啊甩的
拂啊拂欸,甩來甩去
拂啊拂欸,甩啊甩的
拂尾,搖尾巴
拂尾,甩尾
拂忒,揮掉
拂拂忒,揮揮掉
拂淨淨,甩光光
拂落,揮下
拂高高,揮高高
拂高高,甩高高
拄固,堅固
拄固,牢固
拄固,穩當
拆做,拆分成
拆債,還債
拆屋,拆屋子
拆忒,分解
拆忒,拆掉
拆忒,拆解
拆忒,拆除
拆拆忒,拆拆掉
拆撇,分解
拆撇,拆掉
拆撇,拆解
拆撇,拆除
拆數,還帳
拆著,拆到
拆陣,分離隊伍
拆陣,解散
拈,撿
拈來,撿來
拈兜,撿些
拈到,抽到
拈到,撿到
拈去,撿去
拈地圾,撿拾垃圾
拈埤坑口,撿埤坑口
拈壞銅壞鐵,拾荒
拈揚尾打草蜢,蜻蜓打蚱蜢
拈撇,撿完
拈日拈夜,撿日撿夜
拈樵,撿柴
拈燒怕冷,怕這怕那
拈甜,拿取糖果
拈禾串,撿拾稻穗
拈禾串,撿稻穗
拈籤仔,抽籤占卜
拈籤卜卦,抽籤占卜吉凶
拈著,撿到
拈起來,撿拾起來
拈起來,撿起來
拈酸食醋,拈酸吃醋
拈錢,募款
拈錢,撿錢
拈陂坑,撿堤坑
拈陂坑口,撿堤坑口
拈雞屎食,少不更事
拈雞屎食,年少不明白事理
拈雞屎食,撿雞屎吃
拈食指,食指
拈香,上香
拈香,弔唁
拈鬮,抓鬮
拉兼,拉近
拉大鋸,使用大鋸子
拉尿,尿床
拉後腳,扯後腿
拉核,拉緊
拉毋下臉來,拉不下臉來
拉毋出,拉不出
拉等,拉著
拉等走,拉著跑
拉緪,拉緊
拉胚仔,手拉胚
拉著,拉到
拉著,拉等
拉近,拉兼
拉領古,汗衫
拋拋滾,沸騰
拋拋滾,沸騰冒泡
拋花作浪,波濤洶湧
拋花作浪,浪花滔天
拌楻,打穀機
拍仔,拍子
拍仔聲,拍仔聲音
拍啊去,拍過去
拍手,鼓掌
拍球仔,拍球
拍聲仔,拍聲音仔
拍花个,拍花的
拐,哄騙
拐人,騙人
拐仔湖莊頭,拐仔湖庄頭
拐彎,轉彎
拐棍仔,拐杖
拑拑,彎彎
拓落毋羈,拓落不羈
拔,披掛
拔,輕拍
拔了一个尖兒,拔了一個尖兒
拔塵灰,拂去灰塵
拔毋出腿來,拔不出腿來
拔翼,拍打翅膀
拔蚊仔,揮趕蚊子
拖仔,抽屜
拖勻,兩相平均
拖命,苟延殘喘
拖慢,延後
拖拖挷挷,拖拖拉拉
拖棚,拖延
拖毋來𢱤毋去,反應遲鈍
拖箱,抽屜
拖箱仔,抽屜
拗,折
拗,折斷
拗,摘取
拗手把,比腕力
拗手板,比腕力
拗拗,彎彎
拗拗,折折
拗拗,摘摘
拗斷,折斷
拗毋登,拗不登
拗毋過,拗不過
拗甘蔗,折甘蔗
拗腰,彎腰
拗花,折花
拗花,摘花
拗著,折到
拗著,摘到
拗蠻,相當
拗蠻合意,超中意
拗蠻投入,超投入
拗骨遮,摺傘
拚,拼
拚,賣力
拚事,努力
拚事,趕工
拚兜,拚些
拚兜,拚點
拚兜,清理些
拚兜,清理點
拚兜,賣力些
拚兜,賣力點
拚命,冒死
拚命,拼命
拚命,搏命
拚拚啊仔,掃一掃
拚拚啊仔,清理一下
拚拚滾,吵吵嚷嚷
拚拚滾,吵鬧喧嚷
拚掃,大清掃
拚掃,打掃
拚掃,清掃
拚死食河豚,拚死吃河豚
拚生拚死,拼死拼活
拚著,拚到
拚著,掃到
拚間仔,整理房間
招人,揪人
招保險,拉保險
招團,揪團
招婚,贅婚
招婿郎,招女婿
招婿郎,招贅女婿
招會仔,標會
招架毋住,招架不住
招老弟,招弟弟
招著,招到
拜,星期
拜,祭拜
拜一,星期一
拜一有英文課,祭拜一有英文課
拜三,星期三
拜二,星期二
拜五,星期五
拜伯公,拜土地公
拜伯公,祭拜土地公
拜候,拜望
拜候,探訪
拜候,訪問
拜候,訪謁
拜六,星期六
拜六,週末
拜六禮拜,週末
拜別,告別
拜別,辭行
拜別,離別
拜別,離去
拜問,借問
拜問,請問
拜問,請教
拜喏,拜拜
拜喏,拜神
拜四,星期四
拜壽,祝壽
拜天公,祭天
拜天公,謝天
拜天公愛燒金,拜天公要燒金紙
拜好兄弟,拜孤魂野鬼
拜拜,拜神
拜日,星期日
拜望,拜候
拜望,拜訪
拜望,探訪
拜望,訪問
拜望,訪謁
拜核,拜完
拜歲蘭,報歲蘭
拜祖公,祭拜祖宗
拜祖公,祭祖
拜祖時,祭拜祖時
拜神,拜拜
拜神,燒香
拜神,祭拜神明
拜神明,祭拜神明
拜觀音,祭拜觀音
拜訪,拜候
拜訪,探望
拜請,敬請
拜過,祭拜過
拜阿公婆,祭拜祖宗
拜阿公婆,祭祖
拱拱,拱起彎曲
拱背,背彎曲
拱背蟲,尺蠖
拳花碌天,揮拳舞動
拳頭上站个人，肐膊上走个馬,拳頭上站的人，肐膊上走的馬
拳頭嫲,拳頭
拳頭師傅,武術教練
拳頭毋打笑面人,伸手不打笑臉人
拳頭花,申跋
拴好好,拴好
拴緪,拴緊
拶拶,很密很擠
拶腹,實心
拶腹,紮實
拶腹實落,很紮實
拼命仔,拼命
拼毛辮,綁辮子
拼毛辮仔,編髮辮
拾金毋昧,拾金不昧
拿來看,取閱
拿兜,拿些
拿啊著,一拿到
拿把毋住,拿把不住
拿撇,拿掉
拿核,拿掉
拿核,拿緊
拿毋了,拿不了
拿毋住,拿不住
拿毋准,拿不准
拿毋定,拿不定
拿毋穩,拿不穩
拿毋著,拿錯
拿毋起來,拿不起來
拿碗公來張湯,拿大碗來盛裝湯
拿碗公來張湯,拿碗公來裝湯
拿等,拿著
拿草棍兒戳老虎个鼻子眼兒,拿草棍兒戳老虎的鼻子眼兒
拿著,拿到
拿軟个作鼻子頭,拿軟的作鼻子頭
拿轉去,拿回去
持正毋撓,持正不撓
持正毋阿,持正不阿
持疑毋決,持疑不決
指,指出
指一講十,指一說十
指人指,食指
指分𠊎看,指給我看
指分𠊎看,指給𠊎看
指天講地,指天說地
指尖極樂仔,指尖陀螺
指山講磨,指山說磨
指東講西,指東說西
指毋勝屈,指不勝屈
指牛罵馬,指桑罵槐
指等,指著
指著,指到
挈瓶細智,挈瓶小智
按,這樣
按件計錢,論件計酬
按到,按得
按捺毋住,按捺不住
按牛頭食毋得草,按牛頭吃不得草
按算,事先預估
按算,打算
按算,預算
按算,預計
按講,按說
挏挏,戳戳
挏挏,頂頂
挑事,故意
挑工,刻意
挑工,專程
挑工,特定
挑得籃裡便係菜,挑得籃裡便是菜
挑挑,故意
挑知,故意
挑竻,剔出
挑竻,剔出刺
挑試,蓄意
挖出來,挖掘
挖忒,挖完
挖忒,挖掉
挖撇,挖完
挖撇,挖掉
挖海蜆仔,挖蛤蜊
挖空,挖洞
挖耳屎,挖耳垢
挖肉補瘡,顧此失彼
挖著,挖到
挨个兒,挨個兒
挨刀个,挨刀的
挨尸磨骨,慢吞吞的
挨弦仔,拉胡琴
挨弦樂器,拉弦樂器
挨生挨死,苟且偷生
挨生挨死,隱忍苟活
挨礱,碾米
挨礱披波,螳螂
挨粄,磨米漿
挨著神頭,倒楣
挨身過去,擠過去
挫著,擦到
挫著,磨到
挭手挭腳,礙手礙腳
挭挭杈杈,妨礙多多
挱著來,抓起來
挲挲,擦擦
挲挲,除除
挲草,除草
挲鹽,抹上鹽巴
挳字眼,咬文嚼字
挳字眼,挑人毛病
挶外外,漠不關心
挶屎,傲慢
挶屎轟天,驕傲得很
挶心事,攻心計
挶賁賁,挶厚厚
挶起,鼓起
挷,拔
挷刪仔,大概處理
挷大索,拔河
挷山,抄捷徑
挷工,抽空
挷工,空出時間來
挷工,騰出時間來
挷忒,拔完
挷忒,拔掉
挷想,長高
挷挷,拔拔
挷挷扯扯,糾纏不清
挷條,拔條
挷火罐,拔罐
挷皮扯瘌,皮膚緊縮撕裂傷口疼痛
挷相,長高
挷縫,裂開
挷草,拔草
挷衫尾,跟隨人後
挷起,拔起
挷起來,拔起來
挷路,拔路
挷降,久不下雨
挷面,挽面
挺拔毋群,挺拔不群
挺挺,挺著
挺挺企,直直站
挺挺昂,臉朝上躺著
挼,搓捏
挼,磨
挼來,搓來
挼來,磨來
挼刀,磨刀
挼刀仔,磨刀
挼利,磨利
挼利,磨得鋒利
挼利利,磨鋒利
挼圓,搓圓
挼圓,搓湯圓
挼泥毋洗手,感情融洽
挼粄圓,搓湯圓
挼雪圓仔,搓湯圓
挽上去,掛上去
挾,挾取
挾來,挾過來
挾來食,夾來吃
挾來食,挾來吃
挾去,挾過去
挾忒,挾完
挾忒,挾掉
挾挾撇,挾完
挾私胲,藏私房錢
挾菜,夾菜
挾著,挾到
挾錢,私下存錢
挾錢,私藏錢財
挾錢,藏錢
捆,拴綁
捆䌈,捆綁
捆捆,綁綁
捉,抓
捉,捕捉
捉來,抓來
捉包,拆穿人
捉去,抓去
捉得,抓得
捉忒,抓完
捉忒,抓走
捉捉,抓抓
捉摸毋定,捉摸不定
捉核,抓完
捉核,抓緊
捉毋著,抓錯
捉狗子轉來畜,抓狗子回來畜養
捉猴,捉姦
捉猴入山,反其道而行
捉痧,刮痧
捉背筋,抓背筋
捉腳毋住,捉腳不住
捉著,抓到
捉著,捉到
捉著,逮到
捉蛤蟆,抓田雞
捉蛤蟆个,抓田雞的
捉蛤蟆賣个,抓田雞賣的
捉貓子看貓嫲,有其父必有其子
捉起來,抓起來
捉身毋住,捉身不住
捉魚,抓魚
捉魚个,抓魚的
捉龍,按摩
捋牛乳,擠牛奶
捋落去,打下去
捋落去,擠下去
捋落去,輕摸下去
捋鬚,以手掠鬍子
捍等,守護著
捍等,撫著
捏,掐
捏下來,掐下來
捏出水兒來个,捏出水兒來的
捏殺蠅子兒係个,捏殺蠅子兒是的
捏腳髀,捏大腿
捏著,捏到
捏著,掐到
捏過印把子个,捏過印把子的
捙著,捙穿
捝,扯
捧忒,捧完
捧忒,端完
捧捧走,捧走
捧水,掬水
捧茶,端茶
捧走,端走
捧轉來,捧回來
捧轉來,端回來
捧鳳凰似个,捧鳳凰似的
捨本,不惜代價
捨毋得,捨不得
捨身,肯屈就做事
捩,旋轉
捩來捩去,轉來轉去
捩捩,轉轉
捩捩轉,不停轉
捩捩轉,團團轉
捩捩轉,旋轉
捩捩轉,轉動不停
捩當轂,轉得很快
捩轉來,轉過來
捲下仔,整個
捲封株,一體成形
捲緪,捲緊
捲若猴皮,處罰你
捶背囊,捶背
捶背囊,搥背
捷講,捷說
捺腰仔,束腰
捻菜包,用手指捏菜包
捼斧洗鋸不誤工,磨快斧頭或鋸子不會耽誤工作，反而因磨快後工作效率更好。
捼斧洗鋸無宕工,磨快斧頭或鋸子並不會浪費時間，反而因磨快後工作效率更好。
捽,擦
捽,擦拭
捽仔,橡皮擦
捽來火,火柴
捽地板,擦地板
捽屎朏,擦屁股
捽捽,擦擦
捽燥,擦乾
捽玻璃,擦玻璃
掀,掀開
掀到下一頁,掀到下方一頁
掀書,翻開書
掀石濫泥鳥,翻石鷸
掃地泥,掃地
掃把,掃帚
掃把星,彗星
掃把星,慧星
掃把星,掃帚星
掃把草,細葉金午時花
掃把菊,掃帚菊
掃掃淨,掃乾淨
掃條碼,刷條碼
掄出,抓出
掄毋到,掄不到
掄耳公,挖耳朵
掄脆仔,小鈸
掄脆仔,鈸
掄脆仔,鐃
掇貨,批貨
授粉,傳粉
掉臂毋顧,掉臂不顧
掉頭毋顧,掉頭不顧
掊開,撥開
掌,看守
掌,看管
掌中戲,布袋戲
掌勺兒个,掌勺兒的
掌屋,看家
掌更,值夜
掌案个,掌案的
掌毋住,掌不住
掌毋起,掌不起
掌灶个,掌灶的
掌牛,放牛
掌牛,牧牛
掌牛,看管牛
掌牛仔,放牛
掌牛倈,放牛男孩
掌牛哥仔,牧童
掌牛猴,放牛郎
掌牛郎,放牛郎
掌牛郎,燈稱花
掌班,看管班級
掌看,看管
掌等,看守
掌管,掌握
掌管,管理
掌羊,牧羊
掌羊,看管羊
掌財,看管錢財
掌門,看門
掌門員,守門員
掌鴨,看管鴨子
排列,排隊
排列仔,排隊
排厥性,排他性
排場,場面熱鬧
排場,舖張
排忒,排完
排排等,排著
排攤仔,擺攤子
排等,排著
掖菜仁,播菜種
掖著,撒到
掖頭,事之開端
掖麻掖米,米撒得到處都是
掗分滿子,偏袒么兒
掘下,挖下
掘毋得,挖不成
掘泥,挖土
掘泥,掘土
掘窟,挖洞
掘窟仔,挖洞
掘著,挖到
掘開,挖開
掘開來,挖開來
掙人,為難人
掙掙掣掣,要脅
掛吊,懸念在心
掛吊,掛心
掛吊,擔心
掛吊,牽掛
掛名,記名
掛心,擔憂
掛掃,掃墓
掛旗仔,掛旗幟
掛毋住,掛不住
掛等,掛著
掛紙,掃墓
掛胎,懷孕
掛衫褲,掛衣服
掛頭挷,連頭拔
掝起來,反彈起來
掝起來,彈起來
掞,撒
掞掞,抖抖
掞掞,撒撒
掞掞動,上下抖動
掞石灰,灑石灰
掞粉仔,撒粉
掞腳,抖腳
掠,捕捉
掠著來,捉來
採收,摘
探,查訪
探个究竟,探個究竟
探偵仔,偵探
探偵小說,偵探小說
探望,走訪
探根,伸根
探根,生根
探橋,搭建橋樑
探橋,架橋
探橋,架設橋樑
探消息,探聽消息
探看,打聽
探窿个,探窿的
探著,探聽到
探著,搆到
探起頭,探出頭
探過,搆過
探頭性,挺水性
掣,觸擊
掣,顫
掣,顫抖
掣仔鞋,拖鞋
掣市,賣光
掣市,賣空
掣等走,負氣而走
掣著,觸電
掣鈴,扯鈴
掣電,觸電
接啊著,剛接觸
接嘴,插嘴
接毋到,接不到
接眼,乍看
接等,接下來
接等,接著
接腳,再娶
接腳,承繼
接腳个,繼夫
接腳个,繼室
接腳哀,繼母
接腳女,後妻
接著,接到
接藤,接枝
接近,靠近
接連毋斷,接連不斷
接骨筒,木賊
推,推卸
推人,打人
推來推去,推卸來推卸去
推倒了油瓶毋扶,推倒了油瓶不扶
推忒,推掉
推懶,偷懶
推懶,推諉偷懶
推理細說,推理小說
推薦,推舉
推講,推說
推開窗戶講亮話,推開窗戶說亮話
掩人面目,遮住不被看到
掩其毋備,掩其不備
掩土,下葬
掩土,覆土
掩密,蓋密
掩密,遮密
掩死,完全遮蓋
掩死,完全遮蔽
掩毋住,掩不住
掩泥,覆土
掩磡,隱匿
掩等,隱瞞
掩等,隱瞞住
掩籬笆,編籬笆
措手毋及,措手不及
措手毋迭,措手不迭
措毋及防,措不及防
揀揀擇擇,挑挑揀揀
揀揀擇擇,東挑西選
揀日毋如撞日,揀日不如撞日
揀肥擇瘦,挑肥揀瘦
揀著,選到
揀食,挑食
揇,抱
揇,摟抱
揇,擁抱
揇細人,抱小孩
揇腰跤,摔角
揇腰跤,摔跤遊戲
揇腰跤,相撲
揇著,抱到
揇起來,抱起來
揉,搓揉
揉到皺皺,揉到皺痕多
揉搓,搓揉
揋石頭,投擲石頭
描寫,摹寫
描寫,敘寫
描畫,描繪
提毋起勁,提不起勁
提醒等,提醒著
插,理會
插仔,叉子
插仔,插梢
插核,插緊
插椏,插枝
插漦,理會
插等,插著
插翼難飛,插翅難飛
插花,戴花
插花仔,插花
插頭,插座
插齊,很整齊
插齊,很齊全
揕,指甲刺
揕人,以拳打人
揙,翻
揙,翻找
揙揙,翻翻
揙東西,翻找東西
揙著,翻到
揙透透,翻找透透
揙透透,翻透透
揚尾仔,蜻蜓
揚擛蘭,蝴蝶蘭
揚湯止沸，毋如去薪,揚湯止沸，不如去薪
揚瓦,蓋上瓦片
揚蝶仔,蝴蝶
揚蝶仔,蝴蝶蝶
揚蝶卵,蝶卵
揚蝶嫲,愛現的女人
換句話講,換句話說
換忒,換掉
換毋得,換不成
換湯毋換藥,換湯不換藥
換班,換班級
換生毋如守熟,換生不如守熟
換絭个,更換護身符
換著,交替著穿
換著,換來
換著,換得
換著,換穿
換著,換著穿
換藥仔,換藥
換衫,換衣
換衫褲,換衣服
換衫褲,換衣褲
換褲,換褲子
揜揚尾仔,捉蜻蜓
揜等,覆置著
揜起來,蓋起來
揞,蒙住
揞塞塞,蓋住
揞目珠,遮住眼睛
揞目珠,遮眼
揞等,覆蓋
揞等,遮掩
揞等,遮著
揞等面,掩面
揟巴掌,打巴掌
握緪,握緊
揢,抓緊
揢,緊握
揢拳,握拳
揢拳頭,握拳
揢拳頭,握緊拳頭
揢權,掌握權柄
揢泥卵,從事農耕
揢著,抓住
揢著,抓到
揢著,捉到
揣,推測
揣,猜
揣,猜測
揣令仔,猜燈謎
揣令仔,猜謎
揣令仔,猜謎語
揣毋出,推測不出
揣毋出,猜不出
揣毋著,推測錯
揣毋著,猜錯
揣燈謎,猜燈謎
揣著,猜到
揣著,猜著
揤,戳
揤,擠壓
揤落去,刺入
揤落去,插入
揤覆菜,壓覆菜
揤覆菜,擠裝福菜
揤覆菜,擠覆菜
揪便,扭抓便
揪毋㪐,抓不下
揪著,扭抓
揪著,抓到
揪頭那毛,抓頭髮
揪頭那毛,用力扭抓頭髮
揫亼,收拾整齊
揬,碰
揬一下,碰一下
揬人尋,捉迷藏
揬來揬去,碰來碰去
揬著,接觸
揬著,碰到
揬著,觸碰到
揬鬚,觸角
揭毋開鍋,揭不開鍋
揭空仔,挑剔他人毛病
揮之毋去,揮之不去
揮揮,涼涼的氣味
揰,戳
揰一個空,戳一個洞
揰下,刺下
揰下,戳下
揰下,頂下
揰球仔,撞球
揰著,刺到
揰著,戳到
揰著,頂到
揰起來,戳起來
揰起來,頂起來
揹債,負債
揹帶,背帶
揹帶鳥,綬帶鳥
揹揹,背背
揹核,背著
揹著,背著
揹起,背起
揹鑊,駝背
搉,敲
搉門,敲門
損有餘，補毋足,損有餘，補不足
損身,流產
損身仔,流產
搏撇,打完
搏撇,打掉
搐,上下震動
搓,刷
搓,刷洗
搓仔,刷子
搓傷,擦傷
搓忒,刷完
搓忒,刷掉
搓洗,刷洗
搓熟个湯團,搓熟的湯團
搓牙齒,刷牙
搓粄仔,搓揉粄糰
搓粄仔,搓糕
搓過,刷洗過
搔首毋知癢處,搔首不知癢處
搖,擺動
搖兒晃兒个,搖兒晃兒的
搖動,擺動
搖啊搖仔,搖啊搖的
搖搖,不穩
搖搖,搖搖不穩
搖搖噹噹,鬆脫搖晃
搖搖擺擺,左右搖曳
搖搖擺擺,搖搖晃晃
搖擺毋定,搖擺不定
搖籃項,搖籃裡
搖落去,搖下去
搖車兒裡个爺爺，拄拐棍兒个孫子,搖車兒裡的爺爺，拄拐棍兒的孫子
搖鈴兒个,搖鈴兒的
搗倒細廝,搗倒小廝
搜著,找到
搜著,搜到
搞,玩
搞下來,弄下來
搞噼仔,玩尪仔標
搞家啦飯仔,扮家家酒
搞家拉飯仔,扮家家酒
搞尞,玩樂
搞尞,玩耍
搞怪,作怪
搞手機仔,划手機
搞毋好,搞不好
搞毋得,不能玩
搞毋得,弄不成
搞毋懂,搞不懂
搞水,玩水
搞牌,玩牌
搞球,玩球
搞紙噼仔,玩尪仔標
搞遊戲,嬉戲
搞電動,玩電動遊戲
搞電腦,玩電腦
搞頭王,孩子王
搞頭王,頑皮王
搣,弄
搣去,弄到
搣壞,弄壞
搣壞忒,弄壞掉
搣射,捉弄
搣耍人,戲弄人
搣落去,弄下去
搣著,弄到
搣衰人,擾弄使人倒楣
搣鬼搣怪,胡搞瞎搞
搧嘴角,打耳光
搪酒食,搪酒吃
搬屋,搬家
搬屋,遷居
搬徙,搬動
搬徙,搬運
搬搬走,搬走
搬毋停動,搬不動
搬石頭砸自己个腳,搬石頭砸自己的腳
搬著,搬到
搭,寄放
搭,搭建
搭,託付
搭人,托人
搭人,請託
搭仔,一帶
搭位,一帶
搭俏,搭建俏
搭信,帶信
搭信,帶口信
搭嘴,插嘴
搭嘴,順口
搭惡,搭建兇
搭手,拍手
搭手,鼓掌
搭搭,打打
搭搭,拍拍
搭毋上線,搭不上線
搭漦,理會
搭碓,很配
搭秤頭,陪襯
搭精,搭建精
搭肚落仔,搭建肚套子
搭腳毋核,站不住腳
搭腳髀,拍腿
搭訊,捎口訊
搭話,捎口訊
搭長,搭建剩餘
搭餐,搭伙
搵,沾取
搵地泥,在地上打滾
搵彎,拗彎
搵搵,沾沾
搵斷,抝斷
搵直,抝直
搵落去,癱下去
搵著,扭傷
搵著,沾取
搵豆油,沾醬油
搶人,搶劫
搶人,搶錢
搶人打劫,搶劫
搶光,愛現
搶光,爭風頭
搶光狗,愛現鬼
搶光鬼,愛出風頭
搶忒,搶完
搶忒,搶走
搶撇,搶完
搶撇,搶走
搶生食,搶生吃
搶著,搶到
搶食胲,喉結
搽,塗敷
搽,擦
搽胭脂,擦化妝品
摀毋住,摀不住
摃圓,貢丸
摎,和
摎,把
摎,與
摎,跟
摎上回共樣,和上回相同
摎上擺共樣,跟上次一樣
摎人爽爽忒,糟蹋浪費掉
摎你,把你
摎你,跟你
摎你兜,把你們
摎你兜,跟你們
摎佢,把他
摎佢兜,把他們
摎婦人家,和婦人
摎婦人家,跟婦人
摎早先共樣,跟之前一樣
摎東西,把東西
摎紙擘爛,把紙扯爛
摎錢,把錢
摎𠊎,把我
摎𠊎兜,把我們
摎𠊎坐好,給我坐好
摎𠊎講,跟我說
摎𠊎過來,給我過來
摒,摒棄
摒屎,擦屁股
摒屎胐,擦屁股
摒忒,排除掉
摒忒,清掉
摒摒頓頓,摔東西
摒撇,排除掉
摒撇,清掉
摒撇去,排除掉
摒撇去,收拾掉
摒撇去,清理掉
摒毋得,排除不了
摒毋得,收拾不了
摒毋得,清理不了
摒落,清下
摒著,清到
摒風羊,摔跤的羊
摘一蕊花分你,摘一朵花給你
摘啊仔,摘
摘撇,摘完
摘撇,摘掉
摘花,採花
摘茶,採茶
摘茶妹,採茶女
摘菜,採菜
摝,攪動
摝,攪拌
摝人,煩人
摝屎棍,搗蛋鬼
摝棍,攪拌棒
摝糖水,攪和糖水
摟摟撇,掏掏掉
摟著,摟到
摟錢,掏錢
摳人,哭鬧糾纏
摸,觸摸
摸,觸碰
摸一下,稍微觸摸
摸不著,摸不到
摸手,摸手相
摸摸挲挲,行動緩慢
摸摸搣搣,拖拖拉拉的
摸摸索索个,摸摸索索的
摸摸罅罅,東摸西摸
摸毋清,摸不清
摸毋著,摸不到
摸毋著,摸不著
摸毋著門兒,摸不著門兒
摸毋著頭腦,摸不著頭腦
摸毋著頭路,摸不著頭路
摸看仔,摸摸看
摸著,摸到
摸螺挖蟹,捉螃蟹
摸門,找門路
摸門毋著,摸門不著
摸頭毋著,摸頭不著
摸頭路毋著,摸頭路不著
摺,摺疊
摺疊,折疊
摺紙鶴仔,摺紙鶴
摺衫褲,摺疊衣服
摺被,摺棉被
摺被骨,摺棉被
摻,混合
撅豎細人,撅豎小人
撆嘴角,拍臉頰
撈,掏取
撈毋得,撈不成
撈毛个,撈毛的
撈著,撈到
撈魚仔,撈魚
撍印仔,蓋印章
撍印畫,蓋印畫
撐,充滿
撐,過量
撐仔,支撐架
撐仔,木棍
撐仔,棍子
撐架,支撐架
撐毋住,撐不住
撐渡,擺渡
撐渡个,撐船的
撐獅,舞獅
撐船个,撐船的
撐船郎,船夫
撒忒,撒完
撒忒,撒掉
撒撒忒,撒掉
撓,搔癢
撓人,哈癢
撓肢胳仔,搔胳肢窩
撓著,扭傷
撙,扭轉
撙螺絲,拴緊螺絲
撚,捏
撚,握擠
撚,擠壓
撚做,捏成
撚撚死,捏死
撚撚死,擠死
撚死,捏死
撚死,擠死
撚死死,牢牢抓住
撚牙膏,擠牙膏
撚牛乳,擠牛奶
撚缶仔,捏陶
撚雞胲,識破真象
撚鹹菜水,將水分擠乾
撚麵人,捏麵人
撝肥料,施撒肥料
撞到,撞成
撞差路,走錯路
撞緊,撞一直
撞著,撞到
撞走,走失
撞走,迷路
撤撇,撤完
撤撇,撤掉
撥,搧
撥下,提出
撥下,搧下
撥分,付給
撥扇,搧扇子
撥扇仔,揮動扇子
撥扇仔,搧扇子
撥涼,搧涼
撥火,搧火
撥火,搧風點火
撥索仔,打跳繩
撥著,搧到
撥著,撥到
撥錢,短期借貸
撨時間,喬時間
撨時間,騰出時間
撩,招惹
撩,捉弄
撩,炒
撩人,招惹人
撩人,捉弄人
撩人,逗人
撩人,逗弄人
撩刁,愛戲弄人
撩弄,挑逗
撩弄,捉弄
撩撩揬揬,動手動腳
撩是撩非,惹是生非
撩膣撩鳥,性騷擾
撩蜂食螫,撩蜂吃螫
撩鳥,捉弄人家
撬仔,撬子
撬撬仔,撬一撬
撬畚箕,挑畚箕
播送員,播報員
播音員,播報員
撮,抓取
撮人,騙人
撮假,很粗糙
撮假,虛假
撮忒,拐騙
撮手花,變戲法
撮手花,變把戲
撮把戲,變戲法
撮把戲,雜耍
撮把戲,雜耍表演
撮目花,假寐
撮眼花,動手腳
撮眼花,障眼術
撮鹽,抓取鹽巴
撮鹽,抓鹽
撮鹽,抓鹽巴
撰寫,著述
撲个,撲的
撲个滿懷,撲個滿懷
撲个空,撲個空
撳,按
撳下,按下
撳空,按音孔
撳空仔,蓋孔
撳等,以手按之
撳等,使之不動
撳等,壓住
撳等,按住
撳落去,按下去
撳落去,按進去
撳鈴仔,以手按鈴
撳雞嫲,公雞騎上母雞
撳雞嫲,追捕母雞
撳電鈴仔,按電鈴
撻上,繫上
撻好,繫好
撻於,繫於
撻緊,繫緊
撻鈴人,繫鈴人
撿下,撿一下
撿兜食,很有口福
撿兜餓,挨餓
撿工錢,付工錢
撿工錢,取工錢
撿工錢,收工錢
撿採,如果
撿採,萬一
撿採,說不定
撿揫,收拾
撿揫,收拾整理
撿揫,整理
撿撇,撿完
撿撿揫,收拾
撿樵,撿拾柴草
撿樵,撿柴
撿碗筷,擺放碗筷
撿碗筷,擺碗筷
撿稗仔,拔牌子
撿稗仔,拔除稗子
撿著,撿到
撿輕,接生
撿輕,減輕
撿錢,付款
撿錢,付錢或收錢
撿錢,取錢
撿錢,收款
擂墨,磨墨
擂墨寫大字,磨墨寫毛筆字
擂槌,擂棍
擂目珠,揉眼睛
擂頭,擂棵
擂鼓,擊鼓
擇,挑選
擇好,選好
擇毋開,擇不開
擇菜,挑揀青菜
擇菜,挑菜
擇菜,選菜
擇選,挑選
擋,擋住
擋仔,煞車
擋毋住,擋不住
操之在𠊎,操之在我
操兵練將,訓練兵士
操拳練武,演練武術
操持,勤勞
操煩,操勞
操煩,操心
操煩,擔心
操行,品行
擎,提
擎,舉
擎䟘來,舉起來
擎一袋米轉,舉一袋米回家
擎三支香拜,舉三支香祭拜
擎上來,抬起來
擎上擎下,拿上拿下
擎來,拿來
擎刀揭斧,刀光劍影
擎刀揭斧,動刀槍
擎勾筆,拿鋤頭
擎勾筆,耕地
擎去,拿去
擎忒,拿完
擎手,舉手
擎放,抬放
擎枷,套枷鎖
擎棍,拿棍子
擎毋贏,抬不動
擎火,拿火
擎火,拿火把
擎硬篙仔,唱反調
擎磅,勃起
擎磅,秤桿揚起
擎空擎榫,找碴
擎竹篙,扛出竹竿
擎筆,執筆
擎筆,拿筆
擎筆,拿筆書寫
擎等,拿著
擎膝步,跆膝步
擎膣屌屄,不雅之語
擎著,拿到
擎走,拿走
擎起,拿起
擎起,舉起
擎起來,收起來
擎起來,病症發作
擎起來,舉起來
擎遮仔,帶雨傘
擎遮仔,拿傘
擎遮仔,拿雨傘
擎遮仔,撐傘
擎遮仔,撐雨傘
擎針,做針黹的事
擎針,拿針
擎錘,拿錘子
擎順風旗,順水推舟
擎頭,帶領
擎頭,帶頭
擎頭,抬頭
擎頭毋起,抬不起頭來
擎飯匙堵貓,拿著飯匙來搪塞貓
擎高,抬高
擐,串
擐,提
擐,提起
擐人,懷孕
擐包袱,提包袱
擐去,提去
擐啊著,提起
擐大肚,懷孕
擐擐,提提
擐擐揫,提起
擐核,提著
擐皮包仔,提皮包
擐等,拿著
擐等,提著
擐細人个,懷孕的
擐茶,提茶
擐著,提著
擐飯,提飯
擒犯,俘擄
擒著,捉到
擔名,掛名
擔啊過來,挑過來
擔桿,扁擔
擔毋係,擔不是
擔毋起,擔不起
擔當毋過,擔當不過
擔硬,忍受艱苦
擔竿,扁擔
擔竿項,扁擔上
擔頭,擔子
擔頭,責任
擔頭底,擔子底
擗,搧
擗擗,搧搧
擗著,搧到
擘,剝開
擘來,撥來
擘嘴,張開嘴
擘嘴,打哈欠
擘嘴擘鼻,呵欠連天
擘嘴擘鼻,呵欠連連
擘嘴擘鼻,打呵欠
擘地豆,剝花生
擘擘,開開
擘擘仔,開開的
擘柑仔,剝開橘子
擘腳,劈腿
擘開,分開
擘開,剝開
擘開,扯開
擘開,撥開
擘開,睜開
擘開來,剖開來
擘開來,剝開來
據講,據說
擛手,招手
擛手,揮手
擠擠揫,聚集在一起
擱一擺,再次
擱包,擱包辦
擱毋下,擱不下
擱毋住,擱不住
擲,丟
擲,摔
擲下,丟下
擲忒,丟掉
擲撇,丟完
擲撇,丟掉
擲擲,丟丟
擲本,丟本
擲淨淨,丟乾淨
擲淨淨,丟光光
擴充插空,擴充插孔
擸緊,捉住
擺,回
擺,次
擺列,陳列
擺把仔,偶而一次
擺拉,擺布
擺撥毋下,擺撥不下
擺擺,回回
擺擺,次次
擺毋平,擺不平
擺毋開,擺不開
擺靚,擺著好看
攀床扡蓆,極端痛苦
攀樹藤,青棉花
攀籬吊壁,爬登牆壁
攀籬吊壁,翻越籬笆
攀籬吊壁,頑皮
攉,丟
攉忒,丟掉
攉忒,丟棄
攉忒,拋棄
攎手捋腳,捲起衣袖
攎手捋腳,捲起袖子及褲腳
攏愛,都要
攏總,總共
攏體,總體
攝影細說,攝影小說
攝私胲,藏私房錢
攝衫袖,捲起衣袖
攝錢,偷偷藏錢
攞,摻入
攞攞合合,混在一起
攞著,混到
攞著,混在一起
攣,縫
攣合法,縫合法
攣衫褲,縫衣服
攣鈕仔,縫鈕釦
攤仔,攤子
攤仔位,攤位
攪,拌和
攪,攪動
攪,攪拌
攪棍,攪拌棒
攪潭精,攪禍精
攪紅毛泥,攪拌水泥
攪纏毋來,攪纏不來
攪躁,打擾
攬總,總共
攬著,抱著
攲崖石砦,懸崖峭壁
攲攲,坡度陡峭
攲蓋,鋁製大鍋蓋
攲𠊎石砦,懸𠊎峭壁
收入,收下
收入,映入
收入,映現
收入,納進
收入去,收進去
收冬,秋收
收冬戲,平安戲
收到,收藏
收去,收到
收去,收藏
收壞銅壞鐵,收破銅爛鐵
收得著,收得到
收忒,收完
收忒,收掉
收成,收穫
收揫,收拾
收揫,收拾完畢
收揫,收拾起來
收撇,收完
收撇,收掉
收撇去,收掉
收攤,打烊
收數,收帳
收毋著,收不到
收毋著,收錯
收涎,收口水
收益,收穫
收細个,收小的
收緪,收緊
收著,收到
收轉去,收回去
收集,整合物品
收集,聚攏
收馬,收尾
收馬,轉圜
改,修改
改,批改
改型,性情大變
改型,性格大變
改型,改變造型
改撇,改完
改撇,改掉
改正,更正
改正,糾正
改田角,鬆土
改番薯,挖甘藷
改著,改到
改衫褲,修改衣服
改變,更改
改變,變動
改變,轉變
改過毋吝,改過不吝
改頭換面,洗心革面
攻其毋備,攻其不備
攻其無備，出其毋意,攻其無備，出其不意
攻無毋克,攻無不克
放,放置
放一百二十个心,放一百二十個心
放人,害人
放人,釋放
放人煞,饒恕
放你過,放過你
放佢自家去做,放置他自己去做
放入,導入
放冗,放鬆
放冗,減少
放冗,鬆開
放勢,盡力
放勢,盡情
放勢,盡量
放勢仔,盡情地
放勢牯,盡全力的
放勢牯,盡情地
放囊个,放囊的
放孔明燈,放天燈
放尞,收工
放尞,放假
放得落,放得下
放心毋下,放心不下
放忒,放完
放忒,放掉
放忒,放開
放手,放手去做
放手,鬆手
放撇,放完
放撇,放掉
放放,不平貌
放放,板面翹起
放晝,午休
放毋下,放不下
放毋得,放不開
放毋落手,放不下手
放毋落手,放不子心
放水,灌溉
放火,縱火
放牛食草,放牛吃草
放符誥,以符咒害人
放符誥,放符咒
放等,擺著
放等,放置
放等,放著
放紅,把血瀝出
放紙鷂仔,放風箏
放細菜兒,放小菜兒
放縱毋拘,放縱不拘
放縱毋羈,放縱不羈
放肥,施肥
放落來,放進來
放落去,放進去
放著,放到
放著鵝毛毋知輕，頂著磨子毋知重,放著鵝毛不知輕，頂著磨子不知重
放蕩,不負責任
放誕毋羈,放誕不羈
放走,釋放
放轉,收工回家
放轉,放學
放轉,放學回家
放送機,擴音器
放雨白,颱風前
政令毋一,政令不一
故所,因此
故所,所以
故所,於係
故所,於是
故舊毋棄,故舊不棄
故𠊎,故我
效果,功效
效果,效率
效果毋彰,效果不彰
敋門,敲門
救主,救世主
救助,救援
救火,滅火
救著,救到
救過毋贍,救過不贍
敖毋可長,敖不可長
敗到,敗到達
敗勢,不好意思
敗勢,對不起
敗勢,抱歉
敗子回頭金毋換,敗子回頭金不換
敗家,耗盡家產
敗撇,敗完
敗撇,敗掉
敗毋旋踵,敗不旋踵
敗軍之將，毋可言勇,敗軍之將，不可言勇
敘講,敘說
教,教導
教人,教導人
教人書,教書
教人讀書,教導人讀書
教壞人,教壞
教招,教導招
教教啊仔,教了教
教料,修理
教料,教訓
教料,教養
教料,管教
教書人,老師
教書先生,教書老師
教毋厭學毋倦,教不厭學不倦
教毋聽,教不聽
教毋聽,教導不聽
教育細說,教育小說
教著,教到
敢中意,喜不喜歡
敢係,敢是
敢係,難不成
敢係,難道
敢係,難道是
敢做得,可不可以
敢做得,能不能
敢做敢當,敢作敢當
敢就係,敢則是
敢就贏人,敢做就贏
敢怒毋敢言,敢怒不敢言
敢怒而毋敢言,敢怒而不敢言
敢怕,大概
敢怕,恐怕
敢怕,或許
敢想愛,想不想
敢愛,要不要
敢愛來,來不來
敢愛信,信不信
敢愛做,做不做
敢愛去,去不去
敢愛吃,吃不吃
敢愛啉,喝不喝
敢愛學,學不學
敢愛寫,寫不寫
敢愛待,住不住
敢愛搞,玩不玩
敢愛看,看不看
敢愛笑,笑不笑
敢愛聽,聽不聽
敢愛講,說不說
敢愛讀,讀不讀
敢愛買,買不買
敢愛走,跑不跑
敢擎獅頭，愛曉得弄,人說能者為師
敢會,會不會
敢會,會怎樣
敢會,難道會
敢有,有嗎
敢有,有沒有
敢有影,當真
敢有影,真的假的
敢有影,真的嗎
敢正係,敢只是
敢毋係,難道不是
敢毋會,難道不會
敢毋重要,難道不重要
敢看有,看不看得懂
敢知,知不知道
敢莫係,敢莫是
敢著,敢穿
敢講,難道
敢驚,怕不怕
散撇,散掉
散散个,散散的
散棚,劇終
散棚,散場
散棚,散會
散淨淨,散光光
敨大氣,嘆氣
敨大氣,深呼吸
敨敨,摻摻
敨敨,配配
敨氣,呼吸
敨氣系統,呼吸系統
敨氣聲,呼吸聲
敨水,摻入水
敨涼,休息一下
敨涼,使之舒爽
敨淡,稀釋
敨開來,鬆開
敬事毋暇,敬事不暇
敬神,拜神
敬神,祭拜神明
敬紅粄,乞龜
敬細慎微,敬小慎微
敬謝毋敏,敬謝不敏
敬酒毋食食罰酒,敬酒不吃吃罰酒
敲打,敲擊
敲油,揩油
敲泥團,把泥塊敲碎
敲煙筒頭,敲煙斗
敲爛忒,敲破掉
敲鼓,打鼓
整,修理
整屋,修繕房屋
整整仔,修理修理
整整理仔,整理整理一下
整治,修理
整治,教訓
整理,蒐集
整理間房,整理房間
整瓶毋搖半瓶搖,整瓶不搖半瓶搖
整路,修路
整車仔,修車
整過,修理過
整靚靚,修理漂亮
敵眾𠊎寡,敵眾我寡
數,數目
數,數量
數單,帳單
數毋上,數不上
數毋勝數,數不勝數
數毋清,數不清
數簿,帳簿
數見毋鮮,數見不鮮
數講,數說
文化內涵,文化底蘊
文化肚个,文化中的
文定,訂婚
文毋文，武毋武,文不文，武不武
文毋盡意,文不盡意
文火,小火
文風毋動,文風不動
文齊福毋齊,文齊福不齊
斑鳩仔,斑鳩
斗分人,互相折換給人
斗大个手卷,斗大的手卷
斗大个饅頭,斗大的饅頭
斗換,交換
斗換,以物換物
斗煥坪莊莊頭,斗煥坪庄庄頭
斗笠嫲,斗斗笠
斗筲細器,斗筲小器
料,內餡
料,餡
料仔,料子
料仔,材質
料仔,質料
料前毋能料後,料前不能料後
料毋到,料不到
料著,已經猜到
料著,猜到
斜度,坡度
斜斜,不正貌
斜斜,傾斜向一側
斜斜,無能
斟酌,衡量
斡,掉頭
斡,轉彎
斡來斡去,彎來彎去
斡走,掉頭走
斡轉來,轉過來
斡頭,回頭
斡頭,掉頭
斡頭,轉頭
斤,臺斤
斤零,一斤多
斧頭,斧子
斫了,砍了
斫了,砍掉
斫斫仔,削一削
斫斫仔,砍一砍
斫柴,砍柴
斫樵,砍柴
斫豬肉,買豬肉
斬千刀,殺千刀
斬忒,砍完
斬忒,砍掉
斬忒去,殺掉
斬忒去,砍掉
斬撇,砍完
斬撇,砍掉
斬狗教猴,殺雞儆猴
斬草毋除根，春風吹又生,斬草不除根，春風吹又生
斬頭,砍頭
斯,就
斯係,就是
斯係對,可是從
斯問,就問
斯堪个那維亞半島,斯堪的那維亞半島
斯好搞,可好玩
斯已生趣,可真有趣
斯文,帥氣
斯文秀氣,容貌清秀
斯正,才
斯氏龜背鳥,中地鷸
斯盡,就最
斯著,就穿
新丁花,大王仙丹
新丁花,賣子木
新个,新的
新伯公,新土地公
新南威爾斯州議會友臺細組成員兼資源暨能源部長,新南威爾斯州議會友臺小組成員兼資源暨能源部長
新娘公,新郎
新娘花,蔦蘿
新娘衫,新娘服
新娘間,新房
新婚毋如遠別,新婚不如遠別
新學細生,新學小生
新年新頭,新年期間
新店街莊頭,新店街庄頭
新曆,國曆
新曆,陽曆
新正年時,新年期間
新空版,新孔版
新聞,報紙
新聞紙,報紙
新腳仔,新手
新臺票,新臺幣
新色,時髦
新衝衝仔,很新
新衫,新衣
新詩,現代詩
新長年,新長工
新雞籠莊頭,新雞籠庄頭
斷,斷裂
斷䟘來,斷起身來
斷乎毋可,斷乎不可
斷乳,停止授乳
斷乳,斷奶
斷心,截斷的嫩芽
斷忒,斷掉
斷截,斷成兩截
斷截,斷掉
斷撇,斷掉
斷斷撇,斷掉
斷案,判案
斷水,堵水
斷烏,天黑
斷烏,天黑了
斷真,果然
斷真,真的
斷真,確實
斷真係恁樣,果然是這樣
斷臂講書,斷臂說書
斷臍,剪臍帶
斷臍,截斷臍帶
斷血,止血
斷血草,紫花藿香薊
斷骨,骨折
方便,方不方便
方正毋苟,方正不苟
方正毋阿,方正不阿
方法,辦法
方法,門徑
方面,層面
方頭毋劣,方頭不劣
方頭毋律,方頭不律
於係乎,於是乎
於心毋安,於心不安
於心毋忍,於心不忍
施恩毋望報,施恩不望報
施毋望報,施不望報
施而毋費,施而不費
旁个,旁的
旅舍,飯店
旅館,旅舍
族簿,族譜
旗仔,旗幟
旗扇樹,蒲葵
既來之，就安之,既來之，則安之
既係,既是
既毋沙,既不沙
既然係,既是
既經,已
既經,已經
既經係,既是
日,天
日中就昃,日中則昃
日中就移,日中則移
日仔,日子
日仔,白天
日仔像貓毛恁多,日子像貓的毛那樣多
日光,太陽光
日光,陽光
日光能,太陽能
日到夜,日以繼夜
日到夜,日連夜
日把仔,一天左右
日時頭,白天
日本太平鳥,朱連雀
日本時代,日治時代
日本樹鶯,短翅樹鶯
日本牛屎鶺,日本鶺鴒
日本甕菜,落葵
日本蕹菜,落葵
日本話,日語
日本鳥,鴝鳥
日本呱仔,麻鷺
日本龜背鳥,大地鷸
日本臘嘴鳥,桑鳲
日毋暇給,日不暇給
日毋移影,日不移影
日毋移晷,日不移晷
日毋落國,日不落國
日腳,選日子
日見日,一天天地
日見日,日復一日
日規,日晷
日誌,日曆
日透夜,日以繼夜
日頭,太陽
日頭偏,太陽偏
日頭恁烈,太陽很大
日頭恁烈,太陽這麼烈
日頭擎枷,日暈
日頭斷烏,天黑
日頭水,太陽雨
日頭絲,太陽光芒
日頭絲,陽光
日頭花,向日葵
日頭花,太陽花
日頭觀測器,太陽觀測器
日頭雨,太陽雨
日頭電池,太陽電池
日頭高度角,太陽高度角
旦勢,大多是
旦旦,多半
旦旦,完全
旦旦銀,多半銀
早䟘,早起
早䟘三朝當一工,早起三天勝過一工
早先,之前
早先,以前
早先,先前
早兜仔,早一些
早兜仔,早一點
早兜仔,早日
早兜仔,早點
早去早轉,早去早回
早屑,早些
早慢,早晚
早慢,遲早
早早,老早
早晝,早晚
早暗,早晚
早暗,遲早
早期,最初
早知今日，悔毋當初,早知今日，悔不當初
早走毋貪黑,早走不貪黑
早起个鳥兒有蟲食,早起的鳥兒有蟲吃
旮旯角,角落
旱,乾涸
旱坑莊頭,旱坑庄頭
旱塘,乾塘
旱塘涵,洩水閘
旱塘涵,開閘門
旱水,將水放出
旱水,放水
旱燥,乾涸
旱田仔,旱田
旱菸,旱煙
旱遮草,輪傘莎草
昂山,迷失了方向
昂昂,昏暈
昊天毋弔,昊天不弔
昌盛,昌明興旺
昌隆,昌盛興隆
明人毋做暗事,明人不做暗事
明人毋講暗話,明人不說暗話
明係一盆火，暗係一把刀,明是一盆火，暗是一把刀
明明,顯然
明明明,顯然明
明知,明知道
明知毋係伴，事急且相隨,明知不是伴，事急且相隨
明細,詳細
明講,明說
明鏡毋疲,明鏡不疲
昏忒,昏掉
昏迷毋醒,昏迷不醒
星仔,星星
星仔瀉屎,彗星
星仔瀉屎,慧星
星仔瀉屎,流星
星仔花,蔦蘿
星光半夜,三更半夜
星宿,星座
星象盤,星座盤
春光日,成功之日
春天大三角,春季大三角
春宮,太子殿
春宮,春神宮
春尾,暮春
春細麥,春小麥
春頭,初春
春風毋入驢耳,春風不入驢耳
昨晡,昨天
昨晡日,昨天
昨晡日,昨日
昨晡朝晨,昨天早上
昨暗晡,昨天晚上
昨暗晡,昨晚
昨非今係,昨非今是
是非人𠊎,是非人我
是非正為多開口,是非只為多開口
是非毋分,是非不分
昶,太
時光毋再,時光不再
時到時當,臨機應變
時刻毋忘,時刻不忘
時常,經常
時時,不時
時時,經常
時時刻刻,隨時
時毋再來,時不再來
時毋可失,時不可失
時毋𠊎待,時不我待
時毋𠊎與,時不我與
時生月日,八字
時空雞毛管,時空膠囊
時節,時候
時行,時髦
時行,流行
時計果,百香果
時運,機運
時運毋濟,時運不濟
時針,短針
時錶,手錶
時錶仔,手錶
時鐘仔,時鐘
時間及及,時間很急迫
時間及及,時間緊迫
時間就係金錢,時間就是金錢
晃,搖晃
晃,擺動
晃來晃去,盪來盪去
晃晃槓槓,晃來晃去
晃槓,秋千
晃槓,鞦韆
晃槓仔,搖籃
晃槓仔,秋千
晃槓仔,鞦韆
晉錢,捐款
晒,曝曬
晒,曬
晒兜,晒一些
晒兜,晒一點
晒兜,晒些
晒兜,晒點
晒去,晒到
晒死去,晒死
晒燥,晒乾
晒背囊,晒背
晚娘个拳頭，雲裡个日頭,晚娘的拳頭，雲裡的日頭
晚明細品,晚明小品
晚節毋終,晚節不終
晝,晚
晝晝暗暗,沒日沒夜
晟光,透光
晟眼,刺眼
晟眼,強光刺眼
普帲,整片都是
普普仔,約略的
普通時,平常
普通沒淬鳥,翠鳥
普通海鵝,海鷗
普通燕海鵝,燕鷗
普通秋沙鴨,川秋沙
普通鵟鷹,鵟
普通龜背鳥,田鷸
普通濫泥鳥,磯鷸
晴冷,晴朗寒冷
智慧,智能
智細言大,智小言大
智細謀大,智小謀大
智者毋惑,智者不惑
智能毋足,智能不足
晾衫,晾衣服
暈忒,暈倒
暈忒,暈厥
暈痴痴仔,如醉如痴
暑假有兩隻月,暑假有兩個月
暖,加熱
暖壺,保溫瓶
暖壺,熱水瓶
暖暖仔,溫溫的
暖水,燒水
暖水,燒洗澡水
暖水,燒熱水
暖水器,熱水器
暖滾滾,熱呼呼
暖燒,微溫
暖燒,燒熱
暖燒水,溫熱水
暖燒水,溫熱的水
暖罐,熱水瓶
暖罐長胲長胲,熱水瓶長胲長胲
暖菜,把菜加熱
暖菜,熱菜
暖酒,溫酒
暗,晚
暗傷,內傷
暗冬冬,暗暗的
暗夜,今天晚上
暗夜,晚上
暗室毋欺,暗室不欺
暗想,暗中思想
暗摸叮咚,很黑暗
暗摸叮咚,漆黑
暗摸叮咚,漆黑一片
暗摸叮咚,黑漆漆的
暗摸摸,昏暗
暗摸摸仔,很暗
暗摸摸仔,昏暗
暗摸摸仔,黑鴉鴉的
暗摸胥疏,黑漆漆
暗摸胥疏,黑漆漆的
暗摸酊倲,很暗
暗摸酊倲,黑黑的
暗昏,天黑
暗昏暗昏仔,昏暗
暗晡,夜間
暗晡,晚上
暗晡夜,今天晚上
暗晡夜,今晚
暗晡夜,晚上
暗晡夜,晚間
暗晡夜來吾屋下分𠊎請,今晚到我家來吃飯
暗晡日,晚上日
暗晡時,晚上時
暗晡時頭,晚上
暗晡時頭,晚上的時候
暗晡頭,夜晚
暗晡頭,晚上
暗暗,很暗
暗暗,昏暗
暗暗仔,暗中進行
暗溝,下水道
暗溝,涵洞
暗疏疏,黑漆漆
暗病,隱疾
暗發,醞釀
暗窿,隧道
暗處處,黑暗處處
暗車,夜車
暗青背烏鬼,丹氏鸕鷀
暗食一驚,暗吃一驚
暗餐,晚餐
暢,高興
暢到奈毋得,高興到奈不能
暢到奈毋得,高興得不得了
暢到耐毋得,高興得不得了
暢壞,很高興
暢壞,非常高興
暢快,痛快
暢快,舒暢
暫堵,暫時搪塞
暮固,孤僻
暮固,沉默
暮固,沉默少言
暮固狗,孤僻的人
暮固狗，咬死人,不會叫的狗會咬死人
暮年,老年
暴忒,爆掉
暴牙,長牙
暴筍,發芽
暴筍,長筍
暴線縫,裂縫
暴縫,綻裂隙縫
暴芽,發芽
暴芽,種子發芽
暴開,裂開
曉使,懂得使
曉得,懂得
曉得,會
曉解,曉得解
曠曠蹀,步履不穩
曠輕曠輕,不踏實
曩時,往常
曬得著,曬得到
曬鹹淡,醃曬蔬菜
更,過較
更係,倒是
更係,豈是
更加,越甚
更加,越發
更加係,更是
更毋消講,更不消說
更至,更加
更較,更
書,書籍
書包仔,書包
書房脣,書房防邊
書架仔,書架
書桌面,書桌臉
書桌面項,書桌上
書櫃仔,書櫃
書櫥,書櫃
書毋盡言,書不盡言
書簽,書籤
書頂,書上
書頂个知識,書上的知識
曾係,難道是
曾著賣糖君子哄，如今毋信口甜人,曾著賣糖君子哄，如今不信口甜人
最大个,最大的
最好,學到
最尾,後來
最尾,後面
最尾,最後
最尾,最終
最尾項,末項
最後个審判,最後的審判
最後个晚餐,最後的晚餐
最細公倍數,最小公倍數
最細公分母,最小公分母
最驚,最怕
會,將要
會,曉得
會仔錢,會錢
會來,快來
會來無？,會不會來?
會來無？,會不會來？
會停動,會動
會去無？,會不會去?
會去無？,會不會去？
會場,場所
會失禮,向人道歉
會失禮,道歉
會失禮,陪不是
會好了,快好了
會家毋忙,會家不忙
會寒無,會冷嗎
會心毋遠,會心不遠
會捉老鼠个貓毋叫,會捉老鼠的貓不叫
會敗勢,會不好意思
會橫,會倒
會橫會橫,會倒會倒
會死會死,推拖
會死會死,推諉
會泅水,會游泳
會熱無,會熱嗎
會畫符誥个,會畫符咒的
會知,怎知
會知,怎知如何
會知,會知道
會算會斷,鐵口直斷
會計,會計員
會講無？,會不會說?
會講無？,會不會說？
會還無？,會不會還?
會還無？,會不會還？
會驚,會怕
月事週期,月經週期
月信,月經
月光,月亮
月光帶嵐,月暈
月光擎枷,月暈
月光餅,月餅
月半,月中
月半邊仔,月中左右
月季花,玫瑰花
月尾,月底
月尾,月末
月形,月相
月形个變化,月相的變化
月月,每個月
月期,月經
月期,生理期
月滿就虧,月滿則虧
月盈就虧,月盈則虧
月盈就食,月盈則食
月相个變化,月相的變化
月給,月俸
月給,月薪
月給,薪水
月給錢,月薪
月華,月亮
月華餅仔,月餅
月頭,月初
月鴿仔,野鴿
月鴿仔,鴿子
有,存在著
有一句講一句,有一句說一句
有一天,一旦
有一擺,有一次
有个,有的
有个人,有的人
有个係,有的是
有个地洞鑽了下去,有個地洞鑽了下去
有个好歹,有個好歹
有个屁用,有個屁用
有个數兒,有個數兒
有个沒个,有的沒的
有个講兒,有個說兒
有也好無也好,可有可無
有了存孝，毋顯彥章,有了存孝，不顯彥章
有人在屋下無,有人在家嗎
有人客來，毋好打赤膊,有客人在，不可以打赤膊
有人疑狐,有人質疑
有何毋可,有何不可
有你个,有你的
有你沒𠊎,有你沒我
有來有去,滔滔不絕
有例毋滅，無例毋興,有例不滅，無例不興
有借有還，再借毋難,有借有還，再借不難
有做無食,三餐不繼
有兜,有一些
有兜,有一點
有兜,有些
有兜,有的
有兜,有部分
有兜,有點兒
有兜仔,有些
有兜仔,有點
有分有伸，百子千孫,好人自有好報
有刮劃，沒係處,有刮劃，沒是處
有剝削,有利可圖
有剝削,有希望
有力,有力氣
有加無減,有增無減
有勢不可盡使,鋒芒不外露
有哦頂高有,有哦上面有
有嘴無心,有口無心
有奶便係娘,有奶便是娘
有孝,孝順
有孝爺哀,孝順父母
有就改之，無就加勉,有則改之，無則加勉
有尿細子,有尿小子
有幾多,有多少
有幾好,有多好
有幾重,有多重
有影,有這麼一回事
有影,果真
有影,真的
有影係,真是
有影無,真的嗎
有志毋在年高,有志不在年高
有恩毋報非君子,有恩不報非君子
有意栽花花毋發，無心插柳柳成陰,有意栽花花不發，無心插柳柳成陰
有慶嗬,超酷吧
有成時,有時候
有所毋知,有所不知
有手有腳,活像真的
有手有腳,煞有介事
有挷水,雙方旗鼓相當
有換無換都做得,可換可不換
有效个,有效地
有時有日,假以時日
有時有日,總有一天
有時節,有時候
有智毋在年高,有智不在年高
有樣跈樣,有樣學樣
有機个,有機的
有毛个蠻子,有毛的蠻子
有法度,有方法
有法度,有法子
有法度,有辦法
有無,有沒有
有燒有冷,有熱有冷
有狀元學生，無狀元先生,青出於藍而勝於藍
有理毋在高聲,有理不在高聲
有理行天下,有理走天下
有田有地,持有田地
有當大,有很大
有病治病無病救命,有病治病，沒病強身
有看無食,光看不吃
有看無食,只看不吃
有眼毋識泰山,有眼不識泰山
有眼毋識荊山玉,有眼不識荊山玉
有緣千里來相會，無緣對面毋相逢,有緣千里來相會，無緣對面不相逢
有聽過無,有沒有聽過
有胎个,有胎的
有興趣,感興趣
有親有戚,有家人
有話好講,有話好說
有講有笑,有說有笑
有貴人,遇到救星
有身,懷孕
有身妊,懷孕
有身孕,懷孕
有身項,懷孕
有身項,有身孕
有過之無毋及,有過之無不及
有道係,有道是
有道就見，無道就隱,有道則見，無道則隱
有量,寬宏大量
有錢,富裕
有錢个,有錢的
有錢人,富翁
有錢就變鬼,有錢能使鬼推磨
有錢毋買半年閑,有錢不買半年閑
有閒,有空
有閒个時節,有空的話
有閒來尞,有空來玩
有閒再過來尞,有空再一次來玩
有閒正來尞,有空才要尞
有閒無,有空嗎
有關,關於
有限細數,有限小數
有限透,很有限
有隻,有個
有額,有份
有願頭,成癮
有食祿,有口福
有食著就好,有吃到就喜好
有鬼似个,有鬼似的
有麼个好比,有什麼如同
有麼个才調,有甚麼才能
有點研究,小有涉獵
有𠊎無人,有我無人
朋友妻，毋可欺,朋友妻，不可欺
服,佩服
服,使人服氣
服低做細,服低做小
服務生,服務員
服祀,供奉
朗天朗地,震天價響
朗斗,清澈響亮
朗朗膨膨,鬆鬆散散
朗格个,朗格的
朗聲仔,朗聲音仔
朘子,笨蛋
朘朘,傻傻的
望啊望仔,隨處張望
望想,期盼
望毋得,巴不得
朝,早餐
朝夕毋倦,朝夕不倦
朝廷毋可一日無君,朝廷不可一日無君
朝晨,上午
朝晨,早上
朝晨,早晨
朝晨頭,早上
朝晨頭,早晨
朝晨頭,清晨
朝朝,日日
朝朝,每天
朝朝,每天清晨
朝毋保夕,朝不保夕
朝毋保暮,朝不保暮
朝毋及夕,朝不及夕
朝毋圖夕,朝不圖夕
朝毋慮夕,朝不慮夕
朝毋謀夕,朝不謀夕
朝脣,上午
朝脣,早上
朝脣,早晨
朝脣頭,早上
朝脣頭,早晨
朝見,覲見
朝餐,早餐
期備,預先準備
木強就折,木強則折
木心枋,木心板
木朽毋雕,木朽不雕
木棉桃,木棉
木棉樹,木棉
木浪子,無患子
木浪樹,無患子
木米,木耳
木米樹,菲律賓榕
木虌仔,木虌子
木造屋,木屋
木雕面殼,木雕面具
木雕鬼面殼,木雕面具
木頭似个,木頭似的
木鱉仔,木鱉子
未嘗毋可,未嘗不可
末尾,最後
末尾,結尾
末賺,利潤不多
末賺,賺得少
本事,本領
本事毋濟,本事不濟
本來,原來
本來,原先
本係,本是
本分,義務
本土,當地
本地,當地
本地人,當地人
本島伯勞,棕背伯勞
本底,原本
本底,起初
本成,以前
本成,原來
本成,原本
本成,本來
本成,起初
本日,當天
本日,當日
本旦,原來
本旦,原本
本旦,本來
本旦,起初
本末毋稱,本末不稱
本本,仍然
本本,依舊
本本,原來
本本,本來
本本仔,原封不動
本等,原本
本等,才幹
本等,本事
本等,本領
本等,起初
本細利微,本小利微
本莊,本地
本身,自身
本鄉,原鄉
本錢,成本
本錢,本金
本錢,資本
本領,才能
本領,本事
朳仔,番石榴
朳仔,芭樂
朳仔,青番石榴
朳仔汁,芭樂汁
朳仔莊,青番石榴莊
朴仔樹,朴樹
朽木毋可雕,朽木不可雕
朽木毋雕,朽木不雕
朽棘毋彫,朽棘不彫
朽歿,腐朽
杈仔,樹枝
杈椏,岔枝
杉仔,杉木
杉仔樹,杉樹
杉園,杉木園
杉枋,杉木板
杉林,杉木林
李仔,李子
李仔樹,李樹
李花,李樹花
杏花,郁李
村肚,村子裡
村肚,村裡
杓啜濫泥鳥,琵嘴鷸
杓嫲,杓子
杓嫲,水瓢
杓嫲蓋,杓嫲覆蓋
杖仔,拐杖
杖仔,枴杖
杜門毋出,杜門不出
束光,光束
杪細,杪小
杭菊,菊花
杯仔,杯子
杯底毋可飼金魚,杯底不可飼金魚
東亞噼噼鳥,樹鷚
東山老虎要食人，西山老虎也要食人,東山老虎要吃人，西山老虎也要吃人
東洋畫,膠彩畫
東淨裡个磚兒,東淨裡的磚兒
東片,東方
東片,東邊
東片析,東邊
東看西看,東張西望
東莊,東庄
東西當好食,東西很好吃
東頭林,東棵林
松仁,松脂
松羅,扁柏
松鴉,橿鳥
板仔,板子
板鼓,單皮鼓
枉心機,枉費心機
枋,批次
枋,班次
枋仔,木板
枋寮,枋寮鄉
枋橋,板橋
析,片
枕頭下背,枕頭下面
枕頭布,枕巾
枕頭脣,枕頭旁
枕頭脣,枕頭旁邊
枕頭脣,枕頭邊
枕頭袋,枕頭套
林來癲,林來瘋
林投仔,林投
林檎,蘋果
果仔貍,白鼻心
果作,果樹
果如係言,果如是言
果子,果實
果子,水果
果子園,果園
果子類,水果類
果毋其然,果不其然
果然毋錯,果然不錯
果狸,果子狸
枝仔冰,冰棒
枝葉,衍生之事
枯著,過勞
枴棍,枴杖
枵儸,飢餓的人
枵到奈毋得,餓得受不了
枵到耐毋得,餓得受不了
枵鬼假細義,想要又假裝不要
架仔橋,便橋
架仔橋,橋樑
架核,架著
架毋住,架不住
架頂,架上
架項,架上
枸杞仔,枸杞
枸薑,月桃
柏樹,柏木
柏樹下莊頭,柏樹下庄頭
柏青哥,彈弓
某个,某個
某名仔,某名字
某某人,某人
柑仔,柑橘
柑仔,橘子
柑仔,橘柑
柑仔一㼓,一片柑橘
柑仔一㼓,一瓣橘子
柑仔色,橘色
柑仔色,橙色
柑紅色,橘紅色
柑紅色,紅橙色
柑色光,橙光
染毛,染髮
染頭那毛,染頭髮
染頭那毛,染髮
柔柔仔,從容不迫
柔柔仔,從容不迫的
柚仔,柚
柚仔,柚子
柚仔花,柚花
柚仔茶,柚子茶
查,查詢
查亡,招魂
查亡,查靈
查問,調查
查毋出,查不出
查毋出,查不出來
查泰萊夫人个情人,查泰萊夫人的情人
柯仔樹,山栗
柯噎鳥,噪鵑
柳樹,水柳
柴立毋阿,柴立不阿
柵仔門,柵門
柵仔門,矮柵門
柵等,圈住
柵間仔,隔間
柵陣,區隔出
柺棍仔,枴杖
柿仔,柿子
柿仔,紅柿
柿仔乾,柿子乾
柿仔樹,柿子樹
柿仔花,柿子花
柿仔餅,柿子乾
柿花,柿霜
柿花,柿餅
栗仔,栗
栗仔,栗子
栗仔樹,栗樹
栗栗毋安,栗栗不安
校對,校對員
校欑仔,子彈石櫟
校欑仔,青剛櫟
核包,陰囊
核卵,睪丸
核卵割來擐,多此一舉
核卵割來擐,無聊至極
核子木,佩蘿特木
核核,穩固
核核,緊緊
根據,依據
格仔,格子
格老子个,格老子的
桀敖毋馴,桀敖不馴
桀驁毋恭,桀驁不恭
桀驁毋遜,桀驁不遜
桁仔,屋樑
桁仔,梁棟
桁子,屋樑
桁桷,屋樑與椽
桁桷,梁柱
桁桷,橫梁
桂竹仔,桂竹
桂竹笐,桂竹筒
桂花樹,桂樹
桃仔,桃子
桃李毋言，下自成行,桃李不言，下自成行
桃李毋言，下自成蹊,桃李不言，下自成蹊
框仔,框框
框等,框住
框邊,鑲邊
案仔,案子
案兵毋動,案兵不動
案桌脣項,案桌旁邊
案桌項,案桌上
桊好線,穿好線
桊空,打洞穿孔
桊空,穿孔
桊空,穿洞
桊空錢,有孔的古幣
桊空餅,有孔餅乾
桊緊,串緊
桊線,穿線
桊線器,穿線器
桊耳環,穿戴耳環
桊針,穿針
桊鼻,穿鼻
桌下方,桌子下方
桌仔,桌子
桌唇,桌邊
桌圍,桌巾
桌圍,桌布
桌布,抹布
桌席,宴席
桌席,筵席
桌席,酒席
桌心,主菜
桌球,乒乓球
桌面頂,桌面上
桌頂,桌上
桌頂,桌面
桌頂項,桌面上
桌項,桌上
桍,支
桐花,五月雪
桑仔園,桑樹園
桑仔子,桑葚
桑仔樹,小桑樹
桑仔樹,桑樹
桑仔葉,桑葉
桔仔,小橘子
桔仔,金桔
桔仔,長果金柑
桶仔,桶子
桶柑,年柑
桶肚,桶裡
桿兒上个,桿兒上的
桿棚項,桿蓬項
梁園雖好，毋係久戀之家,梁園雖好，不是久戀之家
梅仔,梅子
梅仔樹,梅子樹
梅仔樹,梅樹
梅仔汁,梅子汁
梅樹下,梅樹下方
梅花細娘,梅花小娘
梅香,女僕
梅香,婢女
梅香仔,侍女
梆仔,梆子
條,首
條理毋清,條理不清
條直,率直
梟,訛詐
梟,詐騙
梟人,使詐欺人
梟人,占人便宜
梟人,詐欺
梟人,騙人
梟人梟自家,害人害己
梟人梟自己,害人害己
梟兄騙弟,欺騙兄弟
梟心,心存非份
梟心,心存非分
梟心,想要貪得
梟批,訛詐批
梨仔,梨子
梨背,梨背帶
梭仔,梭子
梭仔,飛梭
梯仔,梯子
梯排,樓梯
梯排屋,樓梯間
梯棑,樓梯
梳仔,梳子
梳毛,梳髮
棄大就細,棄大就小
棄嫌,嫌棄
棉仔,棉花
棍仔,棍子
棍頭,棍棵
棕仔,棕樹
棕仔,棕櫚樹
棗仔,棗樹
棗仔,紅棗
棘棘毋休,棘棘不休
棚,蓬
棚下,棚架下
棚个,蓬的
棚戲,蓬戲
棚桭,蓬桭
棚眼架仔,戴眼鏡以裝氣派
棚頂,棚上
棚頂,棚架上
棚頂,樓上
棚頂項,棚架上
棚頂項,樓上
棚頂高,棚架上方
棟仔項,頂端
棟指,中指
棟桁,正樑
棟梁,梁柱
棟頂,頂端
棧,層
棧仔,碗櫥
棧枋,棧板
棧樓,層樓
棺材枋,棺材板
棺材鳥,戴勝
棺樵,棺材
棺樵枋,棺材板
棺樵頭項,棺材前方
棺樵頭項,棺材最前面
椊椊,塞塞
椊椊,擠擠
椊毋落去,塞不進去
椊毋落去,擠不進去
椏,樹枝
椏桍,枝椏
椰仔,可可椰子
椰仔,椰子
楊杞,黃杞
楊頭家,楊老闆
楊頭家个,楊老闆的
楓樹,楓香
楔牙齒,塞牙縫
楚楚毋凡,楚楚不凡
楞楞憨憨,楞楞傻傻
楠仔,大葉楠
楯頭,墊木
極大,相當大
極手極腳,礙手礙腳
極手極腳,綁手綁腳
極極,擁擠
極樂仔,陀螺
極緊,擠著
極著,擠到
極著,擠壓到
極著,擠得
極著,擠的
概而毋論,概而不論
榜文,文告
榜樣,楷模
榜樣,模範
榜首,第一名
榫空結構,榫卯結構
榮榮,枝葉茂盛
榷仔,梆子
構訟毋息,構訟不息
槐樹,槐木
槓仔,棍子
槓仔,竹槓
槓仔,粗木棍
槓仔,粗竹
槳草,山蘇
槺榔仔,臺灣海棗
槺榔樹,臺灣海棗
槽頭肉,豬頸肉
樂善毋倦,樂善不倦
樂器種類當多,樂器種植類很多
樂意,願意
樂極就悲,樂極則悲
樂樂,輕鬆自在
樂此毋倦,樂此不倦
樂此毋疲,樂此不疲
樂毋可極,樂不可極
樂毋可言,樂不可言
樂線,悠閒
樂線,樂天
樂線,輕鬆自在
樂而毋淫,樂而不淫
樂而毋荒,樂而不荒
樑崠頂,梁頂端
樑柱項,梁柱上
樑項,樑上
樑頭項,梁最前端
樓屋,樓房
樓閣,樓房
樓頂,樓上
標,快速長出
標个,標的
標个物,標的物
標記,註記
標頭,標示
標頭,標籤
標頭,說明
標頭紙,標籤紙
樟樹林莊頭,樟樹林庄頭
樟牛,牛樟
模仔,模子
模範,楷模
樣仔,似的
樣仔,樣子
樣像,樣子
樣式,模樣
樣形,樣子
樣本,樣品
樣本盎,樣本瓶
樣相,態度
樣相,樣子
樣知,樣知道
樵油,柴油
樵燥米白,生活安逸
樵草,木柴和草料
樵草,柴草
樵蘇毋爨,樵蘇不爨
樵頭,呆板
樵頭,木柴
樵頭,木頭
樵頭,柴薪
樵頭戲,傀儡戲
樵頭戲,木偶戲
樹下脣項,樹下旁邊
樹个,樹的
樹个也,樹的也
樹乳仔,橡皮筋
樹乳糖,口香糖
樹仔,樹
樹仔頂,樹上
樹仔項,樹上
樹唇,樹邊
樹奶仔,橡皮筋
樹奶椊仔,橡皮塞
樹奶泥,樹脂土
樹奶版,橡膠版
樹奶膠,白膠
樹尾,樹梢
樹影,樹蔭
樹搉仔,木魚
樹杞林,春不老
樹杷,樹的枝葉
樹枋仔,木板
樹枋畫,木板畫
樹林,森林
樹林肚,樹林裡
樹林肚項,樹林裡面
樹林肚項,樹林裡頭
樹林項,樹林裡
樹栓,木閂
樹椏,樹枝
樹楯,木樁
樹欲息而風毋停,樹欲息而風不停
樹欲靜而風毋止,樹欲靜而風不止
樹殼,樹皮
樹疕,木片
樹盆,木盆
樹盆肚項,樹盆裡頭
樹矻,樹塊
樹肚,樹裡
樹葉仔,樹葉
樹薯,木薯
樹身,樹幹
樹青,接骨草
樹頂,樹上
樹頂下,樹上下方
樹頂項,樹上
樹頂高,樹上
樹項,樹上
樹頭,木頭
樹頭,樹根
樹頭下,樹下
樹頭人,木頭人
樹𧊅仔,樹蛙
橋下項,橋下
橋心,橋的中央
橋梁,橋樑
橋背,橋的那一端
橋項,橋上
橋頓,橋墩
橘醬,金橘醬
橘餅,桔餅
機事毋密,機事不密
機事毋密禍先行,機事不密禍先行
機兒毋快，梭兒快,機兒不快，梭兒快
機動細組,機動小組
機器,機具
機毋可失,機不可失
機毋可失，時毋再來,機不可失，時不再來
機毋旋踵,機不旋踵
機謀毋密,機謀不密
機車,摩托車
機關,陷阱
機關銃,機關槍
橡棋樹,樹杞
橢角,長彎角
橫,倒塌
橫下來,倒下
橫下來,倒下來
橫來橫去,搖搖晃晃
橫到,倒在
橫啊下,倒下
橫屋,廂房
橫屋,護龍
橫屋項,廂房裡
橫忒,倒下
橫忒,去世
橫忒,死亡
橫打直過,橫行霸道
橫擎擎,蠻橫
橫擎擎,蠻橫不講理
橫樵擎入灶,橫柴入灶
橫橫劃劃,橫豎錯綜不順
橫橫擎,蠻橫不講理
橫痕鷂角仔,游隼
橫直,反正
橫簫,笛子
橫簫聲,笛聲
橫落去,倒下去
橫財,不義之財
橫貼貼,完全倒下
橫針毋拈，豎線毋動,橫針不拈，豎線不動
橫龍,橫向的山脈
橫行鳥,茶腹鳾
檀香準柴燒,不識貨
檢點,撿點
檢點,整理
檳榔樹,檳榔
櫃仔,櫃子
櫃仔,衣櫃
櫃仔肚,櫃子裡
櫃子項,櫃子上
櫃子項,櫃子裡
櫃頂,櫃子上
櫃頂項,櫃子上面
櫃頭,櫃子
櫥仔,櫥子
櫻桃細口,櫻桃小口
權力,权力
欖仁樹,欖仁
欖仔,橄欖
欠數,欠債
欠數,欠帳
欠水,缺水
欲人毋知，莫若勿為,欲人不知，莫若勿為
欲毋可從,欲不可從
欲速就毋達,欲速則不達
欺壓,霸凌
欺大壓細,欺大壓小
欺翕,欺負藐視人
欽服,佩服
欽羨,羨慕
款僭,款式
款包袱,收拾行李
款包袱,整理行李
款款,不用急
款款,慢慢
款款,沉著穩定
款款好勢,收拾好
款款揫,收拾整齊
款調,樣式形象
歇,住
歇,住宿
歇,居住
歇,棲息
歇,短住
歇,長住
歇下,乘下
歇下,休息
歇地,棲息地
歇夜,過夜
歇家,居家
歇宿,住宿
歇工,休業
歇工,停工
歇工,暫停工作
歇業,停止營業
歇睏,休息
歇睏一下,休息一下
歇腳,駐足
歌仔,歌
歌咏,歌詠
歐洲唊啜鳥,歐洲八哥
歕,吹
歕喇叭,吹喇叭
歕嗶嗶仔,吹口哨
歕嘴仔,吹嘴
歕奏,吹奏
歕歕,吹吹
歕氣,吹氣
歕氣空,吹口
歕火,吹火
歕火,對著火吹氣
歕火,用口吹火
歕空,吹孔
歕笛仔,吹笛子
歕簫仔,吹笛子
歕雞胲,吹氣球
歕雞胲,吹牛
歕雞胲仔,吹氣球
歡喜,開心
歡喜,驚喜
歡喜,高興
歡喜靂天,欣喜異常
歡喜靂天,非常歡喜
歡歡喜喜,高高興興
歡迎你來尞,歡迎你來玩
歡頭喜面,歡顏笑臉
歡頭笑面,歡顏笑臉
止毋住,止不住
正,只
正,才
正,正確
正,端正
正今,只今
正來,再來
正來,才來
正來,才要
正來寮,以後再聊
正來寮,再會
正來寮,再見
正來尞,再來玩
正來尞,再見
正來尞,才要尞
正係,才是
正係,正是
正做得,才可以
正做得,才能
正做得,才能夠
正做得,才行
正做得,方能
正六角形,正六邊形
正到,剛剛到
正去,再去
正去,才去
正可,只可
正可意會，毋可言傳,只可意會，不可言傳
正合,只合
正合𠊎意,正合我意
正向,再向
正向,才向
正在,只在
正在,才在
正好,才剛弄好
正好,才可以
正好,才好
正好,才甘心
正宮娘,正宮女子
正實个,真實的
正廳心項,正廳中間
正待,只待
正得,只得
正得,真是
正怕,只怕
正手,右手
正手向,右手邊
正揢,正握
正教,只教
正斷情,剛分手
正會,只會
正會,才會
正會有,才有
正月,一月
正月,臘月
正月17賞燈,正月16賞燈
正月半,一月半
正月半,元宵節
正有,才有
正有出个氣，沒有進个氣,只有出的氣，沒有進的氣
正有機會,才有機會
正板,正統
正楷,楷書
正欠東風,只欠東風
正正,整齊
正正,整齊的
正正,端正
正正正,非常正
正此一家，別無分店,只此一家，別無分店
正毋會,不致
正毋會,才不會
正消,只消
正爭旦夕,只爭旦夕
正甚,只甚
正當,只當
正當人,正當的人
正當時,碰巧
正知,才知
正知,才知道
正知其一，毋知其二,只知其一，不知其二
正知有己，毋知有人,只知有己，不知有人
正確,准確
正確,對
正確,準確
正管,只管
正索,只索
正經,正式
正經,真是
正經,真正
正經,真的
正經,認真
正經係,真是
正經係,真的是
正經有影,是真的
正著,才對
正著,才是
正要功夫深，鐵杵磨成針,只要功夫深，鐵杵磨成針
正見,只見
正見樹木，毋見森林,只見樹木，不見森林
正角形,正方形
正言毋諱,正言不諱
正許州官放火，毋許百姓點燈,只許州官放火，不許百姓點燈
正認錢毋認人,只認錢不認人
正走到,才跑到
正路,正途
正較,才比較
正轉來,才剛回來
正道,只道
正邊向,右邊
正重衣衫毋重人,只重衣衫不重人
正開始,剛開始
正須,只須
正顧,只顧
正麻煩你,再麻煩你
此地應是講述者語誤,此處應是講述者口誤
此而可忍，孰毋可容,此而可忍，孰不可容
此而可忍，孰毋可忍,此而可忍，孰不可忍
此處毋留人，自有留人處,此處不留人，自有留人處
步數,招數
步數,辦法
武俠細說,武俠小說
武大郎食毒藥,武大郎吃毒藥
武夫,粗暴
武毋善作,武不善作
武頓,矮壯
武頓武頓,矮壯
武頓車槌,健壯
武頓車槌,很健壯
歪个,壞的
歪个,歪的
歪事,喪事
歪勢,不好意思
歪勢,對不起
歪命,苦命
歪哥人,貪污的人
歪哥淒汊,歪斜不正
歪心,壞心眼
歪心,壞心腸
歪心,心術不正
歪心人,壞心腸的人
歪怪,自己不需要
歪撇,歪掉
歪漦,脾氣不好
歪畜,不好養
歲寒毋凋,歲寒不凋
歲數,年紀
歲數,年齡
歲數大,年老
歲月毋居,歲月不居
歲月毋待人,歲月不待人
歲月毋饒人,歲月不饒人
歲毋𠊎與,歲不我與
歲比毋登,歲比不登
歷久毋衰,歷久不衰
歷史細說,歷史小說
歸,整
歸下,全部
歸下晝,整個下午
歸串仔,整串
歸仙,歸西
歸仙,死掉
歸列,整列
歸團,整團
歸堆,整堆
歸堆仔,整堆
歸夜,整夜
歸家人,全家
歸尾,最後
歸屋下人,全家人
歸屋人,全家
歸屋間,整間屋子
歸年,整年
歸托,整串
歸托仔,整串
歸掖,歸撒
歸日,全天
歸日,全日
歸日,整天
歸日,整日
歸日仔,一整天
歸暗晡仔,整個晚上
歸生人,一輩子
歸百,整百
歸盤,整盤
歸碗,整碗
歸群,整群
歸群仔,整群
歸莊仔,全村
歸路仔,整路
歸身,全身
歸身仔,全身
歸鍋仔,整鍋
歸陣,整群
歸陣人,整群人
歸陣仔,整群
歸隻,整個
歸隻月仔,整個月
歸面,整臉
歹事,喪事
歹勢,不好意思
歹勢,對不起
歹心,居心不良
歹心,心腸惡毒
歹毋中,歹不中
歹聽,不光彩
歹聽,不體面
歹路毋可行,歹路不可行
死㘔,罵人貪吃
死且毋朽,死且不朽
死佬,死屍
死去,死掉
死去,過世
死執,固執到極點
死夭壽,短命鬼
死孤盲,死傢伙
死忒,死去
死忒,死掉
死忒了,死翹翹
死忒仔,死亡
死忒仔,死掉
死忒去,死亡
死忒去,死掉
死愛錢,死要錢
死戇仔鬼,傻瓜
死撇,死去
死撇,死掉
死撇去,死掉
死死忒,死亡
死死忒,死掉
死毋了,死不了
死毋旋踵,死不旋踵
死毋死，活毋活,死不死，活不活
死毋瞑目,死不瞑目
死毋要臉,死不要臉
死毋認錯,死不認錯
死毋足惜,死不足惜
死毋閉目,死不閉目
死淨淨,死光光
死無命,糟了
死無命,糟糕透了
死無變,死性不改
死發脹,詛咒語
死皺蛤蟆皮,死定了
死睡,熟睡
死睡,睡死
死睡,貪睡不醒
死睡懶睡,睡得死死
死知府毋如一个活老鼠,死知府不如一個活老鼠
死神同厥額頭,死神把他的額頭
死老,反應遲鈍
死老,呆板的人
死老,屍體
死老,死人
死老,死板
死老,老實呆板
死而毋悔,死而不悔
死而毋朽,死而不朽
死該,該死
死門絕路,無路可走
死食死嚼,死吃死嚼
死鴨仔硬嘴𥯟,死鴨子嘴硬
死鹹,超鹹
死鹹,鹹到極點
歿樹,爛掉的樹
歿歿,爛掉
歿而毋朽,歿而不朽
殊毋知,殊不知
殗弱,虛弱
殗殗,孱弱
殗殗,孱弱無神
殘暴毋仁,殘暴不仁
殘缺毋全,殘缺不全
殘而毋廢,殘而不廢
殘酷同罪過,殘酷和罪過
殭蟲,僵蟲
殷鑑毋遠,殷鑑不遠
殺人毋眨眼,殺人不眨眼
殺人毋見血,殺人不見血
殺人毋過頭點地,殺人不過頭點地
殺忒,殺掉
殺狗教猴,殺雞儆猴
殺狗教猴,殺雞敬猴
殺球,扣球
殺生毋如放生,殺生不如放生
毀毋滅性,毀不滅性
毀譽從來毋可聽,毀譽從來不可聽
毆畀死,打死
毆畀死,打死他
毋,不
毋,不要
毋㓾,不殺
毋一,不一
毋一一,不一一
毋一日,不一日
毋一時,不一時
毋一而足,不一而足
毋丁點,不丁點
毋丈夫,不丈夫
毋三思,不三思
毋三毋二,不三不二
毋上,不上
毋上串,不上串
毋上心,不上心
毋上毋下,不上不下
毋上毋落,不上不落
毋上眼,不上眼
毋上算,不上算
毋上臺盤,不上臺盤
毋上蘆葦,不上蘆葦
毋上路,不上路
毋下,不下
毋下氣,不下氣
毋不敢,沒有不敢
毋世,不世
毋世之功,不世之功
毋世之藝,不世之藝
毋世出,不世出
毋个,不的
毋中,不中
毋中事,不中事
毋中使,不中使
毋中意,不中意
毋中手,不中手
毋中於款,不中於款
毋中毋西,不中不西
毋中用,不中用
毋中留,不中留
毋中相與,不中相與
毋中聽,不中聽
毋主故常,不主故常
毋乏,不乏
毋乏其人,不乏其人
毋乾性油,不乾性油
毋乾毋淨,不乾不淨
毋乾毋淨，食了沒病,不乾不淨，吃了沒病
毋亂,不亂
毋了,不了
毋了之局,不了之局
毋了了當,不了了當
毋了情,不了情
毋了漢,不了漢
毋了解,不了解
毋了解,不懂
毋了解,不瞭解
毋予置評,不予置評
毋事,不事
毋事張揚,不事張揚
毋事生產,不事生產
毋二,不二
毋二價,不二價
毋二心,不二心
毋亢毋卑,不亢不卑
毋交一言,不交一言
毋亦,不亦
毋亦樂乎,不亦樂乎
毋亭,不亭
毋亮,不亮
毋人道,不人道
毋什,不什
毋仁,不仁
毋仁毋義,不仁不義
毋今毋古,不今不古
毋介意,不介意
毋仕,不仕
毋付得,不付得
毋付能,不付能
毋付能勾,不付能勾
毋令,不令
毋以,不以
毋以人廢言,不以人廢言
毋以人齒,不以人齒
毋以成敗論英雄,不以成敗論英雄
毋以為,不以為
毋以為奇,不以為奇
毋以為忤,不以為忤
毋以為意,不以為意
毋以為苦,不以為苦
毋任,不任
毋伏,不伏
毋伏手,不伏手
毋伏水土,不伏水土
毋伏燒埋,不伏燒埋
毋伏老,不伏老
毋休,不休
毋伶俐,不伶俐
毋伶毋俐,不伶不俐
毋似,不似
毋但,不僅
毋住,不住
毋住口,不住口
毋住嘴,不住嘴
毋住眼,不住眼
毋佑,不佑
毋作,不作
毋作數,不作數
毋作準,不作準
毋作為,不作為
毋作為犯,不作為犯
毋作為違警,不作為違警
毋作美,不作美
毋作聲,不作聲
毋作興,不作興
毋佞,不佞
毋佳,不佳
毋使,不必
毋使,不用
毋使毋使變更,不必不必變更
毋使細義,不客氣
毋使細義,不必客氣
毋使細義,不用客氣
毋使細義,別客氣
毋使緊張,不用緊張
毋使緊張,別緊張
毋使驚,不用怕
毋來,不來
毋來頭,不來頭
毋侈,不侈
毋供,不供
毋依,不依
毋侮暗室,不侮暗室
毋侵犯協定,不侵犯協定
毋便,不便
毋便宜,不便宜
毋便處,不便處
毋便道,不便道
毋係,不是
毋係,並非
毋係,而非
毋係一家人，毋進一家門,不是一家人，不進一家門
毋係了處,不是了處
毋係事,不是事
毋係人,不是人
毋係你死，就係𠊎活,不是你死，就是我活
毋係個兒,不是個兒
毋係冤家毋聚會,不是冤家不聚會
毋係冤家毋聚頭,不是冤家不聚頭
毋係別人,不是別人
毋係味,不是味
毋係撐船手，休來弄竹竿,不是撐船手，休來弄竹竿
毋係東西,不是東西
毋係東風壓了西風，就係西風壓了東風,不是東風壓了西風，就是西風壓了東風
毋係樣兒,不是樣兒
毋係毋,不是不
毋係沒有,不是沒有
毋係滋味,不是滋味
毋係玩个,不是玩的
毋係玩兒个,不是玩兒的
毋係盡理想,不盡理想
毋係空,不是空
毋係算,不是算
毋係耍處,不是耍處
毋係處,不是處
毋係話,不是話
毋係話頭,不是話頭
毋係賭搞个,慎重其事
毋係路,不是路
毋係過,不是過
毋係頑个,不是頑的
毋係頭,不是頭
毋係頭勢,不是頭勢
毋係頭路,不是頭路
毋係風犯,不是風犯
毋係𠊎，便係你,不是我，便是你
毋俗,不俗
毋保,不保
毋信,不信
毋信,不相信
毋信任投票,不信任投票
毋信任案,不信任案
毋信道,不信道
毋修,不修
毋修帷薄,不修帷薄
毋修細節,不修小節
毋倒,不倒
毋倒口,不倒口
毋候,不候
毋借,不借
毋倦,不倦
毋倫,不倫
毋值,不值
毋值一哂,不值一哂
毋值一看,不值一看
毋值一笑,不值一笑
毋值當,不值當
毋假,不假
毋假以詞色,不假以詞色
毋假外出,不假外出
毋假辭色,不假辭色
毋偏毋倚,不偏不倚
毋做,不做
毋做事,不做事
毋做聲,不做聲
毋做肉,不做肉
毋做釅醋，卻做餳糖,不做釅醋，卻做餳糖
毋停住,不停住
毋停當,不停當
毋偢毋倸,不偢不倸
毋偶,不偶
毋偶世,不偶世
毋備,不備
毋傪勢,形勢不佳
毋傳,不傳
毋傳之祕,不傳之祕
毋傷,不傷
毋傷天理,不傷天理
毋傷脾胃,不傷脾胃
毋像,不像
毋像勢,情勢不好
毋像意,不像意
毋僧毋俗,不僧不俗
毋允,不允
毋光,不光
毋光棍,不光棍
毋克,不克
毋免,不免
毋入,不入
毋入流,不入流
毋入眼,不入眼
毋入耳,不入耳
毋入調,不入調
毋入隊,不入隊
毋全,不全
毋公,不公
毋共鑣,不共鑣
毋其然,不其然
毋具,不具
毋具之人,不具之人
毋具名,不具名
毋再,不再
毋冠毋帶,不冠不帶
毋准翻印,不准翻印
毋凋,不凋
毋凍港,不凍港
毋出,不出
毋出材,不出材
毋出聲,不出聲
毋分,不分
毋分主客,不分主客
毋分主從,不分主從
毋分勝負,不分勝負
毋分南北東西，毋問張王李趙,不分南北東西，不問張王李趙
毋分好歹,不分好歹
毋分彼此,不分彼此
毋分曉,不分曉
毋分毋曉,不分不曉
毋分畛域,不分畛域
毋分皁白,不分皁白
毋分軒輊,不分軒輊
毋分青紅皁白,不分青紅皁白
毋分青紅皂白,不分青紅皂白
毋分高下,不分高下
毋切實際,不切實際
毋刊,不刊
毋刊之典,不刊之典
毋刊之書,不刊之書
毋刊之論,不刊之論
毋列顛國協,不列顛國協
毋利,不利
毋利市,不利市
毋利落,不利落
毋到,不到
毋到个,不到的
毋到去,不到達去
毋到家,不到家
毋到得,不到得
毋到烏江心毋死,不到烏江心不死
毋到烏江毋盡頭,不到烏江不盡頭
毋到烏江毋肯休,不到烏江不肯休
毋到頭,不到頭
毋到黃河心毋死,不到黃河心不死
毋則,不則
毋則聲,不則聲
毋剌,不剌
毋剌剌,不剌剌
毋前,不前
毋剪過,不剪過
毋割毋截,不割不截
毋力,不力
毋加細心,不加小心
毋劣方頭,不劣方頭
毋動尊,不動尊
毋動明王,不動明王
毋動產,不動產
毋動關節,不動關節
毋勝,不勝
毋勝之態,不勝之態
毋勝其擾,不勝其擾
毋勝其煩,不勝其煩
毋勝唏噓,不勝唏噓
毋勝感喟,不勝感喟
毋勝春,不勝春
毋勝衣,不勝衣
毋勝負荷,不勝負荷
毋勝酒力,不勝酒力
毋勞,不勞
毋勞而獲,不勞而獲
毋勻,不勻
毋勾,不勾
毋匡,不匡
毋匱,不匱
毋十分,不十分
毋卑毋亢,不卑不亢
毋協,不協
毋卜可知,不卜可知
毋即毋離,不即不離
毋厭,不厭
毋厭其煩,不厭其煩
毋厭其詳,不厭其詳
毋厭求詳,不厭求詳
毋去,不去
毋去手,不去手
毋及,不及
毋及物動詞,不及物動詞
毋反,不反
毋反顧,不反顧
毋取,不取
毋受,不受
毋受歡迎人物,不受歡迎人物
毋受理,不受理
毋受理判決,不受理判決
毋受用,不受用
毋受籠絡,不受籠絡
毋受聽,不受聽
毋受苦中苦，難為人上人,不受苦中苦，難為人上人
毋古,不古
毋可,不可
毋可企及,不可企及
毋可偏廢,不可偏廢
毋可勝原,不可勝原
毋可勝數,不可勝數
毋可勝書,不可勝書
毋可勝紀,不可勝紀
毋可勝言,不可勝言
毋可勝計,不可勝計
毋可勝記,不可勝記
毋可及,不可及
毋可同年而語,不可同年而語
毋可同日而語,不可同日而語
毋可名字,不可名字
毋可名狀,不可名狀
毋可向邇,不可向邇
毋可多得,不可多得
毋可得,不可得
毋可意,不可意
毋可或缺,不可或缺
毋可抗力,不可抗力
毋可抗拒,不可抗拒
毋可捉摸,不可捉摸
毋可收拾,不可收拾
毋可數,不可數
毋可期,不可期
毋可毋,不可不
毋可測,不可測
毋可為,不可為
毋可無一，毋可有二,不可無一，不可有二
毋可狀,不可狀
毋可理解,不可理解
毋可當,不可當
毋可知,不可知
毋可知論,不可知論
毋可磨滅,不可磨滅
毋可終日,不可終日
毋可耐,不可耐
毋可言,不可言
毋可言喻,不可言喻
毋可言宣,不可言宣
毋可諱言,不可諱言
毋可踰越,不可踰越
毋可逆反應,不可逆反應
毋可開交,不可開交
毋可限量,不可限量
毋合,不合
毋合作,不合作
毋合作運動,不合作運動
毋合常理,不合常理
毋合式,不合式
毋合時宜,不合時宜
毋合格,不合格
毋合潮流,不合潮流
毋合算,不合算
毋合節,不合節
毋合邏輯,不合邏輯
毋吉,不吉
毋同意,不同意
毋名一文,不名一文
毋名一錢,不名一錢
毋名譽,不名譽
毋吐毋快,不吐不快
毋君子,不君子
毋吝,不吝
毋吝指教,不吝指教
毋吝珠玉,不吝珠玉
毋吝賜教,不吝賜教
毋吝金玉,不吝金玉
毋含糊,不含糊
毋告毋理,不告不理
毋告而別,不告而別
毋告而去,不告而去
毋周,不周
毋周到,不周到
毋周山,不周山
毋周延,不周延
毋周風,不周風
毋哼毋哈,不哼不哈
毋唧𠺕,不唧𠺕
毋問,不問
毋問東西南北,不問東西南北
毋問皁白,不問皁白
毋問青紅白皁,不問青紅白皁
毋問青紅皁白,不問青紅皁白
毋問青黃,不問青黃
毋啻,不啻
毋善,不善
毋喊,不叫
毋喊,不喊
毋喜,不喜
毋單,不單
毋單止,不僅
毋單淨,不但
毋單淨,不只
毋單淨還,不但還
毋器,不器
毋因,不因
毋因一事，毋長一智,不因一事，不長一智
毋因人熱,不因人熱
毋因毋由,不因不由
毋因熱,不因熱
毋因親,不因親
毋固,不固
毋圓脣元音,不圓脣元音
毋圖,不圖
毋圖打點，正圖混水,不圖打點，只圖混水
毋在乎,不在乎
毋在人間,不在人間
毋在其位，毋謀其政,不在其位，不謀其政
毋在哩,不存在
毋在地主,不在地主
毋在場證明,不在場證明
毋在少數,不在少數
毋在心上,不在心上
毋在意,不在意
毋在意下,不在意下
毋在行,不在行
毋在行,不擅於
毋在行,不擅長
毋在話下,不在話下
毋地著,不地著
毋均,不均
毋堅,不堅
毋堪,不堪
毋堪一擊,不堪一擊
毋堪之物,不堪之物
毋堪入目,不堪入目
毋堪入耳,不堪入耳
毋堪其擾,不堪其擾
毋堪回首,不堪回首
毋堪思量,不值得考慮
毋堪言狀,不堪言狀
毋堪設想,不堪設想
毋堪負荷,不堪負荷
毋堪造就,不堪造就
毋堵好,不剛好
毋堵好,不湊巧
毋塞毋流，毋止毋行,不塞不流，不止不行
毋塵俗,不塵俗
毋墜,不墜
毋壁,差勁
毋壹,不壹
毋外,不外
毋外乎,不外乎
毋多一會兒工夫,不多一會兒工夫
毋多久,不多久
毋多工夫,不多工夫
毋多幾日,不多幾日
毋多時,不多時
毋多毋少,不多不少
毋多知,不太知道
毋多知,不知不覺
毋多知仔,不知不覺
毋夜,不夜
毋夜國,不夜國
毋夜城,不夜城
毋夜族,不夜族
毋夠味,不夠味
毋夠數兒,不夠數兒
毋夠料,不夠料
毋夠格,不夠格
毋夠眼光,不夠眼光
毋夠瞧,不夠瞧
毋大,不大
毋大合時,不大合時
毋大客氣,不大客氣
毋大管事,不大管事
毋大精采,不大精采
毋大緊,不大緊
毋大講話个,不大說話的
毋大離,不大離
毋失,不失
毋失為,不失為
毋夷,不夷
毋夷毋惠,不夷不惠
毋奈,不奈
毋奈何,不奈何
毋奈煩,不奈煩
毋奪農時,不奪農時
毋好,不佳
毋好,不喜歡
毋好,不好
毋好,不愛
毋好,不要
毋好了,不好了
毋好受,不好受
毋好啟齒,不好啟齒
毋好弄,不好弄
毋好惹,不好惹
毋好意思,不好意思
毋好看,不好看
毋好緊撓人,不好一直哈癢
毋好行恁遽,不要走這麼快
毋好言笑,不好言笑
毋好講,不愛講
毋好講話,不好說話
毋好過,不好過
毋好額,不富裕
毋好額,不有錢
毋好食,不好吃
毋如意,不如意
毋如意事常八九,不如意事常八九
毋如意事，十常八九,不如意事，十常八九
毋如意恆七八,不如意恆七八
毋如歸,不如歸
毋如歸去,不如歸去
毋妙,不妙
毋妨事,不妨事
毋妨頭,不妨頭
毋婚媽媽,不婚媽媽
毋婚族,不婚族
毋嫁,不嫁
毋嬴,不嬴
毋孕,不孕
毋孕性,不孕性
毋孕真菌,不孕真菌
毋字,不字
毋存,不存
毋存大體,不存大體
毋存毋濟,不存不濟
毋存濟,不存濟
毋孝子,不孝子
毋孝有三，無後為大,不孝有三，無後為大
毋學而能,不學而能
毋學長俊,不學長俊
毋守,不守
毋守婦道,不守婦道
毋守本分,不守本分
毋守細節,不守小節
毋守細行,不守細行
毋安,不安
毋安其室,不安其室
毋安分,不安分
毋安席,不安席
毋安於位,不安於位
毋安於室,不安於室
毋安本分,不安本分
毋安生,不安生
毋完全係,不完全是
毋完全給付,不完全給付
毋完全葉,不完全葉
毋完善,不完善
毋定,不定
毋定交,不定交
毋定冠詞,不定冠詞
毋定量,不定量
毋宜,不宜
毋宣,不宣
毋害,不害
毋害事,不害事
毋容,不容
毋容人,不容人
毋容分講,不容分說
毋容情,不容情
毋容物,不容物
毋容置喙,不容置喙
毋容置疑,不容置疑
毋寐,不寐
毋察,不察
毋寧,不寧
毋寧奈,不寧奈
毋寧毋耐,不寧不耐
毋審,不審
毋將,不將
毋專,不專
毋尋俗,不尋俗
毋尋常,不尋常
毋對,不對
毋對勁,不對勁
毋對盤,不對盤
毋對眼,不對眼
毋對碴兒,不對碴兒
毋對胃口,不對胃口
毋對腔板,不對腔板
毋對茆荀兒,不對茆荀兒
毋對賬,不對賬
毋對頭,不對頭
毋導體,不導體
毋尚,不尚
毋就,不就
毋尷尬,不尷尬
毋尷毋尬,不尷不尬
毋居,不居
毋屈,不屈
毋屑,不屑
毋屑一顧,不屑一顧
毋展,不展
毋屬,不屬
毋左毋右,不左不右
毋差什麼,不差什麼
毋差毋錯,不差不錯
毋差毫釐,不差毫釐
毋差毫髮,不差毫髮
毋差累黍,不差累黍
毋已,不已
毋巴譜,不巴譜
毋希罕,不希罕
毋師,不師
毋帶頭巾男子漢,不帶頭巾男子漢
毋常,不常
毋幫襯,不幫襯
毋干,不干
毋干己事毋張口,不干己事不張口
毋干涉主義,不干涉主義
毋平,不平
毋平,不平坦
毋平之氣,不平之氣
毋平之鳴,不平之鳴
毋平凡,不平凡
毋平均,不平均
毋平就鳴,不平則鳴
毋平等,不平等
毋平等待遇,不平等待遇
毋平等條約,不平等條約
毋平而鳴,不平而鳴
毋幸,不幸
毋幸之幸,不幸之幸
毋幹,不幹
毋幹這把刀,不幹這把刀
毋庇蔭,不庇蔭
毋度,不度
毋庭,不庭
毋廢,不廢
毋弔,不弔
毋弟,不弟
毋弱,不弱
毋弱似,不弱似
毋弱如,不弱如
毋強,不強
毋彀,不彀
毋彀味,不彀味
毋形,不形
毋形於色,不形於色
毋彩,不彩
毋彰,不彰
毋待,不待
毋待蓍龜,不待蓍龜
毋待要,不待要
毋徇顏面,不徇顏面
毋律,不律
毋律頭,不律頭
毋得,不成
毋得,不能
毋得㪐爪,盼求脫離苦境
毋得上,上不去
毋得主意,不得主意
毋得人心,不得人心
毋得便,不得便
毋得入,進不去
毋得其死,不得其死
毋得其門而入,不得其門而入
毋得出,出不去
毋得出來,出不來
毋得勁,不得勁
毋得善終,不得善終
毋得地,不得地
毋得好死,不得好死
毋得安穩,不得安穩
毋得安身,不得安身
毋得志,不得志
毋得意,不得意
毋得掣,來不及
毋得有誤,不得有誤
毋得有違,不得有違
毋得空,不得空
毋得而知,不得而知
毋得臉,不得臉
毋得臺盤,不得臺盤
毋得著,到不了
毋得轉,回不了
毋得過,過不了
毋得開交,不得開交
毋得閒,不得閒
毋從,不從
毋復,不復
毋德,不德
毋徹頭,不徹頭
毋忍,不忍
毋忍下手,不忍下手
毋忍人之心,不忍人之心
毋忍人之政,不忍人之政
毋忍坐視,不忍坐視
毋忍心,不忍心
毋忍言,不忍言
毋忍釋手,不忍釋手
毋忒,不完
毋忒,不忒
毋忒,不掉
毋忘本,不忘本
毋忘溝壑,不忘溝壑
毋忙毋暴,不忙不暴
毋忠,不忠
毋快,不快
毋快活,不快活
毋忮毋求,不忮不求
毋念荷戈,不念荷戈
毋忿,不忿
毋忿氣,不忿氣
毋怎麼樣,不怎麼樣
毋怒自威,不怒自威
毋怕,不要緊
毋怕,沒關係
毋怕一萬，就怕萬一,不怕一萬，就怕萬一
毋怕官，正怕管,不怕官，只怕管
毋怕慢，就怕站,不怕慢，就怕站
毋怕毋識貨，就怕貨比貨,不怕不識貨，就怕貨比貨
毋怕縣官，正怕現管,不怕縣官，只怕現管
毋怕臊,不怕臊
毋怕貨比貨，就怕毋識貨,不怕貨比貨，就怕不識貨
毋思,不思
毋怡,不怡
毋急之務,不急之務
毋怨,不怨
毋怨毋尤,不怨不尤
毋怯氣,不怯氣
毋恁麼,不恁麼
毋恤,不恤
毋恥,不恥
毋恨,不恨
毋恭,不恭
毋息,不息
毋恰好,不恰好
毋悅,不悅
毋悔,不悔
毋悟,不悟
毋患,不患
毋患寡而患毋均,不患寡而患不均
毋患無位，患所以立,不患無位，患所以立
毋患貧而患毋安,不患貧而患不安
毋悶,不悶
毋情,不情
毋情之請,不情之請
毋情毋緒,不情不緒
毋情毋願,不情不願
毋惑,不惑
毋惜,不惜
毋惜,不疼愛
毋惟,不惟
毋惠,不惠
毋惡而嚴,不惡而嚴
毋想,不想
毋惹氣,不惹氣
毋愆,不愆
毋意,不意
毋意之中,不意之中
毋愜氣,不愜氣
毋愧,不愧
毋愧屋漏,不愧屋漏
毋愧毋怍,不愧不怍
毋慌毋忙,不慌不忙
毋慎,不慎
毋慕,不慕
毋慣,不慣
毋慣勢,不習慣
毋慧,不慧
毋憂,不憂
毋憚,不憚
毋憚其煩,不憚其煩
毋憚強禦,不憚強禦
毋憚煩,不憚煩
毋憤,不憤
毋懈,不懈
毋應,不應
毋應該,不應該
毋懌,不懌
毋懷好意,不懷好意
毋成人,不像樣
毋成人,不成人
毋成半器,不成半器
毋成器,不成器
毋成字,不成字
毋成才,不成才
毋成文,不成文
毋成文法,不成文法
毋成材,不成材
毋成模樣,不成模樣
毋成樣子,不成樣子
毋成比例,不成比例
毋成為君,不成為君
毋成猴,厲害
毋成猴,還不錯
毋成章,不成章
毋成話,不成話
毋成道理,不成道理
毋戒,不戒
毋戰而勝,不戰而勝
毋戰而潰,不戰而潰
毋戰而破,不戰而破
毋戴帽兒个漢子,不戴帽兒的漢子
毋戴頭巾男子漢,不戴頭巾男子漢
毋打慳,不打慳
毋打毋成相與,不打不成相與
毋打毋成相識,不打不成相識
毋打毋相識,不打不相識
毋打眼,不起眼
毋打眼,不顯眼
毋打自招,不打自招
毋打話,不打話
毋打量,不打量
毋打點,不打點
毋托,不托
毋承望,不承望
毋把人看在眼裡,不把人看在眼裡
毋把將軍為神道,不把將軍為神道
毋抗毋卑,不抗不卑
毋折毋扣,不折不扣
毋抵事,不抵事
毋抵抗主義,不抵抗主義
毋拉屎个,不拉屎的
毋拔,不拔
毋拘,不拘
毋拘一格,不拘一格
毋拘細節,不拘小節
毋拘細行,不拘細行
毋拚,不拚
毋拚,不清理
毋招,不招
毋拶,不密
毋拶,不擠
毋拶,不紮實
毋挂眼,不挂眼
毋指望,不指望
毋按君臣,不按君臣
毋按牌理出牌,不按牌理出牌
毋振,不振
毋捨,不捨
毋捨得,不捨得
毋捨晝夜,不捨晝夜
毋採,不採
毋掣,來不及
毋接,不接
毋揀,不揀
毋提,不提
毋提防,不提防
毋插,不理
毋插人,不理人
毋揚,不揚
毋揣,不揣
毋揣冒昧,不揣冒昧
毋揪毋睬,不揪不睬
毋搭,不管
毋搭人,不理人
毋搭嘴,不搭嘴
毋搭對,不搭對
毋搭檔,不搭檔
毋搭腔,不搭腔
毋搭調,不搭調
毋摔,不摔
毋摸頭,不摸頭
毋撇,不完
毋撇,不掉
毋撓,不撓
毋擅,不擅
毋擇手段,不擇手段
毋擊自走,不擊自走
毋擔輸贏,不認賬
毋擔輸贏,輸不起
毋擘,不剝開
毋擘,不張開
毋擬,不擬
毋擾,不擾
毋支,不支
毋支倒地,不支倒地
毋改,不改
毋攻自破,不攻自破
毋放你過,不放過你
毋放在心上,不放在心上
毋放在眼裡,不放在眼裡
毋放心,不放心
毋放逸,不放逸
毋放鬆,不放鬆
毋故,不故
毋效,不效
毋敏,不敏
毋敗之地,不敗之地
毋教而殺,不教而殺
毋教而誅,不教而誅
毋敢,不敢
毋敢出氣,不敢出氣
毋敢出聲,不敢出聲
毋敢吭聲,不敢吭聲
毋敢告勞,不敢告勞
毋敢妄言,不敢妄言
毋敢就聲,不敢則聲
毋敢後人,不敢後人
毋敢從命,不敢從命
毋敢欺,不敢欺
毋敢越雷池一步,不敢越雷池一步
毋整,不整
毋整合,不整合
毋整毋齊,不整不齊
毋整脈,不整脈
毋整齊花,不整齊花
毋敵,不敵
毋敷,不敷
毋數,不數
毋數日,不數日
毋數算,不算數
毋文毋武,不文不武
毋料,不料
毋料量,不料量
毋斷電系統,不斷電系統
毋斷頭,不斷頭
毋方,不方
毋方便,不方便
毋施脂粉,不施脂粉
毋旋踵,不旋踵
毋日,不日
毋日毋月,不日不月
毋早,不早
毋早毋晚,不早不晚
毋昌,不昌
毋明,不明
毋明就裡,不明就裡
毋明所以,不明所以
毋明毋白,不明不白
毋明道理,不明道理
毋明飛行體,不明飛行體
毋易,不易
毋易一字,不易一字
毋易之論,不易之論
毋時間,不時間
毋智,不智
毋暇,不暇
毋暖席,不暖席
毋暢,不暢
毋曉,不曉得
毋曉事,不曉事
毋曉寫,不會寫
毋曉得,不懂事
毋曉得,不懂得
毋曉得,不曉得
毋曉得,不會
毋曉得,不知道
毋曉解,不會解
毋更事,不更事
毋書,不書
毋曾,不曾
毋會,不會
毋會嫌麻煩,不厭其煩
毋會差,不錯
毋會橫,不會倒
毋會著,不懂穿
毋會著,不會中
毋會著,不會著
毋會講話,不會說話
毋會驚辛苦麻煩,不厭其煩
毋有,不有
毋服,不服
毋服,不服氣
毋服水土,不服水土
毋服燒埋,不服燒埋
毋服老,不服老
毋服輸,不服輸
毋朗朗,不朗朗
毋朝,不朝
毋期,不期
毋期然,不期然
毋期然而然,不期然而然
毋期而然,不期而然
毋朽,不朽
毋杖期夫,不杖期夫
毋枉,不枉
毋枉此生,不枉此生
毋果,不果
毋染纖塵,不染纖塵
毋查梨,不查梨
毋棄,不棄
毋棄糟糠,不棄糟糠
毋極,不極
毋極毋反,不極不反
毋樂,不樂
毋樂觀,不樂觀
毋櫛進士,不櫛進士
毋次,不次
毋欺暗室,不欺暗室
毋歇,不歇
毋歡喜,不開心
毋歡而散,不歡而散
毋止,不止
毋正,不正
毋正知,不正知
毋正經,不正經
毋歸,不歸
毋歸路,不歸路
毋死,不死
毋死也半條命,不死也半條命
毋死也帶傷,不死也帶傷
毋死即傷,不死即傷
毋死山,不死山
毋死樹,不死樹
毋死毋活,不死不活
毋死毋生,不死不生
毋死民,不死民
毋死草,不死草
毋死藥,不死藥
毋殊,不殊
毋殫,不殫
毋毒毋發,不毒不發
毋比,不比
毋比尋常,不比尋常
毋毛,不毛
毋氣干,不氣干
毋氣長,不氣長
毋求上進,不求上進
毋求人,不求人
毋求有功，但求無過,不求有功，但求無過
毋求聞達,不求聞達
毋求自得,不求自得
毋決,不決
毋沉木,不沉木
毋治,不治
毋治之症,不治之症
毋沾,不沾
毋法,不法
毋法之徒,不法之徒
毋法行為,不法行為
毋泯,不泯
毋派頭,不體面
毋流,不流
毋流世俗,不流世俗
毋浮,不浮
毋消,不消
毋消一刻,不消一刻
毋消幾日,不消幾日
毋消得,不消得
毋消講,不消說
毋淑,不淑
毋淘神,不淘神
毋淨觀,不淨觀
毋淫,不淫
毋淺,不淺
毋清,不清
毋清毋楚,不清不楚
毋清毋潔,不清不潔
毋減,不減
毋渝,不渝
毋渡,不帶著
毋渡,不照顧
毋測,不測
毋測之淵,不測之淵
毋測之禍,不測之禍
毋測風雲,不測風雲
毋湊手,不湊手
毋準,不準
毋溯既往,不溯既往
毋滅,不滅
毋滯,不滯
毋滿足,不滿足
毋漸,不漸
毋潤,不潤
毋濟,不濟
毋濟事,不濟事
毋灰木,不灰木
毋為,不為
毋為五斗米折腰,不為五斗米折腰
毋為人下,不為人下
毋為人用,不為人用
毋為利誘,不為利誘
毋為已甚,不為已甚
毋為所動,不為所動
毋為福始，毋為禍先,不為福始，不為禍先
毋為米折腰,不為米折腰
毋為過,不為過
毋為難,不為難
毋無,不無
毋無細益,不無小益
毋無細補,不無小補
毋煩,不煩
毋煩惱,不煩惱
毋熟,不熟
毋熟事,不認識
毋燒,不熱
毋燒,不燙
毋營,不營
毋燼木,不燼木
毋爭,不爭
毋爭多,不爭多
毋爭得,不爭得
毋爭氣,不爭氣
毋爽,不爽
毋爽利,不爽利
毋爽快,不爽快
毋爽毋錯,不爽不錯
毋爾,不爾
毋牢,不牢
毋特,不特
毋犯,不犯
毋犯尋思,不犯尋思
毋犯王法,不犯王法
毋犯著,不犯著
毋猶,不猶
毋獨,不獨
毋獲,不獲
毋琅琅,不琅琅
毋琅鼓,不琅鼓
毋理會,不理會
毋理毋睬,不理不睬
毋甘,不甘
毋甘寂寞,不甘寂寞
毋甘後人,不甘後人
毋甘心,不甘心
毋甘示弱,不甘示弱
毋甘雌伏,不甘雌伏
毋甘願,不甘願
毋甘食貧,不甘食貧
毋甚,不甚
毋甚了了,不甚了了
毋甚合意,不甚合意
毋生,不生
毋生心,不生心
毋生毋死,不生不死
毋生毋滅,不生不滅
毋用心,不用心
毋用忙,不用忙
毋用愁,不用愁
毋用本錢个勾當,不用本錢的勾當
毋用看,不用看
毋用著急,不用著急
毋用費事,不用費事
毋甫能,不甫能
毋甫能勾,不甫能勾
毋由,不由
毋由个,不由的
毋由人,不由人
毋由分講,不由分說
毋由得,不由得
毋由自主,不由自主
毋畏強禦,不畏強禦
毋畏彊禦,不畏彊禦
毋留,不留
毋留一字,不留一字
毋留心,不留心
毋留神,不留神
毋留餘地,不留餘地
毋留體統,不留體統
毋異,不異
毋當,不如
毋當,不當
毋當,比不上
毋當人,不當人
毋當人化化,不當人化化
毋當人子,不當人子
毋當官,不當官
毋當家,不當家
毋當家化化,不當家化化
毋當家花拉,不當家花拉
毋當家花花,不當家花花
毋當家豁拉,不當家豁拉
毋當數,不當數
毋當毋對,不當不對
毋當毋正,不當不正
毋當準,不當準
毋當穩便,不當穩便
毋當耍處,不當耍處
毋當道,不當道
毋疑,不疑
毋疑誣金,不疑誣金
毋疑貳,不疑貳
毋痛毋癢,不痛不癢
毋痴毋聾，毋作家翁,不痴不聾，不作家翁
毋登大雅之堂,不登大雅之堂
毋登登,不登登
毋登高山，毋顯平地,不登高山，不顯平地
毋發心,不發心
毋白之冤,不白之冤
毋的个風兒就雨兒,不的個風兒就雨兒
毋盈,不盈
毋盡,不盡
毋盡年,不盡年
毋盡心,不盡心
毋盡木,不盡木
毋盡然,不盡然
毋盡道理,不盡道理
毋直,不直
毋相,不相
毋相上下,不相上下
毋相來往,不相來往
毋相信,不相信
毋相妨礙,不相妨礙
毋相容,不相容
毋相干,不相干
毋相往來,不相往來
毋相投,不相投
毋相為謀,不相為謀
毋相登,不相登
毋相稱,不相稱
毋相聞問,不相聞問
毋相能,不相能
毋相識,不相識
毋盼得,不忍心
毋盼得,捨不得
毋省,不省
毋省事,不省事
毋省得,不省得
毋看僧面看佛面,不看僧面看佛面
毋看金面看佛面,不看金面看佛面
毋看魚情看水情,不看魚情看水情
毋真切,不真切
毋眠毋休,不眠不休
毋眨眼,不眨眼
毋睡,不睡
毋睦,不睦
毋睬,不睬
毋睹,不睹
毋睹事,不睹事
毋睹係,不睹是
毋瞅毋睬,不瞅不睬
毋瞑,不瞑
毋瞑目,不瞑目
毋瞞,不瞞
毋瞞你講,不瞞你說
毋矜,不矜
毋矜毋伐,不矜不伐
毋矜細行,不矜細行
毋知,不懂
毋知,不曉得
毋知,不知
毋知,不知道
毋知一个頭腦,不知一個頭腦
毋知丁董,不知丁董
毋知下落,不知下落
毋知世事,不知世事
毋知世務,不知世務
毋知事,不知事
毋知人事,不省人事
毋知人事,不知人事
毋知人好,不識好人
毋知人好,不識好人心
毋知人間有羞恥事,不知人間有羞恥事
毋知仔,不知道
毋知何故,不知何故
毋知何許人,不知何許人
毋知凡幾,不知凡幾
毋知分限,不知分限
毋知利害,不知利害
毋知務,不知務
毋知去向,不知去向
毋知名,不知名
毋知大體,不知大體
毋知天高地下,不知天高地下
毋知好歉,不知好歉
毋知就裡,不知就裡
毋知忌諱,不知忌諱
毋知怎个,不知怎的
毋知恩義,不知恩義
毋知情,不知情
毋知愛仰結煞正好,尷尬
毋知所以,不知所以
毋知所喻,不知所喻
毋知所終,不知所終
毋知所言,不知所言
毋知東南西北,不知東南西北
毋知死,不知死
毋知死,不知死活
毋知毋罪,不知不罪
毋知深淺,不知深淺
毋知甘苦,不知甘苦
毋知疼癢,不知疼癢
毋知痛癢,不知痛癢
毋知皁白,不知皁白
毋知羞,不知羞
毋知者毋做罪,不知者不做罪
毋知者毋罪,不知者不罪
毋知著,不知道
毋知葫蘆裡賣甚麼藥,不知葫蘆裡賣甚麼藥
毋知見笑,不知羞恥
毋知覺,不知覺
毋知起倒,不知起倒
毋知趣,不知趣
毋知足,不知足
毋知通變,不知通變
毋知進退,不知進退
毋知重輕,不知輕重
毋知頭,非有意的
毋知頭天,不知天高地厚
毋知頭腦,不知頭腦
毋知顛倒,不知顛倒
毋知香臭,不知香臭
毋知高低,不知高低
毋短,不短
毋確,不確
毋確定故意,不確定故意
毋礙事,不礙事
毋祀,不祀
毋祥,不祥
毋祥之兆,不祥之兆
毋祧,不祧
毋祿,不祿
毋禁技癢,不禁技癢
毋禮,不禮
毋秀氣,不秀氣
毋移,不移
毋移時,不移時
毋移至理,不移至理
毋稀奇,不稀奇
毋稀罕,不稀罕
毋稂毋莠,不稂不莠
毋稱,不稱
毋稱心,不稱心
毋稱職,不稱職
毋稼毋穡,不稼不穡
毋穀,不穀
毋穩便,不穩便
毋穩定平衡,不穩定平衡
毋究,不究
毋空,不空
毋空成就如來,不空成就如來
毋立,不立
毋立崖岸,不立崖岸
毋立文字,不立文字
毋竭,不竭
毋端,不端
毋端毋正,不端不正
毋競,不競
毋符,不符
毋符合,不符
毋第,不第
毋等,不等
毋等式,不等式
毋等號,不等號
毋答腔,不答腔
毋算,不算
毋算一件事,不算一件事
毋算什麼,不算什麼
毋算數,不算數
毋算話,不算話
毋管,不管
毋管,不論
毋管一二,不管一二
毋管三七二十一,不管三七二十一
毋管三七廿一,不管三七廿一
毋管事,不管事
毋管死活,不管死活
毋管毋顧,不管不顧
毋管生癬生瘡，𠊎正生癩,不管生癬生瘡，我只生癩
毋管皁白,不管皁白
毋管講雞講鴨，𠊎正講鵝,不管講雞講鴨，我只講鵝
毋管部會,不管部會
毋管閒事,不管閒事
毋管青紅皁白,不管青紅皁白
毋管麼人,不管誰
毋精,不聰明
毋索,不索
毋細,不小
毋細可,不小可
毋細義,不小心
毋終,不終
毋終朝,不終朝
毋結匯進口,不結匯進口
毋結實,不結實
毋結盟,不結盟
毋結盟運動,不結盟運動
毋絕,不絕
毋絕口,不絕口
毋絕如線,不絕如線
毋絕如縷,不絕如縷
毋絕於耳,不絕於耳
毋絕若線,不絕若線
毋給,不給
毋統口,不統口
毋經,不經
毋經一事毋長一智,不經一事不長一智
毋經一事，毋長一智,不經一事，不長一智
毋經之談,不經之談
毋經事,不經事
毋經事少年,不經事少年
毋經心,不經心
毋經意,不經意
毋經打,不經打
毋經濟,不經濟
毋經用,不經用
毋緊,不緊
毋繆,不繆
毋織布,不織布
毋繫舟,不繫舟
毋繼,不繼
毋罅,不夠
毋罅,不足
毋置,不置
毋置齒頰,不置齒頰
毋罰,不罰
毋罵,不罵
毋羈,不羈
毋美,不美
毋羞見,不羞見
毋群,不群
毋義,不義
毋習,不習
毋習水土,不習水土
毋習水性,不習水性
毋翦,不翦
毋老氣,不老氣
毋老藥,不老藥
毋老長生,不老長生
毋耐,不耐
毋耐心煩,不耐心煩
毋耐煩,不耐煩
毋聊,不聊
毋聞毋問,不聞不問
毋聲毋咕,不動聲色
毋聲毋咕,不聲不響
毋聲毋說,不動聲色
毋聲毋說,不聲不響
毋職,不職
毋聽使,不聽使
毋聽使喚,不聽使喚
毋聽手,不聽手
毋聽老人言，食虧在眼前,不聽老人言，吃虧在眼前
毋肖个東西,不肖的東西
毋肖之徒,不肖之徒
毋肖子,不肖子
毋肖子孫,不肖子孫
毋肯,不肯
毋肯,不願
毋肯,不願意
毋肯干休,不肯干休
毋能出口,不能出口
毋能勝數,不能勝數
毋能勾,不能勾
毋能增減一分,不能增減一分
毋能彀,不能彀
毋能措一辭,不能措一辭
毋能毋,不能不
毋能流芳百世，也要遺臭萬年,不能流芳百世，也要遺臭萬年
毋能為,不能為
毋能盡數,不能盡數
毋能自休,不能自休
毋能自免,不能自免
毋能自制,不能自制
毋能自已,不能自已
毋能自拔,不能自拔
毋能自給,不能自給
毋能贊一辭,不能贊一辭
毋能越雷池一步,不能越雷池一步
毋脩,不脩
毋腆,不腆
毋臊,不臊
毋臣,不臣
毋臣之心,不臣之心
毋臧,不臧
毋自在,不自在
毋自外,不自外
毋自涯,不自涯
毋自然,不自然
毋自然,不舒服
毋自由毋寧死,不自由毋寧死
毋自知,不自知
毋自禁,不自禁
毋自覺,不自覺
毋自量,不自量
毋自量力,不自量力
毋至於,不至於
毋致於,不致於
毋臻,不臻
毋與,不與
毋與毋取,不與不取
毋興,不興
毋舉,不舉
毋舍晝夜,不舍晝夜
毋舒坦,不舒坦
毋舞之鶴,不舞之鶴
毋良,不良
毋良之心,不良之心
毋良事濟,不良事濟
毋良人,不良人
毋良分子,不良分子
毋良導體,不良導體
毋良少年,不良少年
毋良帥,不良帥
毋良才,不良才
毋良會,不良會
毋良適應,不良適應
毋苟,不苟
毋苟且,不苟且
毋苟言談,不苟言談
毋若,不若
毋苦歡,不苦歡
毋苦詐,不苦詐
毋茶毋飯,不茶不飯
毋荒毋忙,不荒不忙
毋落,不落
毋落人後,不落人後
毋落份,不落下份
毋落俗套,不落俗套
毋落屋,不落屋
毋落眼,不落眼
毋落空,不落空
毋落窠臼,不落窠臼
毋著,不對
毋著,不正確
毋著,不著
毋著,錯
毋著一字,不著一字
毋著人,不著人
毋著家,不著家
毋著家人，弄毋得家鬼,不著家人，弄不得家鬼
毋著忙,不著忙
毋著急,不著急
毋著情,不著情
毋著意,不著意
毋著毋落,不著不落
毋著疼熱,不著疼熱
毋著痕跡,不著痕跡
毋著痛癢,不著痛癢
毋著筋節,不著筋節
毋著腳,不著腳
毋著要,不著要
毋著親,不著親
毋著調,不著調
毋著領頂兒,不著領頂兒
毋著頭頂兒,不著頭頂兒
毋葷毋素,不葷不素
毋蒔田,不插秧
毋蔓毋支,不蔓不支
毋蔓毋枝,不蔓不枝
毋薄,不薄
毋藥而癒,不藥而癒
毋處,不處
毋虛,不虛
毋虛此生,不虛此生
毋虛此行,不虛此行
毋虛發,不虛發
毋虞,不虞
毋虞之譽,不虞之譽
毋虞之隙,不虞之隙
毋虞匱乏,不虞匱乏
毋行,不走
毋表,不表
毋衫毋履,不衫不履
毋衰,不衰
毋衷,不衷
毋裹頭巾个阿婆,不裹頭巾的婆婆
毋要忙,不要忙
毋要緊,不要緊
毋要緊,沒關係
毋要臉个東西,不要臉的東西
毋見,不見
毋見世面,不見世面
毋見人影,不見人影
毋見便,不見便
毋見動靜,不見動靜
毋見圭角,不見圭角
毋見天日,不見天日
毋見就聲,不見則聲
毋見得,不見得
毋見忒,不見
毋見忒,不見了
毋見怪,不見怪
毋見棺材毋下淚,不見棺材不下淚
毋見棺材毋掉淚,不見棺材不掉淚
毋見棺材毋流淚,不見棺材不流淚
毋見毋散,不見不散
毋見識面,不見識面
毋見蹤影,不見蹤影
毋見輕,不見輕
毋見輸贏,不見輸贏
毋見面,不見面
毋規則,不規則
毋視生產,不視生產
毋親筆硯,不親筆硯
毋覺,不覺
毋解,不解
毋解之仇,不解之仇
毋解之緣,不解之緣
毋解事,不解事
毋解其故,不解其故
毋言之教,不言之教
毋言毋語,不言不語
毋言而化,不言而化
毋言語,不言語
毋計,不計
毋計其數,不計其數
毋計利害,不計利害
毋計得失,不計得失
毋計較,不計較
毋討采,不討采
毋記得,不記得
毋記得,忘了
毋記得,忘記
毋記得去,忘記去
毋記省,不記省
毋設防城市,不設防城市
毋許,不許
毋訾,不訾
毋該,不該
毋該,不那
毋詳,不詳
毋認,不認
毋認人,不認人
毋認帳,不認帳
毋認得字个,不認得字的
毋認識,不認得
毋認識,不認識
毋語,不語
毋誣,不誣
毋調勻,不調勻
毋調貼,不調貼
毋請自來,不請自來
毋論,無論
毋論天有眼，但管地無皮,不論天有眼，但管地無皮
毋論好壞,不論好壞
毋論秧子,不論秧子
毋諧,不諧
毋諧當,不諧當
毋諱,不諱
毋諱之變,不諱之變
毋諱言,不諱言
毋諳,不諳
毋諳事務,不諳事務
毋謀,不謀
毋謂,不謂
毋講,不講
毋講價,不說價
毋講情理,不講情理
毋講毋笑，毋打毋叫,不說不笑，不打不叫
毋講究,不講究
毋講虛頭,不說虛頭
毋講話,不說話
毋講話，沒人當你係啞吧,不說話，沒人當你是啞吧
毋講道理,不講道理
毋識,不曾
毋識,不認得
毋識,不認識
毋識,不識
毋識事,不識事
毋識人好,不知好歹
毋識大體,不識大體
毋識好歹,不識好歹
毋識字,不識字
毋識局面,不識局面
毋識廬山真面目,不識廬山真面目
毋識數,不識數
毋識斤兩,不識斤兩
毋識氣,不識氣
毋識泰山,不識泰山
毋識相,不識相
毋識看過,不曾看過
毋識竅,不識竅
毋識羞恥,不識羞恥
毋識見,不曾見過
毋識買,不曾買
毋識起倒,不識起倒
毋識進退,不識進退
毋識閒,不識閒
毋識風色,不識風色
毋識高低,不識高低
毋護細行,不護細行
毋變,不變
毋變價格,不變價格
毋讓,不讓
毋讓鬚眉,不讓鬚眉
毋豐毋殺,不豐不殺
毋豫,不豫
毋豺胲,不豺胲
毋貞,不貞
毋負,不負
毋負所托,不負所托
毋負眾望,不負眾望
毋貲,不貲
毋貳,不貳
毋貳過,不貳過
毋貴尺璧而重寸陰,不貴尺璧而重寸陰
毋貶陰,不翻陰
毋貶陽,不翻陽
毋買,不買
毋費,不費
毋費力,不費力
毋費吹灰之力,不費吹灰之力
毋賢都頭,不賢都頭
毋賭係,不賭是
毋賭時,不賭時
毋賴,不賴
毋贅,不贅
毋贊一辭,不贊一辭
毋贏,不贏
毋走,不跑
毋走旁門,不走旁門
毋赴,不赴
毋起,不起
毋起之病,不起之病
毋起訴處分,不起訴處分
毋越雷池一步,不越雷池一步
毋趣,不趣
毋足,不足
毋足之症,不足之症
毋足介意,不足介意
毋足以,不足以
毋足回旋,不足回旋
毋足多,不足多
毋足慮,不足慮
毋足數,不足數
毋足為外人道,不足為外人道
毋足為奇,不足為奇
毋足為怪,不足為怪
毋足為慮,不足為慮
毋足為憑,不足為憑
毋足為據,不足為據
毋足為訓,不足為訓
毋足為道,不足為道
毋足輕重,不足輕重
毋足道,不足道
毋足齒,不足齒
毋足齒及,不足齒及
毋足齒數,不足齒數
毋踰矩,不踰矩
毋軌,不軌
毋軌之心,不軌之心
毋輕容易,不輕容易
毋輟,不輟
毋輯,不輯
毋輸,不輸
毋轉,不回家
毋辜,不辜
毋辭,不辭
毋辭勞怨,不辭勞怨
毋辭勞苦,不辭勞苦
毋辭辛勞,不辭辛勞
毋辰,不辰
毋辱,不辱
毋辱使命,不辱使命
毋近人情,不近人情
毋近情理,不近情理
毋返,不返
毋迭,不迭
毋退,不退
毋送氣,不送氣
毋送氣音,不送氣音
毋透明水彩畫,不透明水彩畫
毋透明體,不透明體
毋通,不通
毋通弔慶,不通弔慶
毋通水火,不通水火
毋通濟,不通濟
毋通痾癢,不通痾癢
毋通聞問,不通聞問
毋逞,不逞
毋逞之徒,不逞之徒
毋造,不造
毋逮,不逮
毋逮人倫,不逮人倫
毋逮捕特權,不逮捕特權
毋遂,不遂
毋遂心,不遂心
毋遂心懷,不遂心懷
毋遂意,不遂意
毋遇,不遇
毋過,不過
毋過,但
毋過,但是
毋過,只是
毋過,可是
毋過,然而
毋過係,不過是
毋過問,不過問
毋過如此,不過如此
毋過意,不過意
毋過意,過意不去
毋過爾爾,不過爾爾
毋遑,不遑
毋遑多讓,不遑多讓
毋遑寧處,不遑寧處
毋遑枚舉,不遑枚舉
毋道,不道
毋道个,不道的
毋道得,不道得
毋道德,不道德
毋達,不達
毋達時宜,不達時宜
毋達道理,不達道理
毋違,不違
毋違農時,不違農時
毋遜,不遜
毋遠千里,不遠千里
毋遠毋近,不遠不近
毋遠萬里,不遠萬里
毋適,不適
毋遲,不遲
毋遲毋疾,不遲不疾
毋遵,不遵
毋遷,不遷
毋遺,不遺
毋避,不避
毋避嫌疑,不避嫌疑
毋避彊禦,不避彊禦
毋還,不歸還
毋還,不還
毋郎毋秀,不郎不秀
毋鄧鄧,不鄧鄧
毋配,不配
毋醒,不醒
毋醒人事,不醒人事
毋采,不采
毋釋,不釋
毋釋口,不釋口
毋重,不重
毋重要,不重要
毋量,不量
毋量力,不量力
毋銷,不銷
毋錯,不錯
毋錯眼,不錯眼
毋鏽鋼板,不鏽鋼板
毋鑽營,不鑽營
毋長,不長
毋長眼睛,不長眼睛
毋長進,不長進
毋開,不開
毋開交,不開交
毋開眼,不開眼
毋閑,不閑
毋閒,忙
毋間毋架,不間不架
毋間毋界,不間不界
毋關,不關
毋關心,不關心
毋關痛癢,不關痛癢
毋關緊要,不關緊要
毋關親,不關親
毋防,不防
毋防頭,不防頭
毋阻,不阻
毋阿,不阿
毋限,不限
毋陰毋陽,不陰不陽
毋隄防,不隄防
毋隨意動作,不隨意動作
毋隨意肌,不隨意肌
毋隳,不隳
毋雅,不雅
毋雅觀,不雅觀
毋雌毋雄,不雌不雄
毋雜,不雜
毋離,不離
毋離眼,不離眼
毋難,不難
毋零毋搭,不零不搭
毋零毋落,不零不落
毋露,不露
毋露圭角,不露圭角
毋露神色,不露神色
毋露聲色,不露聲色
毋露身手,不露身手
毋露鋒芒,不露鋒芒
毋露風聲,不露風聲
毋露馬腳,不露馬腳
毋靈,不靈
毋靈光,不靈光
毋靈驗,不靈驗
毋靖,不靖
毋靚,不漂亮
毋韙,不韙
毋順手,不順手
毋順溜,不順溜
毋順眼,不順眼
毋順耳,不順耳
毋順臉,不順臉
毋須,不須
毋領情,不領情
毋題,不題
毋願,不願
毋願,不願意
毋願意,不願意
毋類,不類
毋顧,不顧
毋顧一切,不顧一切
毋顧前後,不顧前後
毋顧曲直,不顧曲直
毋顧死活,不顧死活
毋顧生死,不顧生死
毋顧而唾,不顧而唾
毋顧閒野,不顧閒野
毋顧青紅皁白,不顧青紅皁白
毋顧體統,不顧體統
毋顧高低,不顧高低
毋颺,不颺
毋食,不吃
毋食,不食
毋食之地,不食之地
毋食人間煙火,不食人間煙火
毋食周粟,不食周粟
毋食煙火,不食煙火
毋食煙火食,不吃煙火食
毋食牛肉,不食牛肉
毋食苦中苦，難為人上人,不吃苦中苦，難為人上人
毋食虧,不吃虧
毋食言,不食言
毋飲盜泉,不飲盜泉
毋饒,不饒
毋騰騰,不騰騰
毋驕毋躁,不驕不躁
毋驗,不驗
毋驚,不怕
毋驚死,不怕死
毋高个東西,不高的東西
毋鬆爽,不舒服
毋鳴就已，一鳴驚人,不鳴則已，一鳴驚人
毋麼何,不麼何
毋黏油,不黏油
毋點兒,不點兒
毋齊全,不齊全
毋齒,不齒
毋龜手藥,不龜手藥
毋龜藥,不龜藥
母子合,母子和
母舅,舅父
母舅,舅舅
母雞毋下蛋,母雞不下蛋
每暗晡,每晚
每飯毋忘,每飯不忘
毒心,狠心
毒老鼠,把老鼠毒死
毒老鼠,毒殺老鼠
毒蟲藥,驅蟲劑
比,比較
比,較量
比上毋足，比下有餘,比上不足，比下有餘
比个大哥二哥,比個大哥二哥
比个高下,比個高下
比个高低,比個高低
比佢較矮一息仔,比他矮一點
比佢較高一息仔,比他高一點
比利啵囉,雜沓奔跑
比大閹雞,比賽神雞
比將,比喻
比將,比如
比年毋登,比年不登
比止,比肩止
比歲毋登,比歲不登
比毋上,比不上
比毋了,比不了
比毋得,比不得
比比,並排
比照,依照
比照,對照
比眾毋同,比眾不同
比肩皆係,比肩皆是
比背,人群密擠
比背,摩肩擦背
比論,比喻
比論,比如
比論,比方
比論講,比如說
比論講,比方說
比論講,譬如
比較,較量
毛卡仔,髮箍
毛夾仔,髮夾
毛建草,禺毛莨
毛惹惹,毛絨絨的
毛披披仔,披頭散髮
毛柿仔,毛柿
毛毛个,毛毛的
毛瓜仔,茅瓜
毛管現象,毛細現象
毛籣,圓籃
毛籣項,圓籃上
毛籣項,圓籃裡
毛腳鵟鷹,毛足鵟
毛蟹,澤蟹
毛蟹,螃蟹
毛蟹蘭,螃蟹蘭
毛辮仔,辮子
毛辮仔,髮辮
毛連菜,地膽草
毛長長,頭髮很長
毛鬞鬞,毛髮蓬亂
毛鬞鬞仔,毛髮紛亂
毫公尺,毫公尺-
毫毋,毫不
毫毋介意,毫不介意
毫毋做作,毫不做作
毫毋在乎,毫不在乎
毫毋在意,毫不在意
毫毋思量,毫不思量
毫毋掩飾,毫不掩飾
毫毋為備,毫不為備
毫毋猶豫,毫不猶豫
毫毋留情,毫不留情
毫毋相干,毫不相干
毫毋費力,毫不費力
毫毋遜色,毫不遜色
毫毋遲疑,毫不遲疑
毫毛毋犯,毫毛不犯
毫米,公厘
毫米,公釐
毫釐毋爽,毫釐不爽
毫髮毋差,毫髮不差
毫髮毋爽,毫髮不爽
毯仔,毯子
民心毋壹,民心不壹
民毋堪命,民不堪命
民毋安枕,民不安枕
民毋畏死，奈何以死懼之,民不畏死，奈何以死懼之
民謠歌曲,民歌
氣凹凹,萎靡不振
氣凹凹仔,氣喘吁吁的
氣力,力氣
氣力,力量
氣力,體力
氣命,氣力
氣嗙氣鼓,氣鼓鼓
氣噴噴仔,氣呼呼
氣杳杳仔,氣息微弱
氣毋喘，色毋變,氣不喘，色不變
氣毋平,氣不平
氣毋忿,氣不忿
氣毋憤,氣不憤
氣毋過,氣不過
氣湧湧,熱氣騰騰
氣癲,氣瘋
氣空,氣孔
氣笛,汽笛
氣緲緲仔,上氣不接下氣
氣脈,精力
氣門,氣孔
水䇶仔,舀水的勺子
水个三態,水的三態
水乞食,水乞吃
水井脣,水井旁
水井脣,水井旁邊
水井脣,水井邊
水仙毋開花,水仙不開花
水冇樹,火筒樹
水嘴鳥,藍磯鶇
水噼噼鳥,褐色鷚
水土毋伏,水土不伏
水土毋服,水土不服
水圳,埤圳
水圳,水渠
水寨,瀑布
水尾,下游
水尾,末流
水尾,瑞穗
水尾田,末流田
水平毋流，人平毋言,水平不流，人平不言
水快菜,水韭
水打田,大水沖毀田地
水揚尾,豆娘
水旱毋收,水旱不收
水桶脣頭,水桶旁邊
水楻,水缸
水楻肚,水缸裡
水楻肚項,水缸裡
水楻肚項,水缸裡面
水母娘,水母女子
水毛仔,毛毛雨
水氣,水蒸氣
水沖,瀑布
水沖窟,水窟窿
水油,煤油
水泡蓮,布袋蓮
水流娘莊頭,水流娘庄頭
水淋水涿,水打雨淋
水淥淥个,水淥淥的
水溓忒,水乾涸了
水漿毋入,水漿不入
水火毋容,水火不容
水火毋辭,水火不辭
水火毋避,水火不避
水無流,水沒流
水牛牯,公水牛
水痘仔,水痘
水瘭仔,水泡
水瘭仔,泡疹
水秤,水平儀
水窟,水坑
水窟方,水坑方
水竇,水中
水竇,水裡
水竇肚,水裡
水竇項,水裡
水筆,毛筆
水管仔,水管
水米毋打牙,水米不打牙
水粄仔,水粄
水粄仔,碗粄
水粉,撲粉
水紅色,淺紅色
水紅色,粉紅色
水紅色个果汁,粉紅色的果汁
水紅鸚嘴,粉紅鸚嘴
水紋,漣漪
水缸脣,水缸旁
水缸脣,水缸旁邊
水缸脣,水缸邊
水缸脣項,水缸旁邊
水肚,水裡
水脣項,水旁邊
水脣鳥,磯鷸
水至清就無魚,水至清則無魚
水草肚,水草中
水荖葉,三白草
水莨,禺毛莨
水蓮花,睡蓮
水蔥兒似个,水蔥兒似的
水蕨,過溝菜蕨
水蘿蔔,鹹蘿蔔
水蟻仔,水蟻
水衣,雨衣
水衣仔,雨衣
水褲截,短褲
水褲截仔,短褲
水貨,走私貨
水跡,水漬
水道水,自來水
水金驚,水金京
水靴仔,雨鞋
水靴筒,長筒雨鞋
水靴筒,雨靴
水項,水裡
水頭寮莊頭,水頭寮庄頭
水餃,餃子
水鬼兵,蛙人
水鴨,水鴨子
水鴨,野鴨
水鴨,雁鴨
水鴨仔,小水鴨
水鴨仔,雁鴨科的一種
水黃蚻,龍蝨
水龍,唧筒
水龍,幫浦
水龜殼,擬龜殼花
永久,永遠
永久齒,恆齒
永別,永遠分離
永毋磨滅,永不磨滅
永毋錄用,永不錄用
永生人,一輩子
永誌毋忘,永誌不忘
永錫毋匱,永錫不匱
汀崠仔,宜梧
汀汀汀汀,滴滴答答
汁桶,廚餘桶
汁桶,餿水桶
汁桶項,廚餘桶裡
汁水,餿水
求之毋得,求之不得
求人毋如求己,求人不如求己
求死毋得,求死不得
求求乞乞,苦苦哀求
求灶頭毋如求灶尾,求灶頭不如求灶尾
求無雨,求沒雨
求神託佛,求神拜佛
汔,濃稠
汗沛沛,汗流很多
汗沛沛,汗涔涔
汗流脈絡,滿身大汗
汗臊,汗臭味
江山毋老,江山不老
江林伯姆,江林伯母
汨水,潛水
汩汩滾,水聲咕嚕咕嚕
汶水,混濁的水
汶水,濁水
汶水街莊頭,汶水街庄頭
汶汶,混濁
汶汶仔,混濁的
決截,果斷
決毋待時,決不待時
決裁,結果
決裁,裁決
沁涼,清涼
沃枝葉，毋如培根本,沃枝葉，不如培根本
沉下,下潛
沉忒,沉下去
沉忒,沉下去了
沉忒,沉掉
沉忒,沉落
沉撇,沉下去
沉撇,沉掉
沉撇,沉落
沉毋住氣,沉不住氣
沉毒,陰毒
沉水,浸入水中
沉海,投海
沉淪,沉沒
沉疴,陳痾
沉落,下潛
沉落,沉下去
沉落,沉掉
沉頭沒利,虧本
沉默係金,沉默是金
沒一事毋可對人言,沒一事不可對人言
沒一頓飯个工夫,沒一頓飯的工夫
沒下脣就毋該攬著簫吹,沒下脣就不該攬著簫吹
沒下頷个話,沒下頷的話
沒世毋忘,沒世不忘
沒个,沒的
沒个係處,沒個是處
沒个出豁,沒個出豁
沒个功夫,沒的功夫
沒个好結果,沒個好結果
沒个家,沒的家
沒个裡兒表兒,沒個裡兒表兒
沒个見識,沒個見識
沒个開交,沒個開交
沒个黑家白日个,沒個黑家白日的
沒了王个蜜蜂,沒了王的蜜蜂
沒人疼沒人顧个,沒人疼沒人顧的
沒件好當眼个,沒件好當眼的
沒命似个,沒命似的
沒天日个,沒天日的
沒天理个,沒天理的
沒家親引毋出外鬼來,沒家親引不出外鬼來
沒巧毋成話,沒巧不成話
沒影个話兒,沒影的話兒
沒得講个,沒得說的
沒忽个,沒忽的
沒想著,沒想到
沒揣个,沒揣的
沒斷个,沒斷的
沒時運个,沒時運的
沒有个話,沒有的話
沒有毋係,沒有不是
沒有毋散个筵席,沒有不散的筵席
沒有毋透風个牆,沒有不透風的牆
沒有砣个秤,沒有砣的秤
沒有規矩毋能成方圓,沒有規矩不能成方圓
沒有講个,沒有說的
沒正經个事,沒正經的事
沒毋煞,沒不煞
沒氣力个話,沒氣力的話
沒水,水中閉氣
沒水,沉入水中
沒水,潛水
沒法度,沒法子
沒法度,沒辦法
沒法度,無法
沒爺娘个祖宗,沒爺娘的祖宗
沒眼个,沒眼的
沒短个,沒短的
沒碗,整碗
沒籠頭个馬,沒籠頭的馬
沒老沒細,沒老沒小
沒而毋朽,沒而不朽
沒腦袋个蒼蠅,沒腦袋的蒼蠅
沒腳子个跑,沒腳子的跑
沒臉个忘八蛋,沒臉的忘八蛋
沒良心个東西,沒良心的東西
沒討个空處,沒討個空處
沒足厭个,沒足厭的
沒身毋忘,沒身不忘
沒造化个,沒造化的
沒造化个種子,沒造化的種子
沒那金剛鑽兒，也毋攬那磁器傢伙,沒那金剛鑽兒，也不攬那磁器傢伙
沒頭腦个事,沒頭腦的事
沒額份,沒額度
沒食過豬肉，也見過豬跑,沒吃過豬肉，也見過豬跑
沒食鳥,河烏
沒齒毋忘,沒齒不忘
沓沓,密而實
沖、脫、浸、揞、送,沖、脫、泡、蓋、送
沖啊落,沖下去
沖撇,沖掉
沖撇,沖落
沖著,沖到
沖著,沖煞
沖著,犯煞
沙人,誇讚別人
沙仔,沙子
沙和尚,沙悟淨
沙埔,沙洲
沙埔,沙灘地
沙埔地,沙質的田
沙壩,三角洲
沙壩,沙洲
沙壩,沙灘
沙梨,釋迦
沙溜羌,花鰍
沙燕仔,棕沙燕
沙蔗仔,甜根子草
沙蔗仔,蘆葦
沙蔗白尾鳥,蘆鵐
沙鐐,圓鍬
沙鑽仔,蟻獅
沙魚,鯊魚
沙鼻,得意
沙鼻,驕傲
沙鼻摝天,神氣活現
沙鼻牛,好大喜功
沙鼻牛,自以為是
河乾水斂,河水乾了
河壢,河溝
河壩,河
河壩,河川
河壩,河流
河壩,河邊
河壩,溪流
河壩中央,河中央
河壩唇,河邊
河壩埔,河床闢成之田
河壩底,河底
河壩方,河方
河壩水,河水
河壩田,河床田
河壩田,河田
河壩田項,河田上
河壩田項,河田裡
河壩肚,河裡
河壩肚項,河裡
河壩背,河背
河壩背項,河後面
河壩脣,河邊
河壩脣,溪邊
河壩脣項,河旁
河壩脣項,河旁邊
河壩脣項,河邊
河壩蝦,河蝦
河壩邊,河邊
河壩面,河面
河壩項,河裡
河川脣頭,河川旁
河川脣頭,河川旁邊
河川脣頭,河川邊
河毋出圖,河不出圖
河水毋洗船,河水不洗船
河水毋犯井水,河水不犯井水
河溪,銀河
河背,河的那一邊
河背莊莊頭,河背庄庄頭
河脣,河岸
河脣,河邊
河裡淹死係會水个,河裡淹死是會水的
河頭莊頭,河頭庄頭
油加利,大葉桉
油垢癠,脂漏性皮膚炎
油枝仔,寸棗
油柑草,五蕊油柑
油桐,千年桐
油桐樹,千年桐
油桐花,桐花
油氣,油脂類食物
油泥,油土
油漆工,油漆工人
油漬漬仔,油膩膩的
油濟濟仔,油滋滋的
油盎仔,油瓶子
油籮蜂,虎頭蜂
油紙遮,油紙傘
油脂㿸帶,滿身油膩污垢
油脂同堅果仁類,油脂與堅果種子類
油茶,苦茶
油茶仔,苦茶
油茶樹,苦茶
油菜花,油菜
油蔥,蘆薈
油跋,申跋
油鏡,油膜
油鑊,油鍋
油鑊肚,油鍋裡
油鑊脣項,油鍋旁
油鑊脣項,油鍋旁邊
油面,容光煥發
油點盞,臺灣油點草
治學,研究學問
治得病，治毋得命,治得病，治不得命
治罪,定罪
沾水性,浮葉性
泅來泅去,游來游去
泅水,游泳
泅水池,游泳池
泅水衫,泳衣
泅水褲,泳褲
泅身,游泳
法國號,圓號
法國角菜,番杏
法場,刑場
法度,方法
法度,法子
法度,辦法
法律毋溯既往原則,法律不溯既往原則
法毋傳六耳,法不傳六耳
法無三日嚴，草係年年長,法無三日嚴，草是年年長
法網恢恢，疏而毋漏,法網恢恢，疏而不漏
法蘭瓷,法藍瓷
泡牛乳,沖泡奶粉
泡神茶,泡茶奉神
泡糜,泡稀飯
泡糜,泡粥
波仔,虎婆刺
波仔竻,紅梅消
波嫲嘰喳,紅通通
波嫲濟炸,紅通通
波籮盎,野牡丹
波羅个海,波羅的海
波羅个海三細國,波羅的海三小國
波螺皺,漩渦
波螺皺風,旋風
波螺皺風,龍捲風
泣毋成聲,泣不成聲
泥,土
泥,泥巴
泥个,泥巴的
泥个,泥的
泥人公仔,土偶
泥伯公,泥菩薩
泥古毋化,泥古不化
泥團,泥塊
泥土,土壤
泥土,泥巴
泥圳溝,泥土溝渠
泥壁,泥土壁
泥嫲,笨女人
泥條,土條
泥水師傅,水泥匠
泥水師父,泥水匠
泥沙仔,泥沙
泥泥,笨拙
泥混混仔,沾滿泥土
泥滾滾,沾滿了泥土
泥球,土球
泥盎仔,黏土
泥矻,泥塊
泥磚屋,土埆厝
泥肉,土壤
泥膏,泥糊
泥船,泥巴船
泥蛇一畚箕,多而無用
泥蜂仔,黃胸泥壺蜂
泥質,土質
泧冷,冰冷
注射,打針
注射笐,注射針筒
注意,小心
注意,留意
注意著,注意到
注文,預訂
注解,注釋
泰魯,瓷磚
泰魯,磁磚
洋刀仔,西式小刀
洋搖花,蝶豆
洋服,西服
洋服褲,西裝褲
洋洋洋洋,水盛大
洋洋漾漾,水流不止
洗一下手來,洗個手
洗佛,農曆四月八
洗到,洗得
洗嘴,刷牙
洗嘴,漱口
洗好正做得食,洗喜好才可以吃
洗忒,洗完
洗忒,洗掉
洗手毋幹,洗手不幹
洗水,清澈的水
洗洗啊仔,洗一洗
洗淨,洗乾淨
洗湯,洗東西
洗湯,清洗
洗牙齒,刷牙
洗牙齒,洗牙
洗盤仔,洗盤子
洗盪,洗滌
洗石仔,洗石子
洗碗會相磕,磨擦衝突
洗碗有相磕,難免會有衝突
洗筆盎,水器
洗腰仔,洗腎
洗著,洗到
洗衫,洗衣
洗衫,洗衣服
洗衫,清洗衣服
洗衫坑,洗衣坑
洗衫娘,洗衣女子
洗衫店,洗衣店
洗衫枋,洗衣板
洗衫槽,洗衣槽
洗衫機,洗衣機
洗衫粉,洗衣粉
洗衫褲,洗衣服
洗衫褲,洗衣物
洗身,洗澡
洗身仔,游泳
洗身堂,澡堂
洗身堂肚,浴室裡
洗身帕,洗澡用的毛巾
洗身帕,浴巾
洗身盆,洗澡盆
洗身盆,洗盆
洗身盆,澡盆
洗身盆底肚,澡盆裡
洗身盆底肚,澡盆裡面
洗身腳,洗澡
洗身間,浴室
洗面,洗臉
洗面霜,洗面乳
洛神花,洛神葵
洩,噴
洩出來,噴出來
洩出來,拉出來
洩命,逃命
洩尿,尿失禁
洩手銃,打手槍
洩水,噴水
洩水,滲水
洩漏出去,外洩
洩走,溜走
洩農藥,噴農藥
活下去,生存下去
活似真个,活似真的
活塞撳鍵,活塞按鍵
活毋活，死毋死,活不活，死不死
活菜秧仔,分植菜苗
活跳,活潑
派,派遣
派下,家族中
派下,血脈系統
派出所項,派出所裡
派毋係,派不是
派頭,光鮮亮麗
派頭,架子
派頭,氣派
派頭,漂亮
派頭,穿著漂亮
派頭,英俊
派頭个,派頭的
派頭恁粗,架勢大
流口涎水,流口水
流年毋利,流年不利
流往下,往下流
流往下,流下
流放,放逐
流毋下去,流不下去
流水毋腐，戶樞毋蠹,流水不腐，戶樞不蠹
流汗,出汗
流流流流,流個不停
流流溜溜,遊手好閒
流流漂漂,遊手好閒
流滑,光滑
流滑,溜滑
流漂,浪蕩
流漂子,浪蕩子
流濞,流鼻涕
流目汁,流眼淚
流籠,纜車
流籠,轆轤
流落毋偶,流落不偶
流血流蒂,血流如注
流血流蒂,血流很多
流血流蒂,血流滿面
流走,沖走
浙濟,濕濘
浡出來,溢出來
浡欄浡出,溢出
浦尾莊莊頭,浦尾庄庄頭
浩洪斗雨,傾盆大雨
浩漦,誇大其詞
浪子回頭金毋換,浪子回頭金不換
浪浪散,散落一地
浪花四散,散落四方
浪蕩,不檢點
浪蕩,放蕩
浮仔,水萍
浮冇仔,浮標
浮冇樹,通脫木
浮浮,不實貼貌
浮浮冇冇,漂浮
浮皮面仔,薄薄的表面
浮而毋實,浮而不實
浮起,上浮
浴堂,浴室
浴浴,濕透
海揚波,揚波
海棠花,秋海棠
海毋揚波,海不揚波
海毋波溢,海不波溢
海水毋可斗量,海水不可斗量
海波毋驚,海波不驚
海烏鬼,海鸕鷀
海竇肚,海裡
海脣,海邊
海脣地形,海岸地形
海脣項,海旁邊
海脣項,海邊
海蝕空,海蝕洞
海角菜,番杏
海賊,倭寇
海賊,海盜
海銼魚,虱目魚
海項,海上
海鰍,鯨魚
海鵝嘴燕海鵝,鷗嘴燕鷗
海鶴仔,岩鷺
浸,浸泡
浸忒,淹沒
浸死,淹死
浸死,溺死
浸水,泡水
浸水,淹水
浸浸,淹淹
浸淨淨,泡光光
浸穀種,浸泡穀種
浸米,泡米
浸著,溺水
浸酒,泡酒
浸青,墨綠
浸青,很青
浸青,很青綠
浸青,深藍
浹浹,青澀味
涅而毋緇,涅而不緇
涇渭毋分,涇渭不分
消化毋良,消化不良
消失忒,消失掉
消忒,死了
消忒,死掉
消忒,消去
消忒,消完
消忒,消掉
消忒,腫瘤消退
消忒,過世
消息,訊息
消息仔,器械的活門
消撇,過世
消散,消失
消滅,滅除
涎ㄚ仔,圍兜兜
涎丫仔,圍兜
涔,積水
涔涔,汗多
涔涔,雨多
液液溚溚,滿是汁液
液漦,怒火中燒
液豆,秋葵
涵空,水管孔道
涵空,涵洞
涸涸,乾枯
涼加已多,涼爽多了
涼扇樹,欖仁
涼棚,遮陽棚
涼水,冷飲
涼水,汽水
涼水,飲料
涼沁沁,涼涼的
涼涼,從容不迫
涼涼,慢慢
涼涼,涼涼的
涼涼,輕鬆輕鬆
涼爽,涼快
涼鞋,便鞋
涿,淋
涿到,淋得
涿水,淋水
涿水,淋雨
涿潦,淋溼
涿潦,淋濕
涿濕,被雨淋濕
涿濕濕,淋濕
涿濕濕,被雨淋濕
涿著,淋到
涿雨,淋雨
淂淂仔,剛好的
淈渾,渾濁
淋啊著,淋到
淋啊著,澆到
淋忒,澆完
淋水,澆水
淋淋,澆澆
淋溼,澆溼
淋漓坪莊頭,淋漓坪庄頭
淋烏忒,澆熄滅
淋肥,澆糞尿
淋花,澆花
淋菜,澆菜
淌海水似个,淌海水似的
淒慘,淒涼悲慘
淚淒淒,哭得非常哀傷
淚淒淒,淚汪汪
淚漣漣,淚汪汪
淚漣漣,淚流不止
淡毋剌,淡不剌
淡毋淡,淡不淡
淡淡,有點淡
淡淡,淡淡的
淡濫淡濫,淡然無味
淡鹽酸,稀鹽酸
淨,單一
淨俐,乾淨
淨做得,只能
淨堵好,僅可
淨有,只有
淨極極仔,單一極極仔
淨水,清水
淨淨,一乾二淨
淨淨,光光
淨粥,白稀飯
淨飯,白飯
淬水,水中冷卻
淮山,山藥
淰,滿
淰了,滿了
淰兜,滿些
淰兜,滿點
淰淰,滿滿
淰盆淰缽,滿盆
淰黃,金黃色
深山肚,深山裡
深山肚項,深山裡
深更夜靜,夜深人靜
深毋可測,深不可測
深淺,水深程度
深淺,濃淡
深淺,輕重
深潭磬碽,潭水極深
深落,房子很深長
深藏毋露,深藏不露
混循環細數,混循環小數
混淆毋清,混淆不清
混講,混說
混食混玩,混吃混玩
混飯食,混飯吃
淹田,引水灌田
淹著水,被水所淹
淺嘗就止,淺嘗則止
淺淺,不深
淺淺,很淺
淺淺,稍微
淺講,淺說
添加,再加
添加,增加
添放忒,不記得
添放忒,忘記
添案細食,添案小吃
添油香,添香油
添飯,盛飯
添飯,裝飯
清吟細班,清吟小班
清山,淨山
清幽,清靜
清明,清明節
清明愛掛紙,清明節要掃墓
清明掛掃,清明掃墓
清明掛紙,清明掃墓
清楚,清晰
清毋得淨,清不乾淨
清淨,清乾淨
清清,清澈
清清,清澈如水
清清楚楚,乾淨俐落
清清楚楚,清楚明瞭
清清淨,清乾淨
清潔,打掃
清牙,潔牙
渟茶,斟茶
渡,帶著
渡,照顧
渡人,帶孩子
渡人,照顧孩子
渡大,帶大
渡子,帶孩子
渡孤,普渡
渡細人,帶小孩
渡船,渡輪
渡船頭,渡口
渡船頭項,渡船頭上
渴死去,渴死
渴渴,極度口渴
游壁,扶著壁學走
游泳池,泳池
游移毋決,游移不決
渺毋可測,渺不可測
渺毋相涉,渺不相涉
渺渺茫,渺茫
渺細,渺小
渾毋似,渾不似
渾毋比,渾不比
渾然忘𠊎,渾然忘我
渾然毋知,渾然不知
渾然毋覺,渾然不覺
渾細子,渾小子
渾身係膽,渾身是膽
渾身係鐵，打得多少釘兒,渾身是鐵，打得多少釘兒
湊,聚集
湊,邀請
湊了,約了
湊人,湊人數
湊伴,結伴
湊來湊去,反覆聚集
湊來湊去,反覆邀約
湊合,集合
湊單,成奇數
湊牲,供品
湊牲,祭品
湊陣,結伴
湊陣,結夥
湊雙,合成雙數
湊雙,成雙
湊雙,湊成對
湊雙,湊成雙
湊雙無湊單,湊雙不湊單
湓出,滿出
湖南个,湖南的
湖脣,湖畔
湖脣,湖邊
湖蜞,水蛭
湖鰍,泥鰍
湖鰍仔,泥鰍
湛斗,很優秀
湢湢滾,活潑靈敏
湢湢跳,蹦蹦跳
湯匙白,青江菜
湯嘴,漱口
源源毋斷,源源不斷
源源毋絕,源源不絕
溓忒,乾涸掉
溓水,水減少了
準,當做
準个,準的
準做,當作
準做,當成
準做係,視為
準備著,準備穿
準則,分寸
準則,原則
準則,標準
準堵好,姑且如此
準準,剛剛好
準準,很準
準準,很準確
準準,絲毫不差
準知,準知道
準講,雖然
準飯食,當作飯吃
溚渧,濕漉
溚渧,舉止不莊重
溚溚渧渧,濕漉漉
溚溼,溼透
溚溼,溼透了
溚潦,溼透
溚潦,溼透了
溚澇,濕透了
溚濕,濕透了
溜上溜下,滑來滑去
溜上溜下,閒逛
溜下來,滑下來
溜弓蕉皮,滑了一跤
溜忒,滑掉
溜掠,動作靈活
溜掠,身手矯健
溜撇,滑掉
溜毋著,滑不到
溜溜蹴,滑來滑去
溜溜蹴,滑溜溜的
溜溜蹴,滑滑的
溜皮,破皮
溜皮,磨破皮
溜線个,溜線的
溜聲下,溜聲音下方
溜胎,流產
溜苔,苔蘚
溜苔,蘚苔
溜苔,青苔
溜苔類,苔蘚類
溜著,滑倒
溜走,滑走
溜走,跑走
溜過,滑過
溜門子个,溜門子的
溜雪,滑雪
溜鼻仔,溜聞仔
溝壢,溝渠
溝肚,溝裡
溝項,溝裡
溪唇,溪邊
溪壩,溪邊
溫度,氣溫
溫度計,氣溫計
溫溫溫溫,肚子悶痛
溫燒,溫溫的
溫血動物,內溫動物
溶,溶解
溶撇,溶化
溼溚溚,溼答答
溼潤現象,毛細現象
滂失,沖失
滄海,物是人非
滅忒,息掉
滅忒,消滅
滅忒,滅亡
滅忒,滅掉
滅毋个,滅不個
滉激,晃蕩
滑毋嘰溜,滑不嘰溜
滑溜,流利
滑溜,流暢
滑溜溜仔,很滑溜
滑滑,滑溜
滑滑,滑溜的
滑滑,滑滑的
滑痢肚,亂說
滑臭屁,放臭屁
滒渧,糾纏不放
滒滒,黏稠
滒滒渧,糾纏不清
滮尿,撒尿
滴扚蛄,大黑叩頭蟲
滴扚蟲,大黑叩頭蟲
滴水毋沾,滴水不沾
滴水毋漏,滴水不漏
滴滴溚溚,七零八落
滴滴溚溚,零零星星
滴酒毋沾,滴酒不沾
滴酒毋飲,滴酒不飲
滷卵,滷蛋
滷鹽,用鹽醃漬
滾,沸騰
滾㸐㸐,微熱
滾水,熱水
滾水,熱開水
滾水,開水
滾水肚,開水中
滾水莊頭,滾水庄頭
滾滾碾,打滾
滾滾碾,滾來滾去
滾滾輾,滾動著輾
滾落,滾下
滾車轍个,滾車轍的
滿係,滿是
滿叔,小叔
滿叔,小叔叔
滿叔,小叔父
滿叔公,小叔公
滿口胡講,滿口胡說
滿哪,到處
滿哪仔,到處
滿哪尋,到處找
滿坪,滿地
滿堂,滿屋
滿堂,滿廳
滿天下,全天下
滿天星,甜珠仔草
滿女,么女
滿女,小女兒
滿好个,滿好個
滿姑,小姑姑
滿姑,小姑媽
滿姑,最小的姑姑
滿姨,小姨媽
滿姨,小阿姨
滿姨,最小的阿姨
滿子,么兒
滿子,小兒子
滿子,最小的兒子
滿山,整座山
滿山个芒花,滿山的芒草花
滿山滿屻,滿坑滿谷
滿廳下,充滿整個廳堂
滿廳下,滿廳
滿懷心腹事，盡在毋言中,滿懷心腹事，盡在不言中
滿月卵糕,彌月蛋糕
滿月雞卵糕,彌月蛋糕
滿朝,整個朝庭
滿毋在乎,滿不在乎
滿清,清朝
滿滿,瀰漫
滿而毋溢,滿而不溢
滿舅,小舅舅
滿舅,最小的舅舅
滿莊,整個村莊
滿身項,整身上
滿面,滿臉
漀淨淨,倒光光
漀漀,傾斜
漀燥,讓水流乾
漀走,傾斜了
漁販仔,漁販
漂走,滑走
漆仔樹,山漆
漆手指甲,擦指甲油
漏仔,漏斗
漏毋出,漏不出
漏氣,出洋相
漏眼毋藏絲,漏眼不藏絲
漏竅,遍布
漏胲,流口水
漏風个巴掌,漏風的巴掌
演奏,彈奏
演講,演說
漚泥澇石,土石流
漚淨淨,全都發霉敗壞
漚漚,蠢相
漚濡,不靈活
漚雨,久雨不止
漚霸,大而無當
漠毋相關,漠不相關
漠然毋動,漠然不動
漠然毋覺,漠然不覺
漠然毋顧,漠然不顧
漢字,孔子字
漢文先生,漢文老師
漢斯美術館,法國漢斯美術館
漢藥,中藥
漢賊毋兩立,漢賊不兩立
漢越混合講,漢越混合說
漢醫,中醫
漦液,精液
漦濞,囉嗦
漦濞,無中生有
漦濞就毋知,年幼無知
漫上毋漫下,漫上不漫下
漫誕毋稽,漫誕不稽
漬水,吸水
漬漬灂灂,水多互激
漬燥來,把水份吸乾
漬紅,很鮮紅
漯,掉落
漯,沉入
漲流,漲潮
漸漸,漸漸的
漸漸仔,漸漸地
漸漸仔,漸漸的
漸漸仔,逐漸
漿草頭,南洋山蘇
漿衫褲,漿衣服
潑水,灑水
潑汗,大量發汗
潑血,大量出血
潑血,血崩
潑講,潑說
潗出,滿出
潘金蓮个竹竿,潘金蓮的竹竿
潤喉,滋潤喉嚨
潤潤,濕潤
潤轉來,斡旋過來
潦潦,溼透
潦草,粗糙
潭尾項,潭尾端
潭窟,水潭
潭頭項,潭最前端
潮皮㕸𨒇,皮膚鬆跨
潰毋成軍,潰不成軍
澀剌剌个,澀剌剌的
澀鋸鋸,不甘滑
澇潰,漏氣
澎沛,豐富
澎沛,豐盛
激激顫,直發抖
濃薯,竹芋
濕搓沖捧捽,濕搓沖捧擦
濕溚溚仔,溼漉漉的
濛昧毋清,濛昧不清
濛沙煙,霧
濛煙,霧
濛紗煙,霧氣
濞,鼻涕
濞水濫泔,鼻水很多
濞流毋知擤,流了鼻涕也不知擦
濞流流仔,鼻涕流不停
濞流濞串,流鼻涕
濞流濞竄,流鼻涕
濞著个,不夠堅牢
濟錢,以錢價抵換
濫仔,沼澤
濫仔,沼澤地
濫仔,溼地
濫仔,爛泥地
濫泥地,沼澤地
濫泥敷毋上壁,爛泥糊不上牆
濫泥糊毋上壁,爛泥糊不上牆
濫溝糜,爛泥巴
濫濫,泥巴稀爛
濫濫,泥濘不堪
濫糝,亂來
濫糝,胡來
濫糝,胡為亂來
濫食濫用,濫吃濫用
濫𣼎𣼎仔,滿是泥濘
瀉人面皮,丟人的臉
瀉衰人,使人蒙羞
瀉走,快速逃離
瀉走,溜走
瀝水,疏通水流
瀝淨淨,排盡
瀝淨淨,舀盡
瀝青,發綠
灂灂,多水泥濘
灑水,加一點水
火,燈
火光光,燈火通明
火吹筒,吹火筒
火唇,火邊
火囪,烘煖籃
火大,非常生氣
火屎,火花
火屎,餘燼
火屎燦天,火花迸裂四射
火屎𤊶天,很生氣
火帶子,呂宋莢蒾
火心,焰心
火性,急躁
火性,暴躁
火性,焦躁
火星,火花
火歕烏,火吹息
火毋登,火不登
火毋騰,火不騰
火氣,怒氣
火油,花生油
火灰,灰燼
火炎炎仔,非常炎熱
火炭,木炭
火炭樹,土密樹
火炭烏,土密樹
火焰蟲,山窗螢
火焰蟲,螢火蟲
火煙,炊煙
火煙𠖄天,雲煙彌漫滿天
火燂煤,煤灰
火燒到褲襠底,火燒屁股
火燒到褲襠底,火燒眉毛
火燒天,火很大
火燒屋,失火
火燒屋,火災
火燒山,森林火災
火燒島,綠島
火磚,紅磚
火缽仔,火爐
火船,汽輪
火著,憤怒
火著,生氣
火著,發怒
火著,發火
火路,隔火區
火車嫲,火車頭
火車路,鐵路
火車頂,火車上
火車頭,火車站
火遰仔,呂宋莢蒾
火鉗,鉗子
火鉗,鐵鉗
火鑊,火鍋
火𥍉蟲,螢火蟲
灰心冷意,心灰意冷
灰斑飛食鳥,灰斑鶲
灰斑鳥,灰斑鴴
灰毋溜丟,灰不溜丟
灰水雉鳥,灰水薙鳥
灰牛屎鶺,灰鶺鴒
灰目圍笑畫眉,竹鳥
灰竳鳥,烏灰鶇
灰背唊啜鳥,噪林鳥
灰背海鵝,大黑脊鷗
灰背竳鳥,灰背赤腹鶇
灰腳田雞,灰腳秧雞
灰色鷽,灰鷽
灰袋啜鳥,灰鵜鶘
灰阿啾箭,灰卷尾
灰面鷂,國慶鳥
灰面鷂婆,灰面鷲
灰頦山椒鳥,灰喉山椒鳥
灰頭串針仔,灰頭鷦鶯
灰頭白尾鳥,赤胸鵐
灰頭麥雞,跳鴴
灰鶴仔,蒼鷺
灰鷂婆,灰澤鵟
灰林貓頭鳥,灰林鴞
灰林鴝,灰叢鴝
灶上个,灶上的
灶下,廚房
灶君爺,灶神
灶君生,灶神生日
灶爐坑,灶坑
灶頭,灶
灶頭,爐灶
灶頭背打餔娘,無用武之地
灶頭鑊尾,廚房瑣事
灶頭項,灶邊上
炆炆,燉燉
炆爌肉,燉紅燒肉
炆筍乾,煮筍乾
炆長年菜,煮芥菜
炆鹹菜,煮酸菜
炊炊仔,蒸一蒸
炊粄,蒸年糕
炊粄,蒸米糕
炊粄仔,蒸米糕
炊粄仔,蒸糕點
炊著,蒸到
炒卵,炒蛋
炒卵飯,蛋炒飯
炒肉,客家小炒
炒香,煸香
炕,烘
炙滾水,燒開水
炙肉,烤肉
炙茶,煮茶
炙藥仔,煎藥
炙酒,暖酒
炣炣啊,蒸一蒸
炭礦,煤礦
炭窯窟項,炭窯窟窿裡
炮仔樹,黃槿
為仁毋富,為仁不富
為佢,為他
為善毋欲人知,為善不欲人知
為富毋仁,為富不仁
為德毋卒,為德不卒
為惡毋悛,為惡不悛
為政毋在多言,為政不在多言
為期毋遠,為期不遠
為著,為了
為著子女食苦,為了子女吃苦
為非糝做,為非作歹
為麼个,為什麼
為𠊎,為我
烈,強烈
烈,旺盛
烈女毋嫁二夫,烈女不嫁二夫
烈女毋更二夫,烈女不更二夫
烈女毋更二夫，忠臣毋事二君,烈女不更二夫，忠臣不事二君
烏,黑
烏人,黑人
烏令旗,黑令旗
烏光劇,黑光劇
烏刻,黝黑
烏刻刻仔,黝黑
烏啜鷝,斑文鳥
烏啜鷝,紅嘴黑鵯
烏嘴海鵝,黑嘴鷗
烏嘴野鵝,鴻雁
烏嘴鷝,斑文鳥
烏墨,黑墨
烏天暗地,天昏地暗
烏子藤,三角葉西番蓮
烏尾塍鳥,黑尾鷸
烏尾海鵝,黑尾鷗
烏山雞仔,黑長尾雉
烏心肝,壞心腸的人
烏忒,熄滅
烏斑,雀斑
烏暗,黑暗
烏暗天,陰天
烏板樹,黑板樹
烏枕唊啜鳥,北椋鳥
烏枕燕海鵝,蒼燕鷗
烏枕王鳥,黑枕藍鶲
烏枝葉,黑衍生之事
烏柢,臺灣烏心石
烏柢仔,臺灣烏心石
烏棗,黑棗
烏檀,臺灣烏心石
烏毋三，白毋四,烏不三，白不四
烏水溝,黑水溝
烏湢湢鳥,煤山雀
烏溚溚,黑搭搭
烏溚溚,黑漆漆
烏灰飛食鳥,鮮卑鶲
烏烏,烏漆墨黑
烏烏,黑黑
烏烏,黑黑的
烏烙,暗沉
烏煙,黑煙
烏燕海鵝,烏領燕鷗
烏狗,黑狗
烏狗仔,黑狗
烏狗病,黑狗病
烏狗精,黑狗精
烏狗血,黑狗血
烏狗食啉，白狗當災,烏狗吃食，白狗當災
烏王,黑王
烏疏滴溚,烏漆抹黑
烏疏疏,很黑
烏疏疏,烏漆麻黑
烏疏疏,髒兮兮
烏疏疏,黑漆漆
烏疏疏仔,烏漆麻黑
烏疏疏仔,黑呼呼的
烏疏疏仔,黑漆漆的
烏白,亂來
烏白,胡來
烏白,黑白
烏眉坑莊頭,烏眉坑庄頭
烏眉細畫眉,頭烏線
烏石頭,黑石頭
烏竳鳥,黑鶇
烏糖,紅糖
烏糖,黑糖
烏糯米,黑糯米
烏翼唊啜鳥,黑翅椋鳥
烏翼山椒鳥,黑翅山椒鳥
烏肉,黝黑
烏肚濫泥鳥,濱鷸
烏腳千腳鳥,東方環頸鴴
烏腳船鳥,黑腳信天翁
烏膣癩乾,烏黑乾癟
烏色,黑色
烏葉仔,烏葉竹
烏蟻仔,黑色大型螞蟻
烏蟻公,黑螞蟻
烏蠅,蒼蠅
烏蠅,蠅
烏蠅屎,雀斑
烏蠅屎面,雀斑臉
烏蠅拑烏蠅啄,蠅飛蛆附
烏蠅搭仔,蒼蠅拍
烏衫,黑衣
烏豆,黑豆
烏豆仔,黑豆
烏豆酒,黑豆酒
烏送子鳥,黑鸛
烏都仔,龍葵
烏都子,龍葵
烏野鵝,黑雁
烏金,烏黑發亮
烏金,黑得發亮
烏金烏金,黑得發亮
烏金金仔,黑黝黝的
烏鈕仔,龍葵
烏鈕草,龍葵
烏陰,陰
烏陰,陰暗
烏陰,陰陰的
烏陰天,陰天
烏雲母,黑雲母
烏青,瘀青
烏青,黑青
烏青紫嘔,瘀青發黑
烏面,黑面
烏面琵鷺,黑面琵鷺
烏面白尾鳥,黑臉鵐
烏面飯匙鵝,黑面琵鷺
烏面鶴,黑面琵鷺
烏頦ㄊ行鳥,黑喉潛鳥
烏頦青鵓鴣仔,小綠鳩
烏頦,黑喉鴝
烏頭毫,烏頭翁
烏頭沒淬鳥,黑頭翡翠
烏頭烏啜鷝,黑頭文鳥
烏頭白尾鳥,灰頭黑臉鵐
烏頭白,黑頭白
烏頸唊啜鳥,黑領椋鳥
烏頸湖鴨,黑頸鸊鷉
烏鬚燕海鵝,黑腹燕鷗
烏鬼,鸕鷀
烏鮪魚,黑鮪魚
烏鳳頭麻鶴仔,黑冠麻鷺
烏鴉仔,烏鴉
烏鴉胗,血藤
烏鷯,八哥
烏鷯仔,八哥
烏黴菌,黑黴菌
烏領沙燕仔,灰沙燕
烏林鴿,烏鳩
烏𪐞子,烏仔菜
烏𪐞子,烏子茄
烏𪐞子,苦葵
烏𪐞子,龍葵
烏𪐞紅,暗紅色
烏𪐞紅,深紅色
烏𪐞血,瘀血
烏𪐞𪐞,陰雨天氣
烘爐,風爐
烰,油炸
烰菜,油炸的菜餚
烰菜,油炸菜餚
烰雞肉,暑假
烰雞肉,炸雞
烳仔,鍋子
烳烳,煮煮
烳茶,煮茶
烳茶,煮開水
烳茶,燒開水沏茶
烳藥仔,煎藥
烳鏍,鍋子
焓燒,燙熱
焗,蒸餾
焗油,煉油
焗酒,蒸餾酒
焗酒,釀酒
焙,烘烤
焙,烘焙
焙火,烤火
焙熟,烤熟
焙茶,烘乾茶葉
焙衫機,烘衣機
焙衫褲,烘乾衣服
焚香,燒香
無,嗎
無,沒
無,沒有
無一定,不一定
無一毋備,無一不備
無一毋精,無一不精
無下落,不了了之
無下落,不可靠
無下落,漫不經心
無中,沒中
無主無意,沒主張
無主無意,沒主見
無乖,不乖
無了日,沒完沒了
無了解,不明白
無了解,沒有懂
無事,沒事
無事毋登三寶殿,無事不登三寶殿
無人,沒人
無人做,沒人做
無人在,沒人在
無人愛,沒人要
無人應話,沒有人頂嘴
無人承受,沒教養
無人知,沒人知
無人知,沒人知道
無人識,沒人認識
無人識,沒有人認識
無份,沒份
無企無坐,沒企沒坐
無伴,沒伴
無伴,沒有伴
無伴,沒有同伴
無位,沒位
無位,無處
無佗,沒在
無來,沒來
無來往,沒來往
無來往,沒有交道
無來往,絕交
無例外,不例外
無依無偎,無依無靠
無信毋立,無信不立
無借無問,沒有打招呼
無偎無凴,無依無靠
無停,沒停
無停動,不動
無停動,靜止
無像,不像
無像人,不像人樣
無像人,不像話
無價值,沒意義
無價值,無意義
無全,沒全
無共樣,不一
無共樣,不一樣
無共樣,不同
無出來,沒出來
無分差,分毫不差
無分黨派,沒有分黨派
無到,不到
無剁,沒剁
無割,沒割
無功毋受祿,無功不受祿
無半,沒半
無半屑,一點都不剩
無半屑,什麼都沒有
無半息,一無所有
無半息,什麼都沒有
無半樣,一無所知
無半樣,一無是處
無半樣,無能
無半項,一無所知
無半項,一無是處
無半項,無能
無半點,一點都沒有
無厥,無他
無去,沒去
無受教,不受教
無可毋可,無可不可
無可無毋可,無可無不可
無可能,不可能
無名細卒,無名小卒
無味無腥,沒什麼味道
無味緒,沒味道
無味緒,沒趣
無命,沒命
無命,糟糕
無命好食番薯湯,連命都會沒有
無哪,無處
無哪尋,無處尋
無問題,沒問題
無問題,沒有問題
無噭,沒哭
無在,不在
無在,死亡
無在了,不在了
無在了,去世了
無在撇,不在了
無在撇,去世了
無在撇,逝世了
無堅毋摧,無堅不摧
無堵好,不小心
無堵好,不巧
無堵好,真不巧
無墩,沒墩
無大無細,不懂規矩
無大無細,沒大沒小
無大無細,目無尊長
無天理,沒天理
無奇毋有,無奇不有
無奈何,不得不
無奈何,不得已
無奈何,無可奈何
無奈何,無奈的
無奈𠊎何,無奈我何
無好,不好
無好,不愛
無好睡,不好睡
無好睡,不愛睡
無好買,不愛買
無好買,沒得買
無好食,不好吃
無好食,沒有好吃的
無妥當,不妥
無妥當,不妥當
無妹古,沒妹故事
無婆無卵,單身漢
無婆無卵,無妻無子
無嫁人,沒嫁人
無嫌,不嫌
無嫌,不嫌棄
無嫌棄,不嫌棄
無字,沒字
無安無樂,心神不寧
無完全變態,不完全變態
無定,不一定
無定,也許
無定,說不定
無定無著,無法拿定主意
無定無著,猶豫不決
無定無著,舉棋不定
無定著,不一定
無定著,搞不好
無定著,說不定
無家無竇,沒住所
無家無竇,沒家眷
無家無竇,沒有任何的家眷
無家無竇,無家可住
無密,沒緊密
無就,不然就
無就,不然的話
無屎另出腸,打腫臉充胖子
無屎另出腸,死要面子
無巧毋成書,無巧不成書
無巧毋成話,無巧不成話
無差,不差
無差,沒差
無差,沒差別
無差,沒有差別
無差,沒錯
無已當樑,沒已承當
無帶,沒攜帶
無帶著,沒有帶到
無干係,沒關係
無平,不平
無平,不平坦
無平安,不平安
無幽毋燭,無幽不燭
無幾,沒幾
無幾久,不久
無幾久,沒多久
無幾久仔,沒多久
無幾多,不多
無幾多,沒多少
無幾遠,不遠
無幾遠,沒多遠
無幾長,不長
無幾長,沒多長
無底坑,無底洞
無底景,跑旱船
無廊無底,沒廊沒底
無引擎,沒引擎
無影,不實
無影,不真實
無影,假的
無影,沒有
無影,沒這回事
無影無跡,不實謊言
無影無跡,無中生有
無影無跡,無影無蹤
無影無跡,無憑無據
無往毋利,無往不利
無得,沒得
無得結煞,沒辦法
無徵毋信,無徵不信
無心肝,善忘
無忒,沒了
無忒,消失
無忒去,不在了
無忒去,去世了
無忒去,沒了
無忒去,逝世了
無怕,沒怕
無恁,沒這麼
無恁,沒那麼
無恁該,沒這麼容易
無恁該,沒那麼容易
無惜,沒疼愛
無惡毋作,無惡不作
無想,沒想
無想著,沒想到
無想過,沒想過
無愁,不愁
無意中,沒意中
無意思,不夠意思
無意思,沒意思
無愛,不要
無愛再過,不再
無愛同你講,不告訴你
無應該,不應該
無應該,不該
無成,難道
無成係,難道是
無所毋作,無所不作
無所毋包,無所不包
無所毋及,無所不及
無所毋在,無所不在
無所毋容,無所不容
無所毋曉,無所不曉
無所毋有,無所不有
無所毋為,無所不為
無所毋用其極,無所不用其極
無所毋知,無所不知
無所毋能,無所不能
無所毋至,無所不至
無所毋通,無所不通
無扇葉電扇,無扇葉電風扇
無才調,沒本事
無才調,沒能力
無打,沒打
無打緊,不打緊
無招,沒招
無採,枉費
無採,白費
無採,空費
無採工,白費力氣
無採工,白費功夫
無插,沒插
無插,沒理
無插,沒理會
無搭無碓,沒有意思
無搭無碓,沒有效果
無搭無碓,沒趣味
無搭無碓,無意義
無搭碓,沒意思
無搭碓,沒有意思
無搭碓,起不了作用
無撇,死亡
無撇,死掉
無撇,消失
無撇去,不在了
無撇去,去世了
無撇去,沒了
無撇去,逝世了
無擐著,沒拿到
無收,沒收
無放,不放
無效,沒效
無效,沒用
無救,沒救
無敢,莫非
無敢,難道
無斯,不然
無新無舊,不新不舊
無日無夜,不分晝夜
無時恬,不停
無時恬,不耐久候
無時無節,時機不對
無時閒,沒有空閒時間
無晝無暗,夜以繼日
無曉得,不懂得
無會,不然會
無核卵,沒勇氣
無核卵,沒睪丸
無根無據,憑空杜撰
無根無據,無憑無據
無根無據,空口無憑
無棄嫌,不嫌棄
無樹,沒樹
無欲就剛,無欲則剛
無款無僭,不成體統
無歡喜,不高興
無正常,不正常
無歸,沒回來
無歸,沒回家
無歸,沒有回家
無歸,無回
無死,不死
無死,沒死
無毋,無不
無毋知,沒有不知道
無毋著,沒有錯
無毋著,沒錯
無毒毋丈夫,無毒不丈夫
無比,沒有比
無比止,沒什麼可比
無比止,沒什麼可比的
無比止,無可比
無氣無脈,沒有精神
無氣無脈,無精打采
無油水,沒有利益
無油水,沒油水
無油無臘,沒有油
無法,沒有辦法
無法就,沒法就
無法度,沒法子
無法度,沒能
無法度,沒辦法
無法度,無法
無法度取代,無可取代
無法度𢯭手,無法幫忙
無注意,疏忽
無注意著,忽略
無消息,沒消息
無消無息,音訊全無
無準,沒準
無滾,沒滾
無漦無濞,什麼也沒有
無爭,沒差
無爺無哀,無父無母
無牙根,沒魄力
無牙無碓,沒牙沒轓車
無王無法,無法無天
無用,沒有用
無用,沒用
無用,無能
無畀,沒給他
無留,沒留
無留存,沒留存
無當,不太
無當,沒有很
無盡,不太
無盡了解,不太了解
無目,沒眼
無目水,沒眼光
無相同,不一樣
無相同,不相同
無相干,不相關
無相干,不要緊
無相干,沒關係
無相干,無妨
無相干,無關
無看,沒看
無看著,沒看到
無福氣,沒有福氣
無福氣,沒福
無空無錑,空穴來風
無算,不算
無算,沒算
無管,不管
無管,沒管
無簡單,不簡單
無米煮,斷炊
無米煮,沒米可煮
無細義,不小心
無結子,不結果實
無結無煞,不知如何是好
無結無煞,實在沒辦法
無結無煞,無可奈何
無結煞,無可奈何
無結煞,要命
無經一擺寒入骨，哪得梅花衝鼻香。,不經一番寒徹骨，哪得梅花撲鼻香。
無經過,未經
無綿,沒爛
無線電,無線電波
無緪無落,漫不經心
無罅,不夠
無罅,不足
無老,沒大
無聲無氣,不吭不響
無聲無氣,不吭氣
無聽,沒聽
無聽著,沒聽到
無聽話,不聽話
無聽話,沒聽話
無聽過,沒聽過
無胃口,食慾不振
無腳,沒腳
無膽,膽小
無花,沒花
無落水,沒下雨
無落無著,沒著落
無著,沒穿
無藥,沒藥
無處毋在,無處不在
無行,沒走
無行上,沒有走上
無袖仔,無袖衫
無要無緊,無所謂
無要緊,不要緊
無要緊,沒關係
無見奇,不怎麼好
無見面,沒見面
無規矩,沒規矩
無親無戚,沒有親人
無言毋讎，無德毋報,無言不讎，無德不報
無討,沒娶
無討,沒討
無話,沒話
無話可講,無話可說
無話好講,沒話好說
無話毋談,無話不談
無話講,沒話說
無論,不論
無謊毋成媒,無謊不成媒
無謊毋成狀,無謊不成狀
無講,不說
無講,並非
無講,實在不是
無講,沒有說
無講,沒說
無講話,沒說話
無識,不懂
無識,不曾
無識,不認得
無變,未變
無變,沒變
無賣忒,沒賣完
無贏無輸,平手
無走種,血統純正
無赴著,錯過
無赴著,錯過了
無跌忒,沒掉
無跡,沒有痕跡
無路,沒路
無路用,無能
無蹤無影,無影無蹤
無輸無贏,沒輸沒贏
無輸無贏,沒輸贏
無轉,沒回來
無轉,沒回家
無轉,沒有回家
無轉,沒轉動
無轉屋,沒回家
無辦,沒辦
無辦法,沒辦法
無連事故,無緣無故
無運行,沒運走
無運行个,不運走的
無過好,沒過愛
無道,沒意思
無道,沒道理
無道,無聊
無道理,沒道理
無針毋引線,無針不引線
無錢,沒錢
無錢使,沒錢用
無長,沒剩
無長,沒剩餘
無長,沒多
無開,沒開
無開花,沒開花
無閒,忙碌
無閒,忙著
無閒,沒空
無閒時節,忙碌的時候
無閒洎杈,忙碌不堪
無閒洎杈,非常忙碌
無閒直掣,忙得不可開交
無閒直掣,沒時間休息
無關係,沒關係
無關係,無妨
無降,沒生
無降,沒降
無限細數,無限小數
無需要,不需要
無面勢,沒面子
無面無皮,不知羞愧恥辱
無面無皮,不要臉
無面無皮,不講情面
無面無皮,無恥
無項,沒項
無領仔,無領
無頭無䌈,沒頭緒
無頭無腦,沒頭沒腦
無頭無腦,頭腦簡單
無頭神,健忘
無頭神,沒有頭腦
無頭路,失業
無頭路,沒工作
無額,不夠
無額,分量不足
無願意,不願意
無風毋起浪,無風不起浪
無食,沒吃
無餳,不吸引
無驚,不害怕
無驚,不懼
無鬥搭,意見不合
無鬼怨灶神,怨天尤人
無鬼請覡公,耍噱頭
無魂無影,無影無蹤
無鳥,孬種
無麼个,不太
無麼个,不怎麼
無麼个,沒什麼
無鞋,無跟鞋
無𠊎,無我
焦孟毋離,焦孟不離
焦殼樹,九重吹
焿,鹼水
焿粉,鹼粉
焿粽,鹼粽
煎卵,煎蛋
煎煎,哄哄
煎煎,熾盛
煎粄仔,煎米糕
煖水,把水加熱
煙囪出火,事後表態
煙囪笐,煙囪管
煙塵,霾
煙涵,煙囪
煙筒,煙斗
煙筒,長煙斗
煙腸,香腸
煙腸樹,阿勃勒
煙薰个佛像掛牆上,煙薰的佛像掛牆上
煙袋仔,煙袋子
煙願,煙癮
煙𠖄𠖄仔,濃煙漫布
煞,完畢
煞,果決
煞,結束
煞了撇,註銷掉
煞尾,尾聲
煞手,果決
煞撇,消失
煞撇,結束
煞棚,劇終
煞棚,散會
煞死,沖煞而死
煞煞,下定決心
煞煞,儘速地
煞煞,積極的
煞煞,趕快
煞煞仔,儘速
煞煞仔,儘速地
煞煞仔,賣力的
煞煞走,快快跑
煞煞食,趕快吃
煞猛,努力
煞猛,勤奮
煞猛,賣力
煞猛做事,努力工作
煞猛學習,努力學習
煞猛賺錢,努力賺錢
煞臺,散場
煞著,沖煞
煞著,犯煞
煠,以水燙煮
煠卵,水煮蛋
煠好,燙好
煠水餃,煮水餃
煠菜,水煮青菜
照,按照
照到,照得
照得天著,看天氣穿
照時食藥仔,按時服藥
照毋著,照不到
照照,照一照
照等,照著
照藥,烏面馬
照講,照說
照輪,按照順序
照輪,照順序
照輪,輪流
照顧貧苦鄉親个醫療,照顧貧苦鄉親的醫療
煨番薯,燜烤地瓜
煨番薯,燜烤番薯
煨蕃薯,烤蕃薯
煩勞,勞煩
煩勞,擔心
煩勞,麻煩
煩勞,麻煩勞心
煮一鑊飯,煮一鍋飯
煮兜,煮些
煮兜,煮點
煮到恁醹,煮到這麼醹
煮好去,煮好來
煮好好,煮好
煮好食,煮得好吃
煮滾,煮沸
煮熟个鴨子飛了,煮熟的鴨子飛了
煮糜,煮稀飯
煮茶,燒茶
煮菜,做菜
煮著,煮了
煮著,煮到
煮食,烹煮食物
煮食,烹飪
煮飯,做飯
煮飯,燒飯
煮飯个,煮飯的
煮飯个,燒飯的
煲,熬煮
煲,緩火慢煮
煲綿綿,熬煮軟爛
熇燥,烘乾
熇燥,烤乾
熇燥乾,烤成乾
熇蝦公,烤蝦
熝,燙
熝傷,灼傷
熝傷,燙傷
熝出,燙出
熝去,燙去
熝喉山,燙喉山
熝手,燙手
熝死,燙死
熝死忒,燙死掉
熝湯粢,把糯米漿濾乾
熝著,燙到
熟,鬧水災
熟个技術,成熟的技術
熟事,熟悉
熟事,熟識
熟事人,熟人
熟水,完全成熟
熟熟,很熟悉
熟絡,熟悉
熟絡,熟練
熟識,熟悉
熟讀王叔和，毋如臨症多,熟讀王叔和，不如臨症多
熟面,面熟
熟面熟面,很面善
熟面熟面,很面熟
熠熠燁燁,火光閃爍
熨平,整燙
熨熨仔,整燙
熬更守夜,熬夜
熬毋住,熬不住
熬毋過,熬不過
熰垃圾,焚燒垃圾
熰忒,燒掉
熰火,焚燒
熱到會死,熱的要命
熱到緊出汗,中暑一直流汗
熱天,夏天
熱天,夏季
熱天大三角,夏季大三角
熱天當熱，著短袖仔就做得吔,夏天很熱，穿短袖就可以了
熱熱燁燁,炎熱
熱燁燁,天氣炎熱
熱燁燁,炎熱
熱痱仔,小紅疹
熱痱仔,痱子
熱痱仔草,石薺寧
熱痱仔草,石薺薴
熱痱草,石薺寧
熱痱草,石薺薴
熱著,中暑
熱誠,熱忱
熱電,熱燙
熱𤐰𤐰,天氣非常炎熱
熱𤐰𤐰,非常炎熱
熱𤐰𤐰仔,熱烘烘的
熱𤐰𤐰仔,非常炎熱
熻人,激使他人
熻熻,悶熱
熻菜,燜菜
燈對,很相配
燈座,燈泡座
燈弇,燈罩
燈心,燈芯
燈心毋使試火,燈心不必試火
燈盞,油燈
燈盞,煤油燈
燈盞火,油燈
燈盞火,燈火
燈盞花,臺灣油點草
燈籠草,毛酸漿
燈籠草,苦蘵
燈籠草,落地生根
燈臺,燈塔
燈臺毋照自己,燈臺不照自己
燈臺毋自照,燈臺不自照
燈芯,燈絲
燈草,燈心
燈草,燈心草
燉下,燉下方
燉著,燉到
燉補,燉煮
燒,燃燒
燒,燙
燒去,燒掉
燒壞話,說人長短
燒忒,燒完
燒忒,燒掉
燒撇,燒掉
燒撇去,燒掉
燒暖,天候溫暖
燒暖,暖和
燒暖,溫暖
燒樵,燒柴
燒死死,燒死
燒氣發冷氣,樂極生悲
燒水,將水加熱
燒水,熱水
燒淨淨,燒光光
燒湯,熱湯
燒火,升火
燒火,生火
燒炭仔,燃製木炭
燒炭仔,燒炭
燒熝熝,很熱
燒熝熝,很燙
燒熝熝,熱呼呼
燒熝熝,燙滾滾
燒熝熝仔,很燙
燒燒,暖暖的
燒燒,熱熱
燒燒仔,熱熱的
燒盎仔,燒瓶
燒紅紅,燒紅
燒著,燒到
燒著,點火燃燒
燒話,打小報告
燒酒,熱酒
燒金,燃燒金箔紙
燒金,燒金紙
燒銀紙,燒紙錢
燒電,熱燙
燒風,焚風
燒香,上香
燕仔,燕子
燕入厥家,燕入他家
燕尾峎,燕尾脊
燕尾砂鳥,燕鴴
燕竇,燕窩
營肚項,營裡頭
營養足腦就好,營養夠頭腦就好
燥,乾涸
燥,乾燥
燥壓法,乾燥壓平法
燥尾喇,青竹絲
燥尾𤊶,赤尾青竹絲
燥忒,乾掉
燥忒,枯萎
燥捽法,乾擦法
燥死,乾死
燥毋搭个,燥不搭的
燥水,乾燥無水
燥燥,乾枯
燥絲絲,非常乾燥
燥絲絲仔,缺少水分
燥電池,乾電池
燥風,乾燥的風
燻蚊仔草,茵陳蒿
爆發力,瞬發力
爆破細組,爆破小組
爌肉,焢肉
爌肉,紅燒肉
爌肉味,紅燒肉汁
爐主,值年爐主
爛,破
爛布子,破布子
爛布樹,破布子
爛心木,黃連木
爛忒,爛掉
爛忒,破掉
爛忒去,破掉
爛撇,破掉
爛擐,破破爛爛
爛核,爛掉
爛毋濟,爛不濟
爛淨淨,破光光
爛爛,破破
爛爛,稀巴爛
爛爛兒个,爛爛兒的
爛爛擐擐,破爛不堪
爛爛擐擐,破破爛爛
爛爛擐擐,衣服破破爛爛
爛網打魚,破網打魚
爛膣爛擐,破爛不堪
爛膣爛擐,破破爛爛
爛衫,破衣
爪,抓
爪癢,抓癢
爪癢食屁卵,吃力不討好
爬,爬行
爬上跌落,不停地爬上爬下
爬上跌落,忙個不停
爬出爬入,爬進爬出
爬壁虎,地錦
爬山藤,三角葉西番蓮
爬山蹶壁,爬山攀崖
爬床扡蓆,極端痛苦
爭差,差別
爭差,異樣
爭差,相差
爭持毋下,爭持不下
爭生理,搶生意
爭田奪產,爭奪家產
爭著,爭到
爭鋒食醋,爭鋒吃醋
爭風食醋,爭風吃醋
父仇毋共戴天,父仇不共戴天
父毋償子債,父不償子債
父母在，毋遠遊,父母在，不遠遊
父母養𫣆細，𫣆養父母老,父母養我們小，我們養父母老
爺哀,父母
爺娘,父母
爽平,非常平坦
爽忒,損掉
爽快,舒適
爽本,糟蹋
爽本,耗資
爽豐,很懂得享受
牆頭,圍牆
片,邊
片刻毋停,片刻不停
片刻毋離,片刻不離
片善細才,片善小才
片甲毋回,片甲不回
片甲毋存,片甲不存
片甲毋留,片甲不留
牌仔,品牌
牌仔,商標
牌仔,執照
牌仔,牌子
牌仔,看板
牌仔,紙牌
牌匾,匾額
牙倉肉,牙齦
牙刺仔,牙籤
牙刺仔,牙繡仔
牙嘻嘻仔,露齒貌
牙射射,暴牙
牙射射,牙齒突出
牙射射仔,牙齒尖銳突出
牙尖齒利,伶牙俐齒
牙尖齒利,能言善道
牙搓仔,牙刷
牙根,擔當
牙狌狌,張嘴露牙
牙狌狌仔,牙齒顯露
牙研目皺,咬著牙根
牙研目皺,忍受痛苦
牙确仔,漱口杯
牙籤仔,牙籤
牙絲絲,牙齒微露
牙絲絲,笑嘻嘻
牙腳,牙根
牙腳浮浮,牙根浮浮的
牙西西仔,牙齒微露
牙露露仔,暴牙
牙顎矯正,齒顎矯正
牙黃,牙垢
牙黃,牙菌斑
牙齒咬合毋正,牙齒咬合不正
牙齒痛,牙痛
牙齦肉,牙齦
牙齦肉,齒齦
牙齦肉炎,牙齦炎
牛乳,牛奶
牛乳糖,牛奶糖
牛仔,牛
牛仔衫,牛仔衣
牛倒草,牛反芻
牛刮仔,牛販
牛奶仔,牛乳榕
牛嫲,母牛
牛嬤,母牛
牛家官,牛公公
牛尾背,牛尾背帶
牛尾鋸,鋸子
牛屎朏,牛屁股
牛屎色,牛糞色
牛屎艾,匙葉鼠麴草
牛屎菊,異莖闊苞菊
牛屎貼仔,鴨舌帽
牛屎鶺,鶺鳥
牛屎鶺,鶺鴒
牛形,像牛一樣
牛拖車載,車載斗量
牛搵浴,牛在水裡泡澡
牛核卵,人心果
牛核卵,石月
牛欄精,牛圈的門閂
牛欄間項,牛欄裡
牛欄間項,牛欄裡面
牛毋喝水強按頭,牛不喝水強按頭
牛牯,公牛
牛牯,牛公
牛牯仔,成長中之公牛
牛牯家,牛公牛家
牛牯竻,魯花樹
牛牸仔,小母牛
牛牸仔,成長中之母牛
牛百葉,牛肚
牛相鬥,牛互相爭鬥
牛相鬥,牛相拼合
牛眼,喬木果名
牛眼,龍眼
牛眼核,龍眼核
牛眼樹,龍眼樹
牛筋愛在背囊抽,牛筋要在牛背上抽
牛筋牛背抽,羊毛出在羊身上
牛糞,牛糞便
牛細排,牛小排
牛老車過,東西老舊
牛肚,牛的蜂巢胃
牛背囊頂,牛背上
牛背囊頂項,牛背上
牛腸馬肚,很會吃
牛膣馬面,凶惡不堪
牛膣馬面,厚臉皮不知恥
牛角毋尖毋過村,牛角不尖就不外出
牛角項,牛角上
牛販仔,牛販
牛跈馬走,自不量力
牛車崎,牛車坡
牛陣,牛群
牛面,頑皮的
牛頓草,牛筋草
牛頭,頑皮鬼
牛頭頂項,牛頭上
物品人公仔,物品偶
物極就反,物極則反
物極就衰,物極則衰
物毋平就鳴,物不平則鳴
物盛就衰,物盛則衰
物至就反,物至則反
物質毋滅律,物質不滅律
物𠊎無間,物我無間
牲儀,牲品
牲儀,牲禮
牲儀,祭品
牲儀,祭祀牲禮
牲禮,牲品
特別,特殊
特別,非常
特尾,最後
牽尾,牽尾音
牽成,升用
牽成,拔擢
牽成,提拔
牽成,提攜
牽手,手和手相牽
牽手牽腳,手牽手
牽承,拉拔
牽本,撈本
牽歇,牽完
牽牛入甕,不可能的事
牽牛花,槭葉牽牛
牽猴仔,拉皮條
牽等,挽著
牽等,牽著
牽粉仔,芶芡
牽絲,吐絲
牽絲,拔絲
牽線,拉線
牽聲,拉長聲音
牽聲,拉長語調
牽著,牽到
牽覺,打鼾
牽覺,沉睡
牽覺,熟睡打呼
牽車仔,牽回車子
牽車仔,牽車子
牽頭帶腦,領先帶頭
牽鬚,植物的莖
牽魚網,牽罟
犁壁竻,扛板歸
犁壁藤,扛板歸
犁忒,犁完
犁犁仔,低低的
犁犁仔,低垂
犁田,將土翻鬆
犁頭剷,跌跤時
犁頭草,扛板歸
犖犖仔,很稀疏
犖犖确确,破舊
犖犖确确,破舊鬆脫
犬毋夜吠,犬不夜吠
犯个上,犯的上
犯天下之毋韙,犯天下之不韙
犯毋上,犯不上
犯毋係,犯不是
犯毋著,犯不著
犯病个毋食，犯法个毋做,犯病的不吃，犯法的不做
犯而毋校,犯而不校
犯著,侵擾
犯著,冒犯
犯著,得罪
犯著,衝撞
犯著,觸犯
犯過錯,犯錯
狀元,榜首
狀元郎,榜首
狀元郎,狀元
狂漦狂漦,動作急躁
狂狂,不經思考
狂狂,瘋狂
狂狂,莽撞
狐狸分,狐狸給
狐狸核,獼猴桃
狐狸花貓,誇大其實
狐狸莫笑貓,半斤八兩
狐疑毋決,狐疑不決
狐癖,狐臭
狗仔,狗
狗仔,狗狗
狗公,公狗
狗口裡吐毋出象牙,狗口裡吐不出象牙
狗吠,狗叫
狗嘴裡吐毋出象牙,狗嘴裡吐不出象牙
狗嫲,母狗
狗嫲蛇,蜥蜴
狗屁毋通,狗屁不通
狗彘毋如,狗彘不如
狗彘毋若,狗彘不若
狗彘毋食,狗彘不食
狗打哦歌嘴,狗咬蒼蠅
狗打屁,沒有價值的話
狗挷犁,狗拉犁
狗改毋了食屎,狗改不了吃屎
狗核卵,長序木通
狗條仔,半大不小的狗
狗歕笐,狗做狼嚎
狗牯,公狗
狗牯仔,小公狗
狗竇,狗窩
狗腹个,狗腹的
狗蛄琢,蝦虎
狗蝨,跳蚤
狗貼耳,臭腥草
狗食屎,狗吃屎
狗食熱屎,狗吃熱屎
狗骨仔,七里香
狗鮕魠,極樂吻?虎
狗點米,蕺菜
狠狠个,狠狠的
狡怪,不合群
狡怪,作怪
狡怪,和人作對
狡怪,搞怪
狡怪,頑皮
狡猾,奸險多詐
狹,狹窄
狹之狹極,很狹窄
狹狹,不寬闊
狹狹,很窄
狹狹,狹窄
狹狹,窄小
狹細,狹小
狹膣狹極,極狹窄
狹蹶蹶,狹窄
狺狺滾,狗連吠聲
狼里狼攋,物品沒有收拾
狼離狼犁,凌亂不堪
狼食幞頭,狼吃幞頭
猛个,猛的
猛个勁,猛個勁
猛毋防,猛不防
猛火,火勢猛烈
猛猛,猛烈
猝毋及防,猝不及防
猩猩嫲,母猩猩
猩猩能言毋離禽獸,猩猩能言不離禽獸
猩紅揚尾仔,猩紅蜻蜓
猴仔,猴子
猴仔當精,猴子很精明
猴哥,傢伙
猴哥,猴子
猴哥仔,猴子
猴嫲,小母猴
猴嫲,母猴
猴子,小猴子
猴子似个,猴子似的
猴牯,公猴
猴牯,小公猴
猴面,猴樣
猴面,猴臉
猴頭老鼠耳,獐頭鼠目
猶係,猶是
猶猶不決,猶豫不決
獃獃个,獃獃的
獅仔,獅子
獅仔座,獅子座
獨居,獨處
獨木毋成林,獨木不成林
獨木毋林,獨木不林
獨木船,獨木舟
獨樹毋成林,獨樹不成林
獨獨,僅僅
獨獨,只有
獨獨,單單
獨立毋群,獨立不群
獨自个,獨自個
獨行其係,獨行其是
獨門生理,獨家生意
獨陽就毋長,獨陽則不長
獨食自痾,獨吃自痾
獲益毋淺,獲益不淺
獵狗,獵犬
玄玄風,忽然之間
玄玄風,突如其來的
玄玄風,突然
玉墜仔,玉墜子
玉毋掩光，珠毋掩輝,玉不掩光，珠不掩輝
玉毋琢，毋成器,玉不琢，不成器
玉石毋分,玉石不分
玉竹,萎蕤
王爺府脣,王爺府旁
王爺府脣,王爺府旁邊
王爺府脣,王爺府邊
玩其磧礫，毋窺玉淵,玩其磧礫，不窺玉淵
玩毋得个,玩不得的
玩毋轉,玩不轉
玩癲,玩瘋
玩陰个,玩陰的
玫瑰,玫瑰花
玲琅仔,鈴鐺
玻璃棍,玻璃棒
玻璃珠,彈珠
玻璃盎,玻璃罐
玻璃細鞋,玻璃小鞋
玻璃菜,甘藍
玻璃菜,高麗菜
玻璃菜乾,高麗菜乾
珍珠枋,珍珠板
珍珠草,疣果葉下珠
珠仔,珠子
珠仔草,疣果葉下珠
班,班級
班項,班上
現下,此時
現下,現今
現下,現在
現下,當前
現下,目前
現代,摩登
現出來,呈現出來
現出來,顯現出來
現大耳,出洋相
現撿,現拿
現撿,現挑
現炒現賣,現學現賣
現炒現賣,現買現賣
現現,無遮掩
現現,顯露
現蹄羊,呈現蹄羊
現錢,現金
現餐,呈現餐
現鼻烏鴉,禿鼻鴉
球仔,球
球拍仔,球拍
球杓仔,球拍
球棍仔,球桿
球球,彎曲卷縮
理家,持家
理家,料理家務
理所毋容,理所不容
理毋勝辭,理不勝辭
理毋忘亂,理不忘亂
理毋直氣毋壯,理不直氣不壯
理解,意識
琉球島,琉球嶼
琢琢仔,按部就班地
琴瑟毋調,琴瑟不調
瑜毋掩瑕,瑜不掩瑕
瑞香花,白花瑞香
瑣費,零用錢
環太平洋地動帶,環太平洋地震帶
環毋轉,周轉不靈
環淨淨,繞光光
環環轉,團團轉
環環轉,轉個不停
環頸千腳鳥,環頸鴴
瓜仔,瓜果
瓜刨仔,刨刀
瓜田毋納履，李下毋整冠,瓜田不納履，李下不整冠
瓜鬼,個性孤癖
瓠乾,瓠瓜乾
瓠仔,瓠瓜
瓠仔,葫蘆
瓠杓,勺子
瓠杓,杓子
瓠杓,瓠瓜杓子
瓠杓,瓠瓢
瓦屋,瓦房
瓦斯,天然氣
瓦斯,液化石油氣
瓦斯,煤氣
瓦析,碎瓦片
瓦析仔,瓦片
瓦楞紙枋,瓦楞紙板
瓦窯,窯子
瓦窯肚,窯子裡
瓦罐毋離井上破,瓦罐不離井上破
甘甘,味甘
甘甘,甘甜
甘糖,糖果
甘羅講趙王,甘羅說趙王
甘蔗園脣方,甘蔗園旁邊
甘蔗園脣項,甘蔗園旁邊
甘露,雨露
甘願,寧願
甘願,心甘情願
甘願,稱心
甚个,甚的
甜椒,青椒
甜滋滋,甜甜的
甜漬漬仔,甜甜的
甜粄,年糕
甜粄,甜年糕
甜粄色,淡褐色
甜粄色,褐色
甜粥,甜稀飯
甜糖,喜糖
甜菜,珍珠菜
生,未煮熟的
生个,活的
生份,生疏
生份,陌生
生份人,陌生人
生份字,生字
生來已,長得很
生係,生是
生公講法，頑石點頭,生公說法，頑石點頭
生出,長出
生到,長得
生卵,生蛋
生卵,產卵
生卵雞,生蛋雞
生在,長在
生埋,活埋
生塵打灰,布滿塵垢
生好,長好
生存,存活
生存,活著
生存下去,活下去
生尾个,長尾巴的
生意毋成仁義在,生意不成仁義在
生成,天生
生成,自然長成
生成个,天生成的
生手,新手
生死毋渝,生死不渝
生死毋負,生死不負
生毋如死,生不如死
生毋帶來，死毋帶去,生不帶來，死不帶去
生毋遇時,生不遇時
生毛,長出毛
生毛,長毛
生毛泡,羽萼懸鉤子
生活,靈活
生溜苔,生青苔
生溜苔,長出青苔
生牙,長牙
生牙齒,長牙齒
生牛牯,生公牛
生物技術與製藥工業發展推動細組,生物技術與製藥工業發展推動小組
生理,生意
生理人,商人
生理人,生意人
生理食鹽水,食鹽水
生生,不熟的
生生,未煮熟的
生生,生生的
生生毋已,生生不已
生生毋息,生生不息
生番,沒教養的人
生番,野人
生疏,不熟悉
生筍,發芽
生細,生小
生腸,豬卵巢
生腸,輸卵管
生芽,發芽
生菇,發霉
生著,長得
生蟲,長蟲
生起來,長起來
生趣,新奇
生趣,有趣
生趣,稀奇
生趣又沙鼻,酷炫
生食,生吃
生食芋仔,生活困苦
生養,生養小孩
生鹵,生銹
生鹵,生鏽
生𠊎劬勞,生我劬勞
產婆,助產士
產婆會接生,產婆將要接生
產業種類,產業類別
產生,發生
產生,顯現
用,使用
用,利用
用之毋竭,用之不竭
用係,用是
用功,努力修習
用心聽,傾聽
用忒,用完
用忒,用掉
用志毋分,用志不分
用手㬹挲啊挲仔,用手掌輕輕撫摸
用扐,剖腹生產
用搓仔搓布鞋,用刷子刷布鞋
用撇,用完
用撇,用掉
用武,使用武力
用武,發揮才能
用毋得,不能用
用毋得,無法使用
用毋得,用不了
用毋得,用不得
用毋著,用不到
用毋著,用不著
用炸藥炸開來,使用炸藥炸開來
用畚斗抔地圾,使用畚斗抔地圾
用盡,用完
用箝籃,使用箝籃
用著,用到
用著,用對
用處,用途
用途,使用範圍
用過,使用過後
用錄音筆錄音,使用錄音筆錄音
用錢,使用金錢
用電器愛注意,使用電器要注意
田个,田的
田事,田裡的事
田佃,佃農
田園白尾鳥,田鵐
田坵,畦田
田塍,田埂
田契愛放好,田契要放好
田尾象鼻,田尾象聞
田崁下,田崁下面
田水,田中的水
田洋,田間
田肚,田裡
田肚項,田裡面
田脣,田邊
田脣草,田埂草
田莊,鄉下
田莊人,農人
田莊人,農民
田螺仔,田螺
田螺殼肚項,田螺殼裡
田螺殼肚項,田螺殼裡面
田螺殼肚項,田螺殼裡頭
田豆,蠶豆
田雞,秧雞
田項,田裡
田項,田間
田頭伯公,田邊土地公
田頭園尾,田園農事
田頭家,岳父
田頭家,田地的主人
田頭項,田頭上
田鼠當會掘窟,田鼠很會挖洞
由係,由是
由卡利,大葉桉
由在,任憑
由在,任憑去做
由在,任由
由在人,任由他人
由毋得,由不得
甲叉河莊頭,甲叉河庄頭
甲子,六十年
甲字難出頭,合作難出頭
甲零地,一甲多的地
男人大丈夫,男子漢大丈夫
男仔人,男人
男兒有淚毋輕彈,男兒有淚不輕彈
男女授受毋親,男女授受不親
男女毋親授,男女不親授
男家頭,男方
男家頭,男方親友
男毋男，女毋女,男不男，女不女
畀食,給他吃
界石,界碑
畏羞,怕羞
畏羞,畏縮
畏胲,吃膩了
畏葸毋前,畏葸不前
留䟘來,留起來
留中毋發,留中不發
留兜,留一些
留兜,留一點
留兜,留些
留兜,留點
留兜仔,留一些
留字條,留言條
留得青山在，毋怕沒柴燒,留得青山在，不怕沒柴燒
留念落來,留念下來
留著,留下
留連毋捨,留連不捨
畚箕突,千金藤
畜,畜養
畜,養
畜來畜去,養來養去
畜到,養到
畜大,養大
畜子,育幼
畜得起,養得起
畜性,畜養性
畜死忒,養死掉
畜毋大,養不大
畜生,牲畜
畜生,畜牲
畜生个,牲畜的
畜細人,養小孩
畜細人仔,養小孩
畜老鼠咬布袋,養老鼠咬布袋
畜肉,養肉
畜著,養到
畜衰人,養了會倒楣
畜豬仔,飼養豬隻
畜豬仔,養豬
畜雞鴨,飼養雞鴨
畜雞鴨,養雞
畜頭牲,飼養家禽牲畜
略下仔,次數不多
略施細技,略施小技
略施細計,略施小計
略略,偶爾
略略,有一些
略略,稍微
略略,稍稍
略略仔,稍微
略略仔,稍微的
略略仔,稍稍的
略略癲癲,略略偏離常軌
略緊板,稍快板
番人,原住民
番人,外國人
番人,外地人
番仔,原住民
番仔㓾正好,頑皮鬼
番仔火,火柴
番仔牛,男姘頭
番咐,吩咐
番婆怨,火筒樹
番婆樹,鳳凰木
番椒,辣椒
番檨,芒果
番檨庰,雨傘節
番檨樹,芒果樹
番火,火柴
番瓜,南瓜
番瓜粄,南瓜粄
番瓜飯,南瓜飯
番番,不按傳統
番番係福,番番是福
番番綻綻,調皮搗蛋
番社莊莊頭,番社庄庄頭
番細租,番小租
番綻,調皮
番綻,調皮搗蛋
番綻,頑皮
番薯,地瓜
番薯,甘薯
番薯壟,甘薯壟
番薯湯,地瓜湯
番薯籤,地瓜籤
番薯粥,地瓜稀飯
番薯糖,地瓜糖
番薯花,槭葉牽牛
番薯葉,甘藷葉
番薯藤,甘藷藤
番薯項,地瓜裡
番薯飯,地瓜飯
番薯餅,地瓜餅
番藷,蕃薯
番豆,花生
番豆,落花生
番豆仁,花生米
番豆仁湯,花生湯
番豆糖,花生糖
番賤,頑皮
畫,繪畫
畫一條線,繪畫一條線
畫像个,畫像的
畫出,畫出來
畫咧,畫了
畫圖,畫畫
畫圖,繪圖
畫圖紙,圖畫紙
畫圖紙,畫紙
畫寫,塗鴉
畫忒,畫完
畫景,寫景
畫本,繪本
畫架仔,畫架
畫生兒个人,畫生兒的人
畫眉,畫眉毛
畫眉,畫眉鳥
畫眉仔,畫眉
畫筆,彩筆
畫等,畫著
畫線仔,畫線
畫著,畫得
畫虎毋成,畫虎不成
畫虎毋成反類犬,畫虎不成反類犬
畫虎毋成反類狗,畫虎不成反類狗
畫虎膦,瞎掰
畫龍毋成反為狗,畫龍不成反為狗
異,很
異多人,許多人
異會著仔,讓人覺得很愛現
異聞傳講,異聞傳說
異肯,很樂意
當,很
當下,當時
當中,中
當久,很久
當係,當是
當做,勞碌
當做,當成
當做,非常勞碌
當像,很像
當像,相像
當像,雷同
當像,類似
當兇,搶得很厲害
當兵,服兵役
當匧,正在匧
當在,正在
當在該,正在
當在該,正在那
當地,本地
當壞,壞脾氣
當壞,很壞
當多,很多
當多,許多
當多好搞,很多好玩
當大,很大
當天咒誓,對天發誓
當天發誓,對天發誓
當奀,很醜
當奀,沒有看頭
當奸,很奸詐
當好,優異
當好,很不錯
當好,很好
當好,當然好
當好來,很喜歡來
當好食,很好吃
當好食,超好吃
當媱,很風騷
當家个,當家的
當家細生,當家小生
當少,稀少
當少,鮮少
當差个,當差的
當店,當舖
當店,當鋪
當店底肚,當鋪裡面
當強合晟眼,很強和刺眼
當得,比得上
當得,比的上
當忒,當掉
當忠,很忠心
當急,緊急
當悿,很累
當悿,疲勞
當想,好想
當想,很想
當想,非常想
當想睡目,昏昏欲睡
當愛,喜愛
當愛,很喜歡
當愛,熱愛
當慣,很習慣
當慨,出手大方
當慶,很能幹
當斷毋斷,當斷不斷
當斷毋斷，反受其亂,當斷不斷，反受其亂
當日,當天
當日去當日轉,很日去很日回家
當時,當下
當時,那時
當晝,中午
當晝,正午
當晝,正午時分
當晝心,正午時分
當晝頭,中午
當晝頭,正中午
當晝頭,正午時分
當暗,很暗
當暢,很高興
當暢,雀躍
當暢,非常高興
當會,很會
當有,很富有
當有,很有
當有錢,很富有
當樑,承當
當橫,很蠻橫
當權,掌權
當歡喜,很高興
當歡喜認識你,很高興認認得你
當毋得,當不得
當毋慣,不習慣
當毋慣,很不習慣
當毋著,不能承受
當毋著,受不了
當毋著,無法忍受
當毋起,不敢當
當毋起,擔當不起
當毋起,當不起
當毋過,當不過
當湛,很好
當湛,很棒
當湛,能幹
當滾,沸騰
當無閒,很忙
當無閒,忙碌
當然,應當如此
當然,理應如此
當煞猛,勤快
當煞猛,很勤勞
當煞猛,很勤快
當爽,很舒服
當爽,很舒爽
當爽,很舒適
當牛,很頑皮
當牛,調皮
當班,值勤
當發,富有
當發,富裕
當發,富足
當發,很有錢
當發,發酵
當直个,當直的
當竳,標緻
當竳,陡峭
當竳線,很正點
當竳線,標緻
當精,很精明
當細,很小
當肯,很願意
當萋,很新鮮
當著家,正在穿家
當著毋著,當著不著
當著矮人，別講短話,當著矮人，別說短話
當要緊,很重要
當要緊,重要
當譴,很生氣
當軟,很軟
當輒,很常
當近,很近
當過,勝過
當遠,很遠
當遠,遙遠
當遽,很快
當遽,快速
當釅,很濃
當重,很重
當門牙,門牙
當開陽,視野很好
當閒,很清閒
當闊,寬闊
當闊,很寬
當闊,很寬闊
當阿莎力,很乾脆
當靚,很漂亮
當靚,很美
當靚,漂亮
當靚,真美
當頭,首當其衝
當風神,很神氣
當風神,很跩
當食人,很欺負人
當驚,害怕
當驚,很害怕
當𤸁,疲累
疊印,壓印
疊淰淰,疊滿滿
疊等,疊著
疊著,疊到
疏宕毋拘,疏宕不拘
疏毋謀親,疏不謀親
疏毋間親,疏不間親
疏而毋漏,疏而不漏
疑狐,困惑
疑狐,懷疑
疑狐,狐疑
疑狐,疑惑
疑狐,質疑
疤疤,有疤痕
疤瘌流星个,疤瘌流星的
疲勞,疲倦
疲爬極蹶,努力掙扎
疲爬極蹶,坐立不安
疲爬極蹶,操勞
疲爬極蹶,毛躁不安
疼惜,疼愛
疾死,痛死
疾疾,痛痛
疾雷毋及塞耳,疾雷不及塞耳
疾雷毋及掩耳,疾雷不及掩耳
痀背,駝背
痀背症,佝僂症
病,疾病
病丁仔,病夫
病子,害喜
病子,懷孕
病毋拘禮,病不拘禮
病痛,疾病
病院,醫院
症頭,病症
症頭,症狀
痔,痔瘡
痛㸐㸐仔,很痛心
痛惜,珍惜
痛毋堪忍,痛不堪忍
痛毋欲生,痛不欲生
痛痛个,痛痛的
痛腸,哀切苦楚
痠軟,痠痛
痤痤,精神委靡
痲癲,痲瘋
痲癲病,痲瘋病
痴人講夢,痴人說夢
痴哥,好色
痴哥,好色的
痴哥,很好色
痴哥,痴情男
痴哥,痴漢
痴哥,癡情男
痴哥伯,豬哥
痴哥沷沷,癡漢
痴哥沷沷仔,色瞇瞇的
痴嫲,笨女人
痴憨,痴傻
痴痴,三八
痴痴,傻傻
痴痴,放蕩不檢
痴痴呆呆,癡呆狀
痺痺,痲痲
痿毋忘起,痿不忘起
瘋瘋憨憨,瘋瘋傻傻
瘌瘌刻刻,疤痕纍纍
瘍癧,淋巴脹痛
瘟跍立,瘟蹲立
瘤仔,瘤
瘤鼻天鵝,瘤鵠
瘦夾夾,很瘦
瘦夾夾,瘦巴巴
瘦夾夾,瘦巴巴的
瘦夾夾仔,很瘦
瘦撇,瘦了
瘦死个駱駝比馬大,瘦死的駱駝比馬大
瘦狗多鹵,毛病很多
瘦瘦,瘦巴巴
瘦皮邋𨒇,營養不良
瘦細,瘦小
瘦細枯乾,瘦小枯乾
瘦縮瘦縮,身子瘦小
瘦羌瘦羌,身子細瘦
瘸和尚講法,瘸和尚說法
瘸忒,瘸掉
瘸手跛腳,手腳殘疾
瘸腳,跛腳
瘻,腫塊
癢揶癢揶,癢癢
癧,淋巴結
癧仔,淋巴結
癩狗扶毋上牆,癩狗扶不上牆
癱風,中風癱瘓
癲,瘋
癲仔子,刺茄
癲傳,瘋傳
癲堂,瘋堂
癲嫲,瘋婆子
癲嫲花,馬櫻丹
癲子,瘋子
癲帽匠,瘋帽匠
癲掉,瘋掉
癲搶,瘋搶
癲牛,瘋牛
癲牯,瘋男子
癲狗,瘋狗
癲狗浪,瘋狗浪
癲痴,瘋癲
癲癲,偏離常軌
癲癲,瘋癲
癲癲倒倒,醉醺醺的
癲癲尸尸,瘋瘋癲癲
癲癲尸尸,行為脫序
癲癲狂狂,瘋瘋癲癲
癲神,瘋神
癲茄,刺茄
癲言癲語,瘋言瘋語
癲邦,瘋邦
癲頭雞,楞小子
登山細魯,登山小魯
登常,經常
登時,立刻
登時,馬上
登月細艇,登月小艇
登殿,登基
登泰山而細天下,登泰山而小天下
登登登个,登登登的
登記著,登記
發,富有
發㤕愕,發呆
發一下狂,抓狂一下
發个兒,發個兒
發作,動怒
發作,發怒
發光兩極體,發光二極體
發冷,無聊
發冷仔,患瘧疾
發冷仔,瘧疾
發分,發給
發夢,作夢
發夢,做夢
發大水,水災
發大水,發水災
發大水,發生水災
發大水,鬧水災
發大風,刮大風
發大風,颳風
發媱,放蕩
發媱,淫蕩
發媱,發情
發媱,發騷
發媱,騷
發子,害喜
發尿積,患頻尿症
發屎胐媱,發騷
發屎驚,驚悸在心
發性,抓狂
發愕,發呆
發扯扯,富有
發杈杈仔,很富有
發火,動怒
發火,生氣
發火,發脾氣
發燒,狂熱
發燒,發熱
發燒,興盛
發牙包,牙齦發炎
發狂,做惡夢
發狂,發瘋
發現著,發現到
發琢呆,發愣
發琢愕,恍神
發琢愕,發呆
發生,成長
發疔仔,長疔
發病,不合常理
發病,可惱
發病,生病
發病,糟糕
發病,討厭
發病仔,生病
發痔仔,長痔瘡
發痣,長痣
發痧,中暑
發痰火,患肺結核
發痰火,肺結核
發痴驚,虛驚
發瘟,患瘟疫
發瘟,瘟疫
發瘟,發瘟疫
發瘟,詛咒語
發瘡仔,長疥瘡
發瘤仔,長瘤
發癌,得癌症
發癩,麻瘋病
發癩痢,長癩痢
發癬,長癬
發癱風,中風
發癱風,懶惰
發癱風,癱瘓
發癲,瘋
發癲,發瘋
發癲倲,發瘋
發目睡狂,作惡夢
發目睡狂,做惡夢
發禍,發炎疼痛
發福,發胖
發等,發著
發粄,發糕
發紅,發炎紅腫
發紅,紅腫
發綿花,梅毒
發綿花,長淋病
發綿花,長菜花
發肉雄,發情
發肉雄,發飆
發肉雄,突然發飆
發肉雄,精力充沛
發脹,無聊
發脹狗,詛咒語
發脹鬼,詛咒語
發臭頭,長癩痢頭
發芽,萌芽
發著,得到
發蛾仔,白喉
發蟲,長蟲子
發覺,探索
發覺,發現
發覺著,發覺到
發誓,立誓
發譴,生氣
發譴,發怒
發譴,發脾氣
發豬頭皮,患腮腺炎
發財,工作
發財樹,馬拉巴栗
發赤目,急性結膜炎
發赤目,砂眼
發赤目,紅眼症
發起,創議
發起,提倡
發起,發動
發起來,發狂起來
發達,發跡
發酒癲,發酒瘋
發酵,酵母
發酵,酵母菌
發閼,生悶氣
發閼,生氣
發閼,發怒
發電,發電報
發青驚,驚悸在心
發風落水,刮風下雨
發風落水,颳風下雨
發風落雨,刮風下雨
發風落雨,風雨交加
發風颸,刮颱風
發鹵,皮膚長瘡疽
發鹵狗,癩皮狗
發仔,長瘡
發𤸱,患氣喘病
發𤸱,氣喘
發𤸱煙,大花曼陀羅
白包仔,香儀
白埔姜,揚波
白塔,奶油
白天毋做虧心事，半夜毋怕鬼敲門,白天不做虧心事，半夜不怕鬼敲門
白尾大鉤啜鳥,大杓鷸
白尾海雕,白尾海鵰
白布幡,白幡
白帶水,瀑布
白手捉魚,白手起家
白拂,白白被打
白撇,白掉
白木米,白木耳
白枕大鶴,白枕鶴
白果,銀杏
白柚仔,白柚
白毋呲咧,白不呲咧
白淨,白皙乾淨
白淨白淨,白皙
白牛屎鶺,白鶺鴒
白牛膝,狗筋蔓
白琢琢仔,慘白的顏色
白痕軍艦鳥,白斑軍艦鳥
白白,白白的
白白个,白白的
白目羊,白眼羊
白眉燕海鵝,白眉燕鷗
白眉田雞,白眉秧雞
白眉白尾鳥,白眉鵐
白眉竳鳥,白眉鶇
白眉飛食鳥,白眉鶲
白眶畫眉,繡眼畫眉
白眼狼協會理事長,謝杰雄
白秋沙鴨,白秋沙
白竻仔,三葉五加
白罕白罕,淺白色
白翼仔,八哥
白翼仔,八哥鳥
白翼燕海鵝,白翅黑燕鷗
白翼紅尾鴝,黃尾鴝
白肉,皮膚白嫩
白肚大戇鳥,白腹鰹鳥
白肚海雕,白腹海鵰
白肚竳鳥,白腹鶇
白肚飛食鳥,白腹琉璃
白肚鷂婆,澤鵟
白背噼噼鳥,白背鷚
白背沒水鴨,美洲磯雁
白胸沒淬鳥,蒼翡翠
白腰水燕仔,白腰雨燕
白腰烏啜鷝,白腰文鳥
白腰濫泥鳥,白腰草鷸
白腹仔,鰆魚
白花仔,山茶花
白菜,小白菜
白蟻仔,白蟻
白行,白跑
白衫,白上衣
白衫,白袍
白衫,襯衫
白話,空話
白話文,語體文
白話細說,白話小說
白講,白說
白身,白套
白身人,白套人
白送子鳥,白鸛
白酒,白葡萄酒
白野狼協會理事長,謝杰雄
白鐵,不銹鋼
白鐵仔,不鏽鋼
白雪雪,乾淨潔白
白雪雪仔,雪白
白面仔,白腹秧雞
白面頰湢湢鳥,白頰山雀
白頦笑畫眉,白喉笑鶇
白頭公,白頭翁
白頭公仔,白頭公
白頭公仔,白頭翁
白頭大鶴,白頭鶴
白頭毫,白頭翁
白頭燕海鵝,玄燕鷗
白頭竳鳥,白頭鶇
白頸圍鸚嘴鷝,白環鸚嘴鵯
白頸烏鴉,玉頸鴉
白頸烏鶴仔,白頸黑鷺
白額圓尾水雉鳥,白腹穴鳥
白額貓頭鳥,白額角鴞
白額野鵝,白額雁
白額鴨,葡萄胸鴨
白食,白吃
白食白住,白吃白住
白飯,乾飯
白飯樹,臺灣山桂花
白鶴仔,白鶴
白鶴仔,白鷺鷥
白黑毋分,白黑不分
白鼻雞,白冠雞
白𪘒夾竹𧊅,白頷樹蛙
百一,一百一十
百世毋易,百世不易
百世毋磨,百世不磨
百事毋管,百事不管
百二,一百二十
百動毋如一靜,百動不如一靜
百合花,百合
百外,百多
百姓公,有應公
百姓公廟,有應公廟
百姓公項,有應公項
百子勞,紫花酢漿草
百年歸壽,仙遊
百年歸壽,歸天
百年歸壽,死滅
百年歸壽,百歲登遐
百年歸壽,逝世
百年毋遇,百年不遇
百思毋解,百思不解
百戰毋殆,百戰不殆
百戰百勝,戰無不勝
百折毋挫,百折不挫
百日,多日
百日嗽,百日咳
百日青,竹柏
百毋一失,百不一失
百毋一爽,百不一爽
百毋一遇,百不一遇
百毋失一,百不失一
百毋存一,百不存一
百毋當一,百不當一
百毒毋侵,百毒不侵
百無一係,百無一是
百無一用係書生,百無一用是書生
百番底,非常徹底
百看毋厭,百看不厭
百籃肚,好胃口
百籃肚,老饕
百籃肚,食量大
百般,各式各樣
百般解講,百般解說
百花,花卉
百覽毋厭,百覽不厭
百讀毋厭,百讀不厭
百貨,什物
百足之蟲，死而毋僵,百足之蟲，死而不僵
百足之蟲，至死毋僵,百足之蟲，至死不僵
百足毋僵,百足不僵
百過,一百多
百隻,百個
百零,百餘
百食毋厭,百吃不厭
皁白毋分,皁白不分
皂白毋分,皂白不分
的對,確實正確
的著,逮住了
的著,逮著了
皆係,皆是
皇天無親，惟德係輔,皇天無親，惟德是輔
皇帝娘,皇帝女子
皇帝毋差餓兵,皇帝不差餓兵
皇帝毋急，急死太監,皇帝不急，急死太監
皇帝草,野茼蒿
皇帝袍,龍袍
皇帝輪流做，明年到𠊎家,皇帝輪流做，明年到我家
皮之毋存，毛將安傅,皮之不存，毛將安傅
皮之毋存，毛將焉附,皮之不存，毛將焉附
皮包仔,皮包
皮包仔肚項,皮包裡
皮包仔肚項,皮包裡面
皮包仔肚項,皮包裡頭
皮包骨,骨瘦如柴
皮堅堅,堅韌
皮寒,身體寒冷
皮帶仔,皮帶
皮帶仔,腰帶
皮幼,皮膚細嫩
皮癢係無,皮癢是嗎
皮皮,每一片
皮皮个,皮皮的
皮皺皺,皮皺痕多
皮笊籬，毋漏湯,皮笊籬，不漏湯
皮笑肉毋笑,皮笑肉不笑
皮膚色,膚色
皮衫,皮衣
皮賁,皮厚
皮面,皮臉
皮韌,極為頑固
皴皴,平整
皴紋,神色泰然
皺帶仔,鬆緊帶
皺核仔,果實果核
皺毛,捲髮
皺波螺風,旋風
皺皮,皺紋
皺皺,皺痕多
皺膣郎當,皺皺的
盆桐仔,九節木
盆項,盆裡
盆頭,大陶盆
盆頭,廚房盛器
盆頭,盆子
盆頭缽仔,廚房盛器
盆頭缽仔,鍋碗瓢盆
盆頭講到缽,有理說不清
盈就必虧,盈則必虧
盎仔,瓶子
盎仔,甕
盎仔泥,黏土
盎冷,不知變通
盎冷,固執
盎肚,瓶子裡
盎肚,甕裡
盎肚項,瓶子裡面
盎肚項,瓶子裡頭
盎零,頑固
盒仔,盒子
盛德毋泯,盛德不泯
盛毋忘衰,盛不忘衰
盛水毋漏,盛水不漏
盜毋過五女門,盜不過五女門
盞火,盞燈
盡,很
盡,最
盡久,很久
盡久,最久
盡乖,很乖
盡乖,最乖
盡乖个,最乖的
盡低應繳金額,最低應繳金額
盡係,盡是
盡信書毋如無書,盡信書不如無書
盡像,很像
盡像,最像
盡其在𠊎,盡其在我
盡力,很用力
盡力,最用力
盡匱个,最窮苦的
盡厲害,很厲害
盡厲害,最厲害
盡命,盡心盡力
盡命,竭心盡力
盡命,竭盡
盡命,竭盡心力
盡命仔,拼命地
盡命仔,竭盡心力地
盡命牯,盡力
盡命牯,盡心盡力
盡命牯,竭心盡力
盡命牯,竭盡心力
盡壞,最壞
盡多,不少
盡多,很多
盡多,最多
盡多,相當多
盡多人,很多人
盡多人,最多人
盡多年,很多年
盡多年,最多年
盡多擺,很多次
盡多擺,最多次
盡大,最大
盡大个,最大个
盡大个,最大的
盡大箍,很胖
盡好,不錯
盡好,很好
盡好,最佳
盡好,最好
盡好,最愛
盡好,盡佳
盡好,美好
盡好,超好
盡好,超棒
盡好个,美好的
盡好个一日,美好的一天
盡好展,很喜歡炫耀
盡好展,最喜歡炫耀
盡好展,相當喜歡炫耀
盡小个,最小的
盡少,最少
盡尾,後來
盡尾,最後
盡尾一隻,最後一個
盡尾間,最後一間
盡後背,很後面
盡後背,最後面
盡心,用心
盡忠,很忠心
盡惜,很珍惜
盡惜,最珍惜
盡惱,很討厭
盡惱,最討厭
盡愁,很擔心
盡愁,最擔心
盡愛,喜歡
盡感心,揪感心
盡慶,很厲害
盡慶,最棒
盡會,很會
盡會,最會
盡有,很有
盡歡喜,最高興
盡步,盡出招數
盡步,盡頭
盡沙鼻,很驕傲
盡沙鼻,最神氣
盡沙鼻,最驕傲
盡淰,很滿
盡烏,很黑
盡無閒,非常忙
盡煞猛,很努力
盡熱門,很熱門
盡甘心,揪甘心
盡皮个,最皮的
盡短,很短
盡硬,很硬
盡細个,最小的
盡美妙,最美妙
盡肥,很肥
盡肥,最肥
盡著,盡到
盡衰過,很可憐
盡認真,非常仔細認真
盡譴,最生氣
盡遠,很遠
盡遠,最遠
盡遽,很快
盡遽,最快
盡量,盡情地
盡長,很長
盡長,最長
盡長,相當長
盡闊,很寬
盡闊,最寬
盡難,很難
盡難,最難
盡靚,很美
盡靚,最美
盡驚,很怕
盡驚,最怕
監人,強逼予人
監齋,禮儀師
盤仔,盤子
盤尼西林,青黴素
盤擎,頑皮
盤水,打水
盤水,舀水
盤盤到,盤盤到達
盤費,旅費
盤車,轉換車輛
盤車,轉車
盤項,盤裡
盧醫毋自醫,盧醫不自醫
盪仔,丁字耙
盪嘴,漱口
目䁯䁯,瞪眼怒視貌
目个物,目的物
目勾勾仔,望眼欲穿
目吊吊,三角眼
目大毋睹,目大不睹
目屎,眼屎
目弇弇仔,眼皮下垂欲睡
目抌抌,瞋目
目摸目罅,盲目摸索
目毋在體,目不在體
目毋妄視,目不妄視
目毋忍睹,目不忍睹
目毋忍視,目不忍視
目毋斜視,目不斜視
目毋暇接,目不暇接
目毋知書,目不知書
目毋窺園,目不窺園
目毋給視,目不給視
目毋轉視,目不轉視
目毋邪視,目不邪視
目水,目測能力
目水毛,眼睫毛
目水毛,睫毛
目汁,淚水
目汁,眼淚
目汁濫串,淚流滿面
目汁濫泔,涕淚縱橫
目汁濫泔,淚汪汪
目汁濫泔,淚流滿面
目汁濫泔,眼淚縱橫
目汁雙流,淚流滿面
目浪子,無患子
目浪樹,無患子
目珠,眼睛
目珠仁,眼珠子
目珠仁,瞳仁
目珠擘毋開,眼睛睜不開
目珠澀,想睡覺
目珠眶,眼眶
目珠矇,視線模糊
目珠矇,視覺不清楚
目珠紅,眼紅
目珠花花,眼精花花
目珠花花,視力模糊
目皺皺仔,皺眉
目盯盯,目眈眈
目盯盯,直視不移
目眈眈仔,虎視眈眈
目眉,眉毛
目眉毛,眉毛
目眉毛企企，毋係好東西,眉毛豎立不是好人
目眡眡,愛理不理
目眥毛,眼睫毛
目眥毛,睫毛
目眨眨仔,閉著眼
目睡摸些,睡眼惺忪
目睡毛,睫毛
目睡醒,睡醒
目睡鳥,常打瞌睡的人
目睡鳥,瞌睡蟲
目瞌瞌仔,眼睛快閉上
目瞨,眼睛瞎了
目瞪瞪,眼睜睜
目瞪瞪,眼睜睜的
目絲絲仔,眼瞇瞇
目聚聚仔,眼眉向內聚
目花花仔,眼花花
目藥,眼藥
目赤,嫉妒
目金金,睜大雙眼
目金金仔,眼睛張著
目鏡,眼鏡
目鏡烏鷯仔,家八哥
目陰目陽,半睡半醒
目陰目陽,眼睛微揚
目頭直眼,直直看著
目𥉌𥉌,半睡半醒
目𥍉鼻動,目迷心想
目𥍉鼻動,眼眨鼻動
目𥍉𥍉,一眨一眨
盯緪,盯緊
盲目仔,失明的人
盲目仔,盲人
盲目毋盲心,盲目不盲心
直打直吹,直截了當
直白,單純
直直,筆直
直直上,一直往上行
直直到,一直到
直直爬,直直爬行
直直落,直入
直直行,直直走
直直走,直直跑
直直透到,一直通往
直直飛,直直飛翔
直簫,洞簫
直簫仔,直笛
直而毋挺,直而不挺
直腸直肚,直爽
直腸直肚無米煮,人善被人欺
直行,直走
直角座標系,直角坐標系
直言毋諱,直言不諱
直話直講,直話直說
直透,直通
直透,直達
直道,坦率
直道,正道
直道毋容,直道不容
相㓾,互相砍殺
相㓾,戰爭
相㓾,相互打殺
相借問,借問
相借問,打招呼
相借問,請問
相像,相似
相像色,類似色
相兼色,類似色
相勸,勸解
相勸,勸說
相去毋遠,相去不遠
相吵,吵架
相告仔,訴訟
相命,算命
相命仙,算命仙
相唚,接吻
相唶,相吸
相堵,相遇
相堵頭,相遇
相好,感情很好
相好,要好
相屌,性交
相幫,相助
相干,要緊
相干,關係
相思豆,孔雀豆
相惜,照顧
相應毋理,相應不理
相打,打架
相打比背,打得不可開交
相打雞,鬥雞
相持毋下,相持不下
相換,交換
相揹,交尾
相爭,互相搶
相爭比背,爭三搶四
相爭食,搶食
相片,照片
相片,相邊
相當,非常
相續,繼承
相罵,互相叫罵
相罵,互相謾罵
相衝,相剋
相襯,相配
相詏,爭執
相賽,爭相
相賽,相互
相輸,打賭
相輸著,打賭
相閃,彼此錯開
相閃,閃避
相閃車,會車
相館,照相館
相鬥,互鬥
相鬥仔,相拼合仔
盼得,捨得
省,節省
省使,免得
省使,省得
省使,省得麻煩
省儆,儉約惜物
省儉,儉省
省儉,生活節儉
省儉,節儉
省兩個錢,省一些錢
省死省命,極為節儉
省死省命,極端儉省
省水,節約用水
省水器,節水器
省油个燈,省油的燈
省省,節儉
省省仔,儉省著用
省省儆儆,極端儉省
省省儉儉,節儉
省著,省到
省起來,節省起來
省食儉用,省吃儉用
眇細,眇小
眇細丈夫,眇小丈夫
眉目毋清,眉目不清
眉眼毋開,眉眼不開
眉頭毋伸,眉頭不伸
眉頭毋展,眉頭不展
看下看,看下方看
看个究竟,看個究竟
看交吔,看遍了
看人公仔書,看漫畫書
看人出菜,見人說人話
看人戇仔,欺人太甚
看人毋起,看不起人
看仔,看得
看佢毋起,看不起他
看到,看在
看到,看得
看加下,再看一下
看哪久,看哪時
看啊去,一看
看啊著,一看到
看圖講話,看圖說話
看地理,勘輿
看地理,看風水
看地理,風水堪輿
看座兒个,看座兒的
看往上,往上看
看往下,往下看
看得出,看得出來
看得著,看得到
看得識,看得懂
看忒,看完
看日,擇定吉日
看日个,看日的
看日仔,擇時辰
看星斗,觀星
看書,閱讀
看板,招牌
看毋上,看不上
看毋來,看不來
看毋出,看不出
看毋到,看不到
看毋得,看不得
看毋得,看不成
看毋慣,看不慣
看毋著,看不到
看毋著,看錯
看毋識,沒看懂
看毋識,看不懂
看毋起,看不起
看毋透,看不透
看毋過,看不過
看毋過眼兒,看不過眼兒
看毋過肚,看不下去
看準準,看得很準確
看無,看不見
看無,瞧不起
看煞,看完
看現現,看清楚
看生趣,看笑話
看病个,看病的
看看仔,走訪
看看看看,一直看
看真,看清楚
看破,看透了
看等,看著
看細,看小
看緪,看緊
看落,看下
看著,看到
看著,看見
看著,見到
看著恁樣,看得如何
看衰漦,被看成孬種
看起來斯,看起來
看起來斯,看起來可是
看起來還好食,看起來好好吃
看透,看遍
看透透,看穿了
看靚,當欣賞用
看靚,當裝飾用
看面目,看交情
看顧,照應
看顧,照顧
看風水,看地理
看風水,風水堪輿
看香頭个,看香頭的
看鬧熱,看熱鬧
眏啊過,看一看
真个,真個
真人毋露相,真人不露相
真人面前毋講假話,真人面前不說假話
真光真亮,很亮
真好,很好
真好,很棒
真情,實情
真戇,真笨
真格个,真格的
真正个,真正地
真發,富有
真真,清清楚楚
真精,真聰明
真金毋怕火,真金不怕火
真金毋怕火煉,真金不怕火煉
真闊,寬敞
眠帳,蚊帳
眠床,床
眠床,床鋪
眠床下,床下面
眠床下,床的下面
眠床下方,床下面
眠床下項,床下面
眠床刀,床沿
眠床前,床前
眠床尾,床尾
眠床枋,床板
眠床竇,床
眠床肚,床裡
眠床脣,床邊
眠床頂,床上
眠床項,床上
眠床頭,床頭
眨一下目,小睡片刻
眨一下目,眨一下眼睛
眨目,眨眼
眨目,閉目
眨目,閉眼
眨眨,閉著
眨眨,閉閉
眼中,眼裡
眼仔草,眼子菜
眼呆呆仔,眼睛呆滯
眼垂垂仔,眼簾低垂
眼契契仔,勉強硬撐
眼扁扁仔,眼巴巴的
眼擘擘,眼巴巴看著
眼時,當下
眼時,眼前
眼晶晶,目光有神
眼晶晶仔,眼睛亮晶晶的
眼橫橫,惡眼相瞪
眼橫橫,橫眉豎目
眼毋交睫,眼不交睫
眼毋見心毋煩,眼不見心不煩
眼毋見為淨,眼不見為淨
眼水,判斷能力
眼界,視野
眼盯盯,眼睜睜
眼盯盯仔,眼睜睜的
眼睚睚仔,怒目瞋視
眼睛睛,目不轉睛
眼絲兒毋見,眼絲兒不見
眼綻綻,眼神散失
眼茫鼻花,精神疲憊
眼茫鼻花,視力模糊
眼茫鼻花,頭昏眼花
眼裡揉毋下沙子,眼裡揉不下沙子
眼裡毋揉沙子,眼裡不揉沙子
眼見係實，耳聞係虛,眼見是實，耳聞是虛
眼視視仔,眼直視
眼豺豺仔,怒目視人
眼金金仔,眼睛亮利
眼鑽鑽仔,專注搜尋
眼鬥鬥仔,瞪眼注視
眾射之个,眾射之的
眾少毋敵,眾少不敵
眾怨之个,眾怨之的
眾曲毋容直,眾曲不容直
眾矢之个,眾矢之的
眾講,眾說
睏,短時間
睏手,短時間手
睜眼講瞎話,睜眼說瞎話
睞啊過,瞥視
睡,躺
睡一覺目來,睡個覺
睡去,睡著
睡得忒,睡得著
睡得落覺,睡著
睡忒,睡著
睡忒,睡著了
睡忒去,睡著了
睡撇,睡著
睡毋好,睡不好
睡毋得,不能睡
睡毋得,睡不好
睡毋得,睡不著
睡毋忒,睡不著
睡毋落覺,睡不著
睡無著,睡沒穿
睡當晝,午睡
睡當晝,睡午覺
睡目,睡眠
睡目,睡覺
睡目愛蓋被,睡覺要蓋棉被
睡目衫,睡衣
睡等,躺著
睡臥毋寧,睡臥不寧
睡衫,睡衣
瞅毋得,瞅不得
瞅毋見,瞅不見
瞅毋起,瞅不起
瞌一下仔,小睡一下
瞎子食湯圓,瞎子吃湯圓
瞎目,瞎眼
瞞上毋瞞下,瞞上不瞞下
瞞官騙鬼,欺上瞞下
瞞毋過天,瞞不過天
瞠著,看到
瞧毋上,瞧不上
瞧毋上眼,瞧不上眼
瞧毋出,瞧不出
瞧毋得,瞧不得
瞧毋得,難看死了
瞧毋慣,瞧不慣
瞧毋透,瞧不透
瞧毋過,瞧不過
瞧香个,瞧香的
瞨目,失明
瞨目,瞎眼
瞪著麒麟講係馬,瞪著麒麟說是馬
矜功毋立,矜功不立
矢毋虛發,矢不虛發
知,曉得
知,知道
知一毋知十,知一不知十
知上下,明辨倫理
知之為知之，毋知為毋知,知之為知之，不知為不知
知人性,有人性
知人我,懂事
知人我,明事理
知其一毋知其二,知其一不知其二
知其毋可而為,知其不可而為
知其然而毋知其所以然,知其然而不知其所以然
知差,知道不對
知差,知錯
知己,了解自我
知己,知心好友
知得,知道
知恩毋報,知恩不報
知感毋盡,知感不盡
知死,悔悟
知毋足齋,知不足齋
知無,知道沒
知無半樣,一無所知
知無毋言,知無不言
知無毋言，言無毋盡,知無不言，言無不盡
知無毋言，言無毋聽,知無不言，言無不聽
知知,明明知道
知種,瞭解內情
知細謀大,知小謀大
知總,深知
知總,熟知
知總,瞭解內情
知者毋惑,知者不惑
知而毋言,知而不言
知腹,知心
知著,得知
知著,發現
知著,知道
知衰,覺得沒面子
知講,知道
知足毋辱,知足不辱
知這,知道這
知重輕,懂輕重緩急
知頭知尾,知情
矬个兒,矬個兒
短尾樹鶯,短尾鶯
短尾水雉鳥,短尾水薙鳥
短尾船鳥,短尾信天翁
短尾鳥,鷦鷯
短屈屈,很短
短屈屈,短短的
短屈屈仔,短短的
短屈短屈,粗短
短毋了,短不了
短毛,短髮
短眉飛食鳥,白眉黃鶲
短短,很短
短短,短短的
短短个,短短的
短篇細說,短篇小說
短細精悍,短小精悍
短翼鶇,小翼鶇
短耳貓頭鳥,短耳鴞
短舌,大舌頭
短舌,說話結巴
短處,缺點
短衫仔,短上衣
短褐毋全,短褐不全
短褐毋完,短褐不完
短豆仔,四季豆
短針,時針
短長之講,短長之說
短靴筒,短筒靴
矮㑁㑁,短小
矮㑁㑁,矮小
矮一截个廟宇,矮一截的廟宇
矮个,矮個
矮个兒,矮個兒
矮个子,矮個子
矮人多心事,矮子矮，一肚子拐
矮凳,矮凳子
矮凳仔,小板凳
矮古董,矮子
矮墩墩仔,又矮又胖
矮山仔,丘陵
矮山坑,矮山溝
矮山坑脣項,矮山溝旁邊
矮山坑脣項,矮山谷旁邊
矮棚頂,矮棚架上
矮牆脣,矮牆旁邊
矮牆脣,矮牆邊
矮牯仔,個子矮小者
矮短,矮胖貌
矮細,矮小
矮細精悍,矮小精悍
矮頓,矮壯
矮頓頓,矮墩墩
矮頓頓,矮胖
矮,矮嘟嘟
矯矯毋群,矯矯不群
矰繳之講,矰繳之說
石䃗,堤防
石䃗,石堤
石䃗,石隄
石卵,蛋形的石頭
石卵,鵝卵石
石哀,石母
石圍墻莊頭,石圍墻庄頭
石墩,石製基座
石壁脣,石壁旁
石壁脣,石壁旁邊
石壁花,三角仙人掌
石壁蓮,三角仙人掌
石壁蓮,薜荔
石孔肚,石洞裡
石屎,小石頭
石屎,石子
石崖下,石崖下方
石斑仔,臺灣石斑
石枋,石板
石楝,七里香
石楝,月橘
石榴仔,石榴
石榴花,杜鵑花
石炭,煤
石炭,煤炭
石牌,碑石
石牯,石頭
石牯面,石面
石牯項,石頭上
石獅仔,石獅子
石碫,石階
石空,石孔
石空,石洞
石空肚,石洞裡
石空門,石洞門
石窿,石洞
石窿肚,石洞裡
石窿肚項,石洞裡
石窿肚項,石洞裡面
石窿肚項,石洞裡頭
石粒仔,小石頭
石舂臼,石臼
石貼仔,爬岩鰍
石跳,石頭路
石跳仔,石頭路
石鏨,鏨子
石鏨,鑿石的工具
石頭伯公,石頭土地公
石頭哀,石母
石頭狗,愛插嘴的人
石頭狗,是非不明的人
石頭狗,沒有主見
石頭背,石背
石頭面頂,石頭上
石頭面頂,石頭上面
石頭頂高,石頭上
石頭頂高,石頭上面
石頭項,石頭上
石鼓,抱鼓石
石齊薴,石薺寧
石齊薴,石薺薴
矺,壓
矺䗆蜱,睡覺
矺去,壓去
矺年錢,壓歲錢
矺底金,押金
矺忒,壓掉
矺核,壓緊
矺死,壓死
矺水,壓出水
矺等,壓著
矺著,壓到
矻仔,骰子
矻矻硞硞,雜七雜八
矻金仔,矻金子
砂撩,圓鍬
砂紙,磨砂紙
砂耙,耙砂的工具
砉懶,很倦怠
砉燥,燥而硬
砉爛,破爛不堪
砉硬,很堅硬
砉精,很精明
砉酥,乾而脆
砍撇去,砍掉去
研孱,長不大
研末,磨成粉末
研粉,研成粉末
砧枋,砧板
砧枋狗,酒肉朋友
砰砰滾,很生氣
砰砰滾,生氣發飆
砰砰滾,發飆
破,剖分
破丟毋落,破丟不落
破个,破的
破壞撇,破壞掉
破忒,剖開
破忒,割開
破撇,剖開
破撇,割開
破析,切成兩半
破柴,劈柴
破格,沒品
破樵,劈柴
破毋剌,破不剌
破濫糝,破亂來
破病,患病
破病,生病
破病,病懨懨
破病,體弱多病
破病破病,病懨懨的
破破撇,砍掉
破竹仔,剖竹子
破篾,剖竹片
破肚降,剖腹生產
破著,剖到
破著,割到
破蒸籠毋盛氣,破蒸籠不盛氣
破蒸籠，正會撒氣,破蒸籠，只會撒氣
破財係擋災,破財是擋災
破身,失身
砸,強壯
砸磳,健壯
砸磳,強壯
砸磳,強壯結實
硈硈滾,狀聲詞
硈硈滾,硈硈叫
硘仔,陶瓷
硘磚,瓷磚
硘磚,磁磚
硞聲下,硞聲音下方
硬仃仃,硬邦邦
硬仃仃,硬邦邦的
硬健硬健,質地硬硬的
硬喉,哽咽
硬喉,堅硬的
硬尖,硬擠
硬愛,偏要
硬拚拚仔,硬繃繃的
硬斗,不划算
硬朳丁,硬番石榴
硬枝,水柳
硬枝雞卵仔,宜梧
硬殼,個性頑固
硬直,正直
硬直,耿直
硬硬,一味
硬硬,偏偏
硬硬,很硬
硬硬,硬是
硬硬,硬要
硬硬愛,硬要
硬硬會,硬要將要
硬確確,硬硬的
硬確確,硬邦邦
硬確確仔,非常硬
硬程,堅強
硬程,威武不屈
硬程,硬朗
硬程,硬直
硬程,結實
硬翹翹,硬邦邦
硬翹翹,硬邦邦的
硬腱,質地結實
硬釘釘,硬梆梆
硬鉸,關節不靈活
硬領仔,硬領子
硬頸,頑固
确仔,勺子
确仔,杯子
硼砂,硼酸
碌碡草,臺灣油點草
碎細,碎小
碑石,石碑
碓,轓車
碓碓滾,狀聲詞
碓碓滾,碓碓叫
碗仔粄,碗粄
碗公,大碗
碗公項,大碗裡
碗棧仔,碗櫥
碗項,碗裡
碟仔,碟子
碟大碗細磕著碰著,碟大碗小磕著碰著
碫仔,臺階
碰著,碰到
碰門,用力敲門
碳个化合物,碳的化合物
碳腳跡,碳足跡
確定,肯定
確實,的確
確實係恁樣,正是如此
確實有,可是有
確確係,確實如此
磁性,磁
磁鐵棍,磁鐵棒
磅,度
磅忒,爆炸
磅空,山洞
磅空脣,山洞旁邊
磅血壓,量血壓
磊落毋羈,磊落不羈
磕著,撞到
磕過頭个,磕過頭的
磚仔,磚塊
磚仔,磚頭
磚仔屋,紅磚屋
磚頭磚截,斷裂的磚塊
磡死,壓死
磡磡,壓壓
磡著,壓到
磡過,壓過
磣个慌,磣的慌
磨刀仔,磨刀子
磨利利,磨利
磨毋開,磨不開
磨毋開臉,磨不開臉
磨石,石磨
磨磚砌个喉嚨,磨磚砌的喉嚨
磨粄仔,磨米漿
磨粄仔,磨粄漿
磨而毋磷,磨而不磷
磨著,磨到
磬令礦隆,磬謎語礦隆
磬磬,低低
磬磬鏘鏘,鏗鏗鏘鏘
礫礫矻矻,突出不平
礱礱舂舂,慌忙亂衝
礱礱舂舂,莽莽撞撞
礱穀,碾米
礱穀,精米
礱穀間仔,碾米間
礱糠,碾米糠
礱間,礱榖的房間
礱項,礱裡
社會,社會課
祇係,祇是
祕密,秘密
祕結,便祕
祕而毋宣,祕而不宣
祕而毋泄,祕而不泄
祕而毋露,祕而不露
祕訣,秘訣
祖公,祖先
祖公業,祖業
祖公業,祖產
祖堂屋,祖堂
祛把,竹掃帚
祛把,竹掃把
祝賀,恭賀
祝賀,慶賀
神仙打鼓有時錯,人非聖賢，孰能無過
神投投仔,一本正經
神明生,神明生日
神桌下,神桌下方
神桌頂,神桌上
神桌項,神桌上
神毋主體,神不主體
神毋守舍,神不守舍
神毋知鬼毋覺,神不知鬼不覺
神毋知，鬼毋覺,神不知，鬼不覺
神理毋容,神理不容
神經个,神經的
神色毋動,神色不動
神色毋撓,神色不撓
神色毋變,神色不變
神鬼毋測,神鬼不測
神鬼毋知,神鬼不知
神鬼毋覺,神鬼不覺
神龍見首毋見尾,神龍見首不見尾
祭奠,祭弔
祭祖,祭祀祖先
祭衰人,丟人現眼
祭衰人,非常丟臉
禁尿,憋尿
禁指,戒指
禁毋住,禁不住
禁毋得,禁不得
禁毋起,禁不起
禁氣,憋氣
禍出毋測,禍出不測
禍毋反踵,禍不反踵
禍毋妄至,禍不妄至
禍毋旋踵,禍不旋踵
禍生毋測,禍生不測
福佬人,閩南人
福利,利益
福利,福祉
福壽鯽,福壽魚
福建,福建省
福毋徒來,福不徒來
福毋盈眥,福不盈眥
福毋重至，禍必重來,福不重至，禍必重來
福毋雙至,福無雙至
福無雙至，禍毋單行,福無雙至，禍不單行
福相,福態
福龍莊頭,福龍庄頭
禮多人毋怪,禮多人不怪
禮拜,星期
禮拜,星期日
禮拜,週
禮拜六,週末
禮拜日,星期天
禮拜日,星期日
禮教食人,禮教吃人
禮毋下庶人,禮不下庶人
禮毋親授,禮不親授
禮無毋答,禮無不答
禮豈為𠊎設,禮豈為我設
禽獸毋如,禽獸不如
禾串,稻穗
禾仔,稻
禾仔,稻子
禾埕,晒穀場
禾埕,曬穀場
禾埕項,晒穀場上
禾寮下,禾寮下方
禾田,稻田
禾稈,稻草
禾筍,稻苗
禾筍,茭白筍
禾苗,稻苗
禾葉,稻葉
禾蝦仔,螽斯
禾鐮,鐮刀
禾鐮仔,鐮刀
禾鐮鐵,胰臟
禾鷝仔,褐頭鷦鶯
禿个,禿的
秀才仔,秀才
秀才毋出門，能知天下事,秀才不出門，能知天下事
秀才郎,秀才
秀而毋實,秀而不實
私伽錢,私房錢
私學,私塾
私恩細惠,私恩小惠
私菜,私房菜
秋下,暮秋
秋天,秋季
秋細鶴仔,秋小鷺
秋霖夜雨肥過屎,秋夜下的雨比屎還肥
科幻細說,科幻小說
秕秕,醍糊狀
秘結,便秘
租,租借
租屋仔,租屋
秤仔,磅秤
秤仔,秤
秤仔,秤子
秤星樹,燈稱花
秤桿星,燈稱花
秤梗星,燈稱花
秤盤,秤盤子
秤砣,秤錘
秥米,在來米
秧仔,秧苗
秧仔畚箕,裝盛秧苗的畚箕
秧地,秧田
秧盆,秧船
秧船,秧盆
移徙,搬遷
移徙,移動
稂毋稂莠毋莠,稂不稂莠不莠
稅屋,租屋
稅屋,租房子
稅屋仔,租房子
稅金,稅捐
稈仔,稻草
稈棚,稻草堆
稈棚,草堆
稈棚下,稻草堆邊
稈索,草繩
稔惡毋悛,稔惡不悛
稗仔,稗
稗仔,稗子
稗仔,稗草
稗官細說,稗官小說
稟仔,狀子
稟仔,訴狀
稟承,命令
稟賦,天賦
種,倒栽
種,種子
種,種植
種,種類
種仔,種子
種兜仔,種一些
種兩頭樹仔,種植兩棵樹仔
種子先生,種子老師
種崩崗,跳崖自殺
種有,種了
種牙,植牙
種痘仔,種牛痘
種草,品種
種草,遺傳
種著,種了
種觔斗,出醜
種觔斗,栽跟斗
種觔斗,翻觔斗
種觔斗,翻跟斗
種食毋得,不能種來吃
稱功討勞,誇耀
稱講,稱說
稴稴斜,傾斜
稴稴斜,斜斜的
稻米个文化,稻米的文化
穀仔,穀
穀嗄,穀卻
穀幼,穀細緻
穀粲,稻穗
積儲,積蓄
積弱毋振,積弱不振
積惡,做壞事
積惡,惡劣
積惡,狠心
積惡,邪惡
積惡,邪惡的
積毋相容,積不相容
積毋相能,積不相能
積細成大,積小成大
積非成係,積非成是
穩水个,穩水的
穩賺毋賠,穩賺不賠
穩食三注,穩吃三注
穴見細儒,穴見小儒
究竟,結果
空,孔
空,洞
空仔,孔洞
空出一息時間,空出一點時間
空即係色,空即是色
空口講,空口說
空口講白話,空口說白話
空心,中空
空心肚,空腹
空心肚,空著肚子
空手啦些,空著手
空殼餅,虛有其表
空版,孔版
空版印刷,絹印
空版畫,孔版畫
空空,完全沒有
空空,毫無一物
空肚,洞裡
空講,空說
空跡,空隙之地
空頭,把戲
穿二尺半个,穿二尺半的
穿堂,走廊
穿空打漏,孔孔洞洞
穿袍兒个,穿袍兒的
穿過,穿越
穿鞋个毋鬥赤腳个,穿鞋的不鬥赤腳的
突然間,突然
突突个,突突的
突落,突然掉落
窅毋可測,窅不可測
窗仔下,窗戶下方
窗仔項,窗戶上
窗門,窗
窗門,窗子
窗門,窗戶
窗門唇,窗邊
窗門打開較涼,窗戶打開比較涼
窗門脣,窗邊
窗門項,窗戶上
窗項,窗上
窟仔,小窟窿
窟仔,窟窿
窟肚,洞內
窟肚,窟底
窩壢,低窪地區
窩湖,低窪的地方
窩痕,凹痕
窩窟,凹陷處
窩窩,凹凹
窩糟壢,小山谷
窮个,窮的
窮个有腿沒褲子,窮的有腿沒褲子
窮就思變,窮則思變
窮就變，變就通,窮則變，變則通
窮極就變,窮極則變
窮毋失義,窮不失義
窮癲,窮瘋
窮細子,窮小子
窮苦,貧窮
窮苦,貧苦
窮苦人,窮人
窮苦家,窮人家
窮追毋捨,窮追不捨
窺牖細兒,窺牖小兒
窿空缺,留有後路
窿窿空空,空洞透氣
窿肚,洞裡
窿肚項,洞穴裡頭
窿肚項,隧道裡頭
竇,窩
竇肚,窩裡
竇項,窩裡
立方公寸,立方公寸-
立方公尺,立方米
立方米,立方公尺
立於毋敗之地,立於不敗之地
立毋住腳,立不住腳
立體雕,圓雕
竟係,竟是
竟然,居然
童乩,乩童
童話同故事集,童話和故事集
童謠,兒歌
端个,端的
端莊,莊重
端詳,打量
端詳,觀察
端陽,端午節
竳崎,陡坡
竳竳,挺直
竳竳,直立貌
竳線,漂亮
竳線,衣著標緻
竵竵,歪斜不正
竵竵,歪歪的
竵膣竵鳥,長相不正
竹仔,竹子
竹修,小竹枝
竹修,小竹條
竹修,細竹枝
竹凳仔,竹椅
竹包火,竹包辦火
竹圍莊頭,竹圍庄頭
竹圍頭莊頭,竹圍頭庄頭
竹園,竹子林
竹園下,竹園下方
竹壁屋,竹牆屋
竹屋項,竹屋上
竹截仔,竹截
竹排,竹筏
竹擔竿,扁擔
竹枝葉,竹衍生之事
竹棑,竹筏
竹槧仔,竹籤
竹殼,竹籜
竹笐,竹筒
竹笐底,竹筒底下
竹笐項,竹筒裡
竹笪仔,竹柵欄
竹笪仔,竹籬
竹筍蛄,竹子大象鼻蟲
竹筍蛄,竹蜂
竹筍蛄,竹蟲
竹筒項,竹筒裡
竹筱,小竹枝
竹筱,小竹條
竹筱,細竹枝
竹筱仔,小竹枝
竹筷仔,竹筷子
竹管肚,竹管裡
竹篙,竹竿
竹篙屋莊頭,竹篙屋庄頭
竹篙舞,竹竿舞
竹篙鬼,螳螂
竹籠項,竹籠裡
竹絲仔,細竹枝
竹蔗仔,白甘蔗
竹蔗仔,竹蔗
竹薯,竹芋
竹雞仔,竹雞
竹頭,竹林
竹頭下,竹叢下
竹頭尾,竹棵尾
竻,刺
竻楠,刺杜密
竻檔仔,裡白蔥木
竻欓仔,食茱萸
竻欓兒,食茱萸
竻瓜,胡瓜
竻瓜仔,小黃瓜
竻瓜仔,胡瓜
竻竹,刺竹
竻筋樹,刺杜密
竻莧仔,刺莧
竻衫竻褲,竻上衣竻褲子
笆,籬笆
笊簍,飯撈
笊簍,飯籬
笊簍戽水,徒勞無益
笑咪咪,微微笑
笑咪咪,微笑
笑咪咪仔,笑咪咪
笑咪咪仔,笑咪咪的
笑哂哂仔,笑嘻嘻的
笑嘻嘻仔,笑嘻嘻
笑弛弛,笑呵呵
笑弛弛仔,微笑
笑科,笑話
笑笑仔,微笑
笑笑仔,笑笑地
笑等,笑著
笑筊,笑杯
笑連連,笑咪咪
笑連連,笑容滿面
笑面,帶著微笑
笑面,笑臉
笑面佛,彌勒佛
笑頭笑面,眉開眼笑
笑頭笑面,笑容可掬
笛仔,嗩吶
笛仔,笛子
笛仔空,笛孔
笛仔聲,笛音
笛仔頭,笛頭
笛衣,笛膜
笠仔,草帽
笠嫲,斗笠
符誥,符咒
笨笨,豐腴
笨筍,嫩芽
笨筍,稚嫩
笨筍,肥嫩
笨筍,豐腴
第27屆世界客屬懇親大會,第26屆世界客屬懇親大會
第一尾,最後
第一擺,第一次
第一隻,第一個
第一項,首項
第三个,第三的
第三仔,第三
第三隻,第三個
第二,其次
第二个,第二的
第二擺,第二次
第二隻,第二個
第四仔,第四
第四隻,第四個
第幾多隻,第幾個
筆尾,筆鋒
筆洗仔,筆洗
筆痕,筆觸
筆記細說,筆記小說
筆頭草,木賊
等一下,晚一點
等一下,稍等
等一下,稍等一下
等一下,等一會
等一下正講,等一下方再講
等一下添,等一下
等下,等一下
等下仔,等一下
等來,著來
等候,等待
等加一下,等一下
等加添,等一下
等待,等候
等毋得,等不得
等毋掣,等不及
等等,等著
等股三角形,等腰三角形
等著,等到
等路,禮物
等鹹,超鹹
筋毋束骨,筋不束骨
筋渣膜絡,皮包骨
筋筋,細瘦
筋肉,肌肉
筋頭,筋
筋頭,韌帶
筍蛄,象鼻蟲
筍裡毋知茆裡,筍裡不知茆裡
答應毋迭,答應不迭
答毋會出,回答不出來
答著,答穿
答謝,酬謝
答識,桃來李答
筵席,席子
筶仔,筊
筷仔,筷子
筷仔銃,竹筷槍
筷頭嫲,筷子頭
箍啊,卡啊
箍圓圈仔,畫圈圈
箍字簿仔,生字本
箍核,卡著
箍桶,套桶
箍起來,圈起來
算个,算的
算來,到底
算來,推測
算來,算起來
算來,計算
算係,算是
算命个,算命的
算命仙,算命師
算命仙人,命理師
算命仙人,算命師
算命先生,命理師
算命先生,算命師
算字,算帳
算數,算帳
算數,結帳
算毋了,算不了
算毋得,算不得
算盤子,臺灣土黨參
算算仔,算一算
算著,算到
管區,轄區
管厥三七二十一,管他三七二十一
管家,管理家務
管山食山，管水食水,管山吃山，管水吃水
管捉,管理約束
管毋住,管不住
管道,途徑
管酌,管束
箭也似个,箭也似的
箭在弦上，毋得毋發,箭在弦上，不得不發
箭日,陽光直射
箭毋虛發,箭不虛發
箭竹仔,箭竹
箭等,光線直射著
箱仔,箱子
箱肚,箱子裡
箸,筷
節遮,摺傘
篆刻,雕刻
篡治,接管
篤實,忠厚老實
篦仔,梳子
篦仔,細齒梳子
篩仔,篩子
篩仔,篩網
篩仔項,篩子裡
篴仔,嗩吶
篷船,帆船
篾青,竹板
篾青,竹皮
簠簋毋飾,簠簋不飾
簡單,輕易
簡單又當該分人了解,淺顯易懂
簡肥擇瘦,肥的挑
簡賤,輕視
簫類樂器,笛類樂器
簷下燕,家燕
簷脣項,屋簷上
簷頭下,屋簷下
簿仔,筆記本
簿仔,簿子
籃仔,籃子
籌款給當地華細,籌款給當地華小
籠仔,籠子
籠仔肚,籠子裡
籠仔肚項,籠子裡面
籠仔肚項,籠子裡頭
籠仔項,籠子裡
籠床,蒸籠
籠床肚,蒸籠裡
籠床肚項,蒸籠裡面
籠床肚項,蒸籠裡頭
籠床項,蒸籠裡
籬仔蔗,紅甘蔗
籬牢犬毋入,籬牢犬不入
籬笆脣,籬笆旁邊
籮䈪,謝籃
米乳,米漿
米國,美國
米奶,米漿
米楻,米缸
米汁水,洗米水
米篩目,米苔目
米籮項,米籮裡
米粥水,米湯
米絞,碾米廠
米羅个維納斯雕像,米羅的維納斯雕像
米醬,味噌
米醬湯,味噌湯
米間,米行
米𥺆,爆米花
籽仔,種子
粄印,粄模子
粄圓,湯圓
粄圓花,千日紅
粄床,蒸籠
粄葉樹,黃槿
粉團兒似个,粉團兒似的
粉壁,上土
粉壁,粉刷牆壁
粉捽仔,板擦
粉牌,黑板
粉牌捽仔,板擦
粉盒仔,粉盒
粉紅,粉紅色
粉絲,球迷
粉腸,豬粉腸
粒,顆
粒仔,顆粒
粒粒,每一粒
粗,粗糙
粗仔索,粗繩
粗傢硬伙,粗重的家具
粗布仔,粗布
粗心大意,粗心
粗料,粗糙料
粗殘,殘忍粗暴
粗粗,不特殊
粗粗,稍微
粗粗,簡單地
粗粗,粗糙
粗粗仔,粗略地
粗糠,穀殼
粗缶仔,陶器
粗蠻,粗壯
粗蠻,粗獷
粗魄,粗壯
粗魄,身材壯
粗鱗鱗仔,粗粗的
粘人草,小白花鬼針
粟仔,小米
粢粑,麻糬
粢粑仔,粢粑
粥,稀飯
粥水,稀飯湯
粥水,飯湯
粳,漿糊
粵,廣東省
粽仔,粽子
精,聰明
精个,聰明的
精仔,插梢
精來又毋砉,百密一疏
精俐,精明伶俐
精功,頭腦聰明
精卵,受精卵
精哥精絕,非常精靈
精哥精絕,頭腦十分機靈的
精悍短細,精悍短小
精砉砉仔,精明
精砉砉仔,非常精明
精米所,碾米廠
精精,很精明
精精仔,很精明
精緻个,精緻的
精腳,精明
精過格,精明過度
精過格,精明過頭
精靈,聰敏
精頭精面,長很聰明
精食,挑好的來吃
糊塗,混亂
糊糊,糊狀
糕仔,小糕餅
糕仔,糕點
糕盆,果盆
糖仔,糖果
糖堆裡養个,糖堆裡養的
糖尿草,消渴草
糖梨仔,糖梨
糖梨仔,糖葫蘆
糖粥,甜稀飯
糖糜,甜稀飯
糖罐仔,野牡丹
糖膏,糖漿
糖蜂仔,蜜蜂
糜,稀飯
糝糝,飯粒不黏
糝糝,鬆散
糞土之牆毋可杇,糞土之牆不可杇
糞坑裡个石頭,糞坑裡的石頭
糞堆,垃圾堆
糞屎蛄,糞金龜
糞窖,廁所
糞窖,糞坑
糞窖,茅房
糞缸,廁所
糞缸,糞坑
糞蛄仔,糞金龜
糟嫲,酒糟
糟嫲,酒麴
糟嫲紅鳥,酒紅朱雀
糟嫲菌,麴菌
糟狼酒狽,狼狽不堪
糟粕,渣滓
糟糠之妻毋下堂,糟糠之妻不下堂
糟糠毋厭,糟糠不厭
糟腸扡肚,腸齋肚素
糠仔,米糠
糧毋繼日,糧不繼日
糯米子,大莞草
糯飯,糯米飯
糴穀,買米
糴米,買米
糶穀,賣穀
糶米,賣米
紅人,印地安人
紅冬冬,紅通通
紅卵,紅蛋
紅啾啾,顏色鮮紅
紅啾啾,鮮紅
紅啾啾仔,盛紅
紅嘴海鵝,紅嘴鷗
紅尾飛食鳥,紅尾鶲
紅尾鴝,赭紅尾鴝
紅尾麻竳鳥,紅尾鶇
紅打落肚,紅奚落肚
紅捩圈鳥,灰瓣足鷸
紅材子,呂宋莢蒾
紅柿仔,紅柿
紅柿仔,紅柿子
紅棗柑,長果金柑
紅樖仔,羽萼懸鉤子
紅樖仔,苦懸鉤子
紅毛泥,水泥
紅毛泥橋,水泥橋
紅毛番,荷蘭人
紅毛鴨,赤膀鴨
紅沒淬鳥,赤翡翠
紅泡仔,紅腺懸鉤子
紅漬漬仔,很紅
紅燕海鵝,紅燕鷗
紅珠仔,紅仔珠
紅目唊啜鳥,菲律賓輝椋鳥
紅目珠,紅眼症
紅目秋沙鴨,海秋沙
紅目貓頭鳥,領角鴞
紅磚仔,紅磚
紅磚瓦老屋,紅磚瓦老厝
紅竹,朱蕉
紅竻欓,食茱萸
紅粄,紅龜粄
紅細鶴仔,栗小鷺
紅羅花色,紅潤
紅羅花色,臉色紅潤
紅翼鳳頭鵑,冠郭公
紅翼麻竳鳥,斑點鶇
紅耳鷝,棕耳鵯
紅肚湢湢鳥,赤腹山雀
紅肚竳鳥,赤腹鶇
紅肚鷂角仔,燕隼
紅肚鷹,赤腹鷹
紅肚濫泥鳥,漂鷸
紅背仔,紫背草
紅背兒,紫背草
紅胸千腳鳥,紅胸鴴
紅胸田雞,緋秧雞
紅胸青鵓鴣仔,橙胸綠鳩
紅腰大鉤啜鳥,黦鷸
紅腰燕,赤腰燕
紅腳田雞,紅腳秧雞
紅腳濫泥鳥,赤足鷸
紅花幼女,年輕貌美的女子
紅花米,落葵
紅菜,紅鳳菜
紅菜頭,紅蘿蔔
紅蒼庚鳥,朱鸝
紅蘿蔔,胡蘿蔔
紅蘿蔔仔,紅蘿蔔
紅觜阿啾箭,紅嘴黑鵯
紅豆仔,紅豆
紅貓頭鳥,角鴞
紅辣椒,葒草
紅酒,紅葡萄酒
紅金鯉,紅色的鯉魚
紅霞紅霞,霞紅色
紅青燈,紅綠燈
紅面將軍,紅臉將軍
紅面烏鬼,紅面鸕鷀
紅面鶯,棕面鶯
紅頦ㄊ行鳥,紅喉潛鳥
紅頦嘴花鳥,紅胸啄花
紅頦噼噼鳥,赤喉鷚
紅頦飛食鳥,紅喉鶲
紅頦鴝,野鴝
紅頭伯勞,牛頭伯勞
紅頭大鶴,丹頂鶴
紅頭沒水鴨,磯雁
紅頭湢湢鳥,紅頭山雀
紅頭細畫眉,山紅頭
紅頭蟲,豆芫菁
紅頭青鵓鴣仔,紅頭綠鳩
紅頭濫泥鳥,穉鷸
紅頸湖鴨,角鸊鷉
紅頸鴨,赤頸鴨
紅馬㼎仔,馬㼎兒
紅鵓鴣仔,紅鳩
紅麴,酒糟
紅麻鴨,凟鳧
紅鼻雞,紅冠水雞
紅龍果,火龍果
紅龜粄,紅龜粿
紅龜粄,紅龜糕
紅鷺,朱鷺
紅領捩圈鳥,紅領瓣足鷸
紇字毋識,紇字不識
紋絲毋動,紋絲不動
紋風毋動,紋風不動
納意,滿意
納租,交租金
納稅,繳稅
純善,單純善良
純細數,純小數
紗布巾仔,紗布巾
紙,紙張
紙人公仔,紙偶
紙伯,厚紙板
紙包毋住火,紙包不住火
紙擘仔,瓦楞紙
紙枋仔,紙板
紙條仔,紙條
紙炮,鞭炮
紙炮仔,爆竹
紙炮仔,鞭炮
紙票,鈔票
紙筆墨硯,筆墨紙硯
紙絡,紙袋
紙絡,紙袋子
紙膏个,紙糊的
紙袋肚,紙袋裡
紙頂高,紙上面
紙項,紙上
紙鷂,紙鳶
紙鷂,風箏
紙鷂仔,紙鳶
紙鷂仔,風箏
紙黏泥,紙黏土
紛爭毋已,紛爭不已
紛雜,紛亂
素毋相識,素不相識
素絲,完美
素絲,無瑕疵
素絲,精緻
素絲,舒適
素英花,山素英
素行毋良,素行不良
索仔,繩子
索仔糖,麻花
索恬,靜寂無聲
紫根樹,黃連木
紫背唊啜鳥,小椋鳥
紫色玻璃菜汁指示劑,紫色高麗菜汁指示劑
紫色藿香薊,紫花藿香薊
紫鶴仔,紫鷺
紮,纏束
紮稈,紮稻草
紮紮,擁塞
紮紮,擠滿
紮髻鬃,紮髮髻
紮鬚毛,紮鬚髮
細,小
細丈夫,小丈夫
細三趾鶉,林三趾鶉
細三通,小三通
細上墳,小上墳
細上海,小上海
細个,小的
細丫頭,小丫頭
細主人,小主人
細么兒,小么兒
細乖乖,小乖乖
細乘,小乘
細乘戒,小乘戒
細乙,小乙
細九九,小九九
細亂避城，大亂避鄉,小亂避城，大亂避鄉
細事,小事
細二,小二
細二哥,小二哥
細人,小孩
細人,小孩子
細人之交甘若醴,小人之交甘若醴
細人仔,孩子
細人仔,小孩
細人仔,小孩子
細人兒,小人兒
細人兒書,小人兒書
細人國,小人國
細人坐車半票,小孩子搭車半票
細人家,小人家
細人得志,小人得志
細人樣,小人樣
細人殉財,小人殉財
細人物,小人物
細仔,小仔
細令,小令
細价,小价
細住,小住
細作家,小作家
細使,小使
細便宜,小便宜
細修,小修
細倆口,小倆口
細倈,男孩子
細倈,男生
細倈人,男人
細倈仔,男孩
細倈仔,男孩子
細倈仔,男性
細倈仔,男生
細倈仔便所,男廁
細倈先生,男老師
細倈時節,年輕時候
細倈時節,年輕時期
細傳,小傳
細僧,小僧
細兄,小兄
細兄弟,小兄弟
細先生,小先生
細兒,小兒
細兒之態,小兒之態
細兒之見,小兒之見
細兒放紙炮,小兒放紙炮
細兒麻痺疫苗,小兒麻痺疫苗
細全張,小全張
細兩口兒,小兩口兒
細公,小公
細六壬,小六壬
細兵立大功,小兵立大功
細冊子,小冊子
細冤家,小冤家
細划子,小划子
細別,小別
細利,小利
細前提,小前提
細剪尾,小剪尾
細劇場,小劇場
細功,小功
細加九,小加九
細劫,小劫
細動作,小動作
細動物,小動物
細包,小包
細千世界,小千世界
細半,小半
細卒,小卒
細印,小印
細原流,小原流
細友,小友
細叔姆,小叔母
細受大走,小受大走
細口,小口
細叮噹,小叮噹
細可,小可
細史,小史
細吏,小吏
細君,小君
細呂,小呂
細命兒,小命兒
細和尚念經,小和尚念經
細品文,小品文
細哥,小哥
細哥兒們,小哥兒們
細唱,小唱
細啄樹鳥,小啄木
細啄樹鳥,小啄木鳥
細喇叭,小喇叭
細喜,小喜
細喬,小喬
細嗓,小嗓
細嘍囉,小嘍囉
細嘴湢湢鳥,攀雀
細器,小器
細器作,小器作
細器易盈,小器易盈
細器相,小器相
細器鬼喝涼水,小器鬼喝涼水
細四輪,小四輪
細圈子,小圈子
細國寡民,小國寡民
細圓,小圓
細地方,小地方
細坐,小坐
細型,小型
細型報,小型報
細型客家文物展,小型客家文物展
細型股,小型股
細城故事,小城故事
細報,小報
細報告,小報告
細場面,小場面
細夜曲,小夜曲
細夜班,小夜班
細夥子,小夥子
細夥計,小夥計
細大姐兒裁械子,小大姐兒裁械子
細大毋捐,細大不捐
細大毋逾,細大不逾
細大由之,小大由之
細天地,小天地
細天鵝,鵠
細夫人,小夫人
細奚奴,小奚奴
細女,小女
細女人,小女人
細女子,小女子
細奶奶,小奶奶
細妖精,小妖精
細妞,小妞
細妮子,小妮子
細妹,女子
細妹,女孩
細妹,女性
細妹,女生
細妹,小女孩
細妹,小妹
細妹人,女人
細妹人,女孩子
細妹人,女性
細妹人,女生
細妹仔,女孩
細妹仔,女孩子
細妹仔,女性
細妹仔,女生
細妹仔便所,女廁
細妹先生,女老師
細妹條仔,少女
細妹間,妓院
細妻,小妻
細妾,小妾
細姆,二媽
細姊,二奶
細姊,妾
細姊,姨太太
細姊,小老婆
細姐,二奶
細姐,妾
細姐,姨太太
細姐,小老婆
細姐們兒,小姐們兒
細姑,小姑
細姑仔,小姑
細姑子,小姑子
細姑獨處,小姑獨處
細姨,二奶
細姨,妾
細姨,姨太太
細姨,小姨
細姨,小老婆
細姨仔,小老婆
細姪,小姪
細娃娃,小娃娃
細娘,小娘
細娘子,小娘子
細婆,二奶
細婆,妾
細婆,姨太太
細婆,小老婆
細婦,小婦
細婦人,小婦人
細婿,小婿
細媽兒,小媽兒
細嫂,小嫂
細嬸兒,小嬸兒
細子,么兒
細子,小子
細子,小孩
細子,小孩子
細子後生,小子後生
細字,小字
細字報,小字報
細字本,小字本
細字輩,小字輩
細孩子家,小孩子家
細孩子心性,小孩子心性
細孩子脾氣,小孩子脾氣
細孲,小孩子
細孲仔,兒童
細孲仔,嬰兒
細孲𤘅仔,小嬰兒
細學生,小學生
細宗,小宗
細官,小官
細官人,小官人
細官兒,小官兒
細定,小定
細定兒,小定兒
細客車,小客車
細家,小家
細家子,小家子
細家子氣,小家子氣
細家庭,小家庭
細家氣,小家氣
細家罕氣,小家罕氣
細家電,小家電
細寒食,小寒食
細寢,小寢
細寫,小寫
細寶貝中文班,小寶貝中文班
細將,小將
細尾,小尾
細屈大伸,小屈大伸
細屯,小屯
細山葡萄,細本山葡萄
細工,小工
細工藝,小工藝
細巧,小巧
細差事兒,小差事兒
細己,小己
細市,小市
細市民,小市民
細帖兒,小帖兒
細帳,小帳
細帽,小帽
細平頭,小平頭
細年,小年
細年夜,小年夜
細年朝,小年朝
細床,小床
細序,小序
細底,小底
細店,小店
細庵,小庵
細康,小康
細康社會,小康社會
細康計畫,小康計畫
細廉大法,小廉大法
細廉曲謹,小廉曲謹
細廝,小廝
細廟,小廟
細廣播,小廣播
細建,小建
細式,小式
細引,小引
細影,小影
細往大來,小往大來
細後生,小後生
細徑,小徑
細循環,小循環
細德,小德
細心就係本,小心就是本
細心沒過逾,小心沒過逾
細心眼,小心眼
細心眼兒,小心眼兒
細心細意,十分謹慎
細心細意,小心在意
細心細意,小心翼翼
細心臼,童養媳
細心臼仔,小媳婦
細心謹慎,小心謹慎
細忠細信,小忠小信
細思量,仔細思慮
細思量,仔細想
細性兒,小性兒
細怯大勇,小怯大勇
細恙,小恙
細恩細惠,小恩小惠
細惠,小惠
細意,小意
細意兒,小意兒
細意思,小意思
細憨牯,傻小孩
細憨牯,小呆瓜
細憩,小憩
細懲大誡,小懲大誡
細成,小成
細戲兒,小戲兒
細戴,小戴
細戶,小戶
細戶人家,小戶人家
細房,小房
細手,小手
細手細腳,小手小腳
細扒頭,小扒頭
細打扮兒,小打扮兒
細抄,小抄
細把戲,小把戲
細拇指,小拇指
細掛兒,小掛兒
細插曲,小插曲
細支氣管,小支氣管
細放牛,小放牛
細故,小故
細故事,小故事
細數,小數
細數點,小數點
細斂,小斂
細料料,小料料
細斧劈,小斧劈
細日子,小日子
細旦,小旦
細春,小春
細時了了，大未必佳,小時了了，大未必佳
細曲,小曲
細書兒,小書兒
細月,小月
細有細難，大有大難,小有小難，大有大難
細朝廷,小朝廷
細末,小末
細末因由兒,小末因由兒
細本生意,小本生意
細本經營,小本經營
細本經紀,小本經紀
細本買賣,小本買賣
細李,小李
細材大用,小材大用
細杖就受，大杖就走,小杖則受，大杖則走
細杜,小杜
細東西,小東西
細枉大直,小枉大直
細校,小校
細條,小條
細業種,小業種
細楷,小楷
細模樣兒,小模樣兒
細樣,小樣
細樹仔,小樹
細樹要砍，細孩要管,小樹要砍，小孩要管
細櫻桃,佩蘿特木
細歌劇,小歌劇
細步舞,小步舞
細步舞曲,小步舞曲
細毋容髮,細不容髮
細毋平,小不平
細毋忍就亂大謀,小不忍則亂大謀
細毋點,小不點
細毋點兒,小不點兒
細毛,小毛
細毛賊,小毛賊
細毛頭,小毛頭
細民,小民
細水燕仔,小雨燕
細水鴨,小水鴨
細水點,小水滴
細油嘴兒,小油嘴兒
細注,小注
細洋,小洋
細海豚,小海豚
細海豬,小海豚
細淨,小淨
細淨手,小淨手
細湖鴨,小鷿鷉
細湖鴨,小鸊鷉
細滑頭,小滑頭
細漢,個子小
細漢,年紀小
細漢个,年紀較小的
細潮,小潮
細澇翼仔,小杜鵑
細火輪,小火輪
細灶,小灶
細照,小照
細燕海鵝,小燕鷗
細爐兒匠,小爐兒匠
細爺,小爺
細牛仔,小牛
細牛子,小牛
細犬,小犬
細猢猻,小猢猻
細猴仔,小猴子
細猴仔,頑皮的小男孩
細王子,小王子
細王爺,小王爺
細玩藝兒,小玩藝兒
細班,小班
細球,小球
細產,小產
細田雞,小秧雞
細男女,小男女
細留學生,小留學生
細畜,小畜
細番子,小番子
細疾,小疾
細登科,小登科
細白,小白
細白尾鳥,小鵐
細白額野鵝,小白額雁
細白鶴仔,小白鷺
細盡,小盡
細盤,小盤
細目珠,小眼睛
細相,小相
細相公,小相公
細看,小看
細眼薄皮,小眼薄皮
細眾藝術,小眾藝術
細睡,小睡
細瞧,小瞧
細祥,小祥
細票,小票
細禮拜,小禮拜
細秋,小秋
細稔,小稔
細窗,小窗
細竊,小竊
細立,小立
細站,小站
細童,小童
細算盤,小算盤
細節,小節
細節目,小節目
細築,小築
細簡,小簡
細籠包,小籠包
細米麵,小米麵
細粒,小粒
細粒,小顆
細精靈,小精靈
細紅,小紅
細紕漏,小紕漏
細細,小小
細細,細小
細細仔,小小的
細細子,小小子
細細年紀,小小年紀
細細斜斜,小小不正貌
細細毋言,小小不言
細細漢,小小個
細細粒仔,小小顆
細細聲,小小聲
細細講,小小說
細細軟軟,小小軟軟
細細軟軟,小小軟軟的
細細間仔,小小間的
細組,小組
細結,小結
細經紀,小經紀
細綹,小綹
細線兒,小線兒
細縫,小縫
細羊仔,羔羊
細美園,小美園
細義,仔細
細義,客氣
細義,小心
細義,細心
細義兜仔,小心一點
細老,小老
細老兒,小老兒
細老婆子,小老婆子
細老媽,小老媽
細老爹,小老爹
細老闆,小老闆
細老頭兒,小老頭兒
細考,小考
細耳朵,小耳朵
細聖,小聖
細聰明,小聰明
細聲,小聲
細聲兜,小聲點
細聲細義,語音細小
細聲細義,輕聲細語
細聲話,悄悄話
細肉兒,小肉兒
細肉雞油,紅雞油
細肚子兒,小肚子兒
細肚雞腸,小肚雞腸
細胞子囊,小胞子囊
細胡桃,小胡桃
細胸肌,小胸肌
細腦,小腦
細腳,小腳
細腳色,小腳色
細腸,小腸
細腹,小腹
細腿骨,小腿骨
細膩,客氣
細膩漢,小膩漢
細臉兒,小臉兒
細臣,小臣
細至,小至
細臼齒,小臼齒
細舅,小舅
細舍人,小舍人
細船,小船
細花臉,小花臉
細花蔓澤蘭,小花蔓澤蘭
細范,小范
細茴香,小茴香
細草,小草
細菜,小菜
細菜碟兒,小菜碟兒
細菜飯,小菜飯
細葉,小葉
細葉欖仁樹,小葉欖仁樹
細葉雞油,紅雞油
細蘇,小蘇
細蘇打,小蘇打
細蘿蔔頭,小蘿蔔頭
細號,小號
細號烏鴉胗,血藤
細蛇哥,小蛇
細蟲仔,幼蟲
細蠻,小蠻
細行,小行
細行星,小行星
細衣,小衣
細衣裳,小衣裳
細袖,小袖
細補,小補
細裡細氣,小裡小氣
細襖,小襖
細襟,小襟
細見,小見
細見識,小見識
細視,小視
細覷,小覷
細角,小角
細解,小解
細言,小言
細計,小計
細試,小試
細試鋒芒,小試鋒芒
細話,小話
細語,小語
細說家,小說家
細調,小調
細講,細說
細謝,小謝
細豆兒,小豆兒
細豎,小豎
細豐滿發電廠,小豐滿發電廠
細豬仔,小豬
細貓頭鳥,鵂鶹
細財,小財
細貨,小貨
細貨車,小貨車
細販,小販
細買賣,小買賣
細費,小費
細賊,小賊
細賣,小賣
細賣部,小賣部
細賤,小賤
細赤老,小赤老
細路,小路
細蹄子,小蹄子
細車,小車
細車子,小車子
細軟兒,小軟兒
細輩,小輩
細轎,小轎
細辮兒,小辮兒
細辮子,小辮子
細農,小農
細運,小運
細過,小過
細過年,小過年
細過門兒,小過門兒
細道,小道
細道兒,小道兒
細道消息,小道消息
細選區,小選區
細遺,小遺
細郎,小郎
細酌,小酌
細酒,小酒
細醜,小醜
細醜跳梁,小醜跳梁
細量,小量
細針美容,小針美容
細鈔,小鈔
細鈴仔,小鈴鐺
細鉤啜鳥,小杓鷸
細鉤嘴畫眉,小彎嘴
細鋼炮,小鋼炮
細鋼珠,小鋼珠
細錢,小錢
細鍋菜,小鍋菜
細鑊,小鍋
細鑊,小鍋子
細鑊,小鐵鍋
細鑼仔,小鑼
細門生,小門生
細門細戶,小門小戶
細開,小開
細閒,小閒
細阿倈,小伙子
細阿哥,小伙子
細阿哥仔,小伙子
細阿哥仔,小男生
細阿妹,小姑娘
細阿妹,年輕女孩
細阿妹仔,小女孩
細阿妹仔,年輕女孩
細阿姆,小媽
細阿姊仔,小姐
細阿姐,小姐
細阿姐仔,小姐
細除夕,小除夕
細陽春,小陽春
細隊,小隊
細隙沉舟,小隙沉舟
細隻个,小隻的
細雅,小雅
細雛兒,小雛兒
細雞子,小雞
細雪,小雪
細雪球越滾越大,小雪球越滾越大
細零兒,小零兒
細電影,小電影
細霸王,小霸王
細青瓦,小青瓦
細青腳濫泥鳥,諾氏鷸
細鞋,小鞋
細音階,小音階
細頂人,小頂人
細頑,小頑
細頭,小頭
細頭細臉兒,小頭小臉兒
細題大作,小題大作
細題大做,小題大做
細額,小額
細飛俠,小飛俠
細食,小食
細館,小館
細馬乍行嫌路窄,小馬乍行嫌路窄
細馬達,小馬達
細鬟,小鬟
細鬼,小人
細鬼,小鬼
細鬼難纏,小鬼難纏
細鬼頭,小鬼頭
細魚子,魚苗
細魚脯仔,小魚乾
細鮮,小鮮
細鳥仔,小鳥
細鳥依人,小鳥依人
細鴨仔,小鴨
細鵝仔,小鵝
細鵪鶉,小鵪鶉
細鹿兒,小鹿兒
細鹿兒心頭撞,小鹿兒心頭撞
細黃,小黃
細黃門,小黃門
細黠大痴,小黠大痴
細鼓,小鼓
細鼓仔,小鼓
細鼓搗油兒,小鼓搗油兒
細齒輪,小齒輪
細龍,小龍
細龜背鳥,小鷸
細濫泥鳥,小濱鷸
細𠊎,小我
紳士,紳士派頭
紹介,介紹
終久,遲早
終始毋渝,終始不渝
終日毋倦,終日不倦
終毋成,終不成
終身讓路，毋枉百步,終身讓路，不枉百步
絃仔,胡琴
絃索,琴的絲線
絆人,力邀
結䃗,築石隄
結䃗,築隄防
結䟘來,結起來
結做,結成
結做,結為
結公婆,結成夫妻
結公婆,結為夫妻
結冤仇,結仇
結合線,連結線
結同年,結為同年兄弟
結好,堆好
結好,砌好
結子,結果
結子,結果實
結局,最後
結局,終究
結局,結果
結拜,結義
結拜个,結拜的
結拜个,結義的
結數,結賬
結束,了結
結束,告終
結束,完結
結束,終結
結毋解,結不解
結油,凝固
結煞,結束
結煞,辦法
結疕,結痂
結瘌,結痂
結瘌結瘌,結痂結痂
結究,最後
結究,終究
結究,結果
結米,稻子結實
結米,結實
結結,很結實
結結,很黏
結結,結實
結結,黏稠
結結好,推砌好
結舌,口吃
結舌,結巴
結舌令,繞口令
結舌又好講話,口吃又喜好說話
結舌締碓,說話結結巴巴
結花,別花
結蟲包,結繭
結親,結成親家
結親,結為親家
結親,結親家
結親,聯姻
結親家,結為親家
結頭菜,大頭菜
絕代,可惡
絕代,無後
絕口毋提,絕口不提
絕口毋道,絕口不道
絕對毋好,千萬不要
絕忒,滅絕
絕忒,絕種
絕毋,絕不
絕毋屈服,絕不屈服
絕毋相同,絕不相同
絕淨淨,阻斷光光
絕種,滅絕
絕絕,光光
絕絕,滅絕
絕食,絕吃
絕食,貪吃
絞緪來,扭緊來
絞著,纏住
絡索,套繩
絡索,絡繩
絡索,繩索
絡食,覓食
絡食,討生活
給个棒錘當針認,給個棒錘當針認
給𠊎記住,給我記住
絨毛衫,羽毛衣
絨頭絞髻,蓬頭散髮
絮絮毋休,絮絮不休
統制,統治
絲光唊啜鳥,絲光椋鳥
絲毫毋爽,絲毫不爽
絲竹,樂器
絲茅,白茅
綁票,勒索
綏忒,布紗鬆散掉
綑,捆
綑大豬,綑綁大豬
綑等,綁著
綑等,綑綁著
綑等,綑著
綑緪緪,綑緊緊
經久毋息,經久不息
經宿毋歸,經宿不歸
經期,生理期
綠豆仔暴芽,綠豆發出新芽
綠豆膨,綠豆凸
綢仔,綢布
綢仔布,絲綢
維他命,維生素
綯核,拴住
綯核,拴著
綯核,綁住
綯核,綁著
綯著,綁著
綱,批
綱目毋疏,綱目不疏
網仔,網子
網仔肚項,網子裡面
網仔肚項,網子裡頭
網仔項,網子上
網目毋疏,網目不疏
網著,網到
綴點,點綴
綹淨淨,綹單一單一
綹線,絲線
綹走,綹跑
綻筍,長出嫩芽
綻綻,開展
綻花郎當,破爛不堪
綻頭,調皮
綻頭,頑皮
綾羅衫,綾羅上衣
綿,爛掉
綿,軟爛
綿密細巧,綿密小巧
綿延毋絕,綿延不絕
綿忒,爛掉
綿撇,爛掉
綿撇去,爛掉
綿歇,爛掉
綿綿,煮得稀爛
綿綿,稀爛
綿綿,腐爛
綿綿仔,稀巴爛
綿綿仔,稀爛
綿綿仔,腐爛
綿綿仔,腐爛仔
綿綿毋息,綿綿不息
綿綿毋斷,綿綿不斷
綿綿毋絕，縵縵奈何,綿綿不絕，縵縵奈何
綿鼻公花,馬櫻丹
緊,一直
緊,一面
緊,不斷
緊,越
緊來緊,越來越
緊來緊下,每況愈下
緊來緊多,越來越多
緊來緊少,越來越少
緊來緊慘,越來越糟糕
緊來緊老,越來越老
緊促促仔,匆匆忙忙
緊做事緊,邊工作邊
緊做緊,越做越
緊做緊看,邊做邊看
緊兜,一直端
緊入心,起勁
緊出汗,一直流汗
緊去緊壞,越來越糟
緊唱緊,邊唱邊
緊唸,一直叨唸
緊啉緊,邊喝邊
緊問,一直問
緊喊,一直叫
緊嗽,一直咳嗽
緊噭,一直哭
緊噭緊,邊哭邊
緊學緊,越學越
緊寫緊,邊寫邊
緊尋,一直找
緊工,農忙
緊工時節,忙碌的時候
緊工時節,農忙
緊工時節,農忙期
緊張,驚惶
緊張毋安,緊張不安
緊徙緊出,越移越出去
緊急,迫切
緊急聯絡電話號碼,緊急連絡電話號碼
緊性,急性子
緊性,性急
緊性,積極
緊惇,一直在發抖
緊想,一直想
緊想緊,越想越
緊想緊,邊想邊
緊想緊譴,越想越氣
緊慢,快慢
緊拚拚,急忙
緊拚拚,急急忙忙
緊拚拚仔,急迫
緊拚拚仔,非常急迫
緊掣,一直抖動
緊搞緊,邊玩邊
緊毋緊,緊不緊
緊洗緊噭,邊洗邊哭
緊溜兒个,緊溜兒的
緊煮緊,邊煮邊
緊看,注視
緊看緊,越看越
緊看緊,邊看邊
緊看緊靚,越看越美
緊笑,一直笑
緊笑緊,邊笑邊
緊緊,越越
緊緊,趕快
緊緊,趕緊
緊聽緊,越聽越
緊聽緊,邊聽邊
緊行,一直走
緊行,越走
緊行緊,越走越
緊行緊,邊走邊
緊行緊冷,越走越冷
緊行緊淒人,一直走一直淒人
緊行緊遽,越走越快
緊衝衝仔,急迫催促
緊要,急迫
緊要,要緊
緊觸觸,匆忙
緊讀緊,邊讀邊
緊變,一直改變
緊走,一直跑
緊走,出走
緊走緊,邊跑邊
緊跳,一直跳
緊躁躁仔,急急忙忙
緊追毋捨,緊追不捨
緊逐,一直追
緊顫,一直抖
緊顫,一直發抖
緊顫,抽搐
緊顫,發抖
緊食,一直吃
緊食緊,越吃越
緊食緊,邊吃邊
緊點緊尋,一直點一直找
緊𥍉緊發光,閃閃發光
緘口毋言,緘口不言
線仔,線
線仔衫,線衫
線墜仔,線垂
線斗,漂亮
線桊好,線穿好
線縫,縫合處
線項,線上
締碓,言語糾纏
緣投,帥
緣投,帥氣
緣投,英俊
緣首,福首
緩毋濟急,緩不濟急
緩緩仔,慢慢地
緪,緊
緪斗,工作繁重
緪緪緪,緊緊緊
緪繃繃仔,經濟拮据
縈線,捲線
縐核仔,籽小肉多
縣大老,縣太爺
縣太老,縣太爺
縫仔,縫隙
縫仔,隙縫
縫肚項,縫裡頭
縮細,縮小
縮細圖,縮小圖
縮結,簡潔
縮結,精簡扼要
縮緪,縮緊
縱,放任
縱,縱容
縱了縱壞,寵壞了
縱壞,寵壞
縱壞忒,寵壞了
縱子,溺愛孩子
縱子,縱容孩子
縱子橫行,縱容孩子
縱容,放任
縱慣勢,寵慣了
縱慣勢,成了習慣
縱慣勢,長期縱容
縱成,寵成
縱死,寵壞
總下,全部
總下,總共
總係,總是
總係愛,總是要
總係會,總是會
總合,總和
總愛,只要
總愛,總要
總知,總知道
總算,終於
總算,終究
總講,總是
總講,總而言之
總鋪,廚師
績效毋彰,績效不彰
績線,紡紗
繃紅,很紅
繃緪,很緊
繃雄,很有精力
織女星,織女一
織理,治理
繡忒,繡完
繡核,繡著
繡樓頂上,繡樓頂往上
繡球花,洋繡球
繫,綁
繫而毋食,繫而不食
繫褲帶仔,繫腰帶
繫鞋帶仔,繫鞋帶
繷線,寬鬆
繼叔,繼父
續手,隨手
續手,順便
續手,順手去做
續等,接著
續等同厥心,接著把他的心
續著,卻穿
纏核,纏住
纏腳,纏足
纏著,纏到
纏藤莖,纏繞莖
纖毋盈握,纖不盈握
纖細,纖小
纖芥毋遺,纖芥不遺
纜索,纜繩
缶仔,陶瓷
缶仔泥,瓷土
缶泥,黏土
缸脣項,缸旁邊
缸裡个醬蘿蔔,缸裡的醬蘿蔔
缺一毋可,缺一不可
缺嘴,缺口
缺嘴仔,兔唇
缺嘴脣,兔脣
缺少,欠缺
缺少,缺乏
缺牙耙,缺牙
缺缺,破損
缺缺,缺角
缺葉油桐,千年桐
缺角,小缺口
缽仔,碗缽
缽頭,碗缽
罅,足夠
罅力,力道夠
罅啊罅仔,試探一下
罅喢,不以為然
罅擺仔,夠了
罅擺仔,過分
罅擺哩,真是夠了
罅無底,超出能力範圍
罅無頭䌈,摸不著頭緒
罅用,夠用
罅罅滾,足夠足夠滾
罅著,夠穿
罅足,足夠
罌仔,瓶子
罐仔,玻璃瓶
罐仔,瓶
罐仔,瓶子
罐仔,罐
罐仔,罐子
罐菜仔,霧水葛
罔用,值得使用
罔罔仔,還不錯
罔講,隨便說說
罔食,值得一吃
罔食,將就吃
罔食,尚可一食
罕得,很少
罕得,難得
罕見,少見
罩毋住,罩不住
罩蘭,卓蘭
罩蘭河,卓蘭河
罩蘭莊,卓蘭莊
罪人毋孥,罪人不孥
罪人毋帑,罪人不帑
罪毋可赦,罪不可赦
置之毋理,置之不理
置之毋顧,置之不顧
置而毋問,置而不問
置腹,知己
罰毋當罪,罰不當罪
罰錢,罰款
罵人毋吐核,罵人不吐核
罵忒,罵完
罷馬毋畏鞭箠，罷民毋畏刑法,罷馬不畏鞭箠，罷民不畏刑法
羅帕,面紗
羅愁,羅憂愁
羅福星事件,苗栗事件
羅經,羅盤
羅馬毋係一天造成个,羅馬不是一天造成的
羈毋䟘,羈不起身
羊仔㪐屎,斷斷續續而來
羊噦,羊鳴
羊嫲,母羊
羊子,小羊
羊子,小羔羊
羊子,羔羊
羊屎烏,杜英
羊屎菇,杜英
羊核卵,長序木通
羊欄,羊圈
羊毛衫,羊毛衣
羊牯,公羊
羊牯,雄羊
羊肉毋曾喫，空惹一身羶,羊肉不曾喫，空惹一身羶
羊腸細徑,羊腸小徑
羊腸細道,羊腸小道
羊臊,羊騷味
羊角,芰
羊角仔,菱角
羊角仔,酸藤
羊角鳥,水雉
羊豭,公的種羊
羊豭,種羊
羊頭仔,自行車的把手
羌仔,山羌
羌筋,細瘦
羌筋臘𧊅,瘦小體弱
羌羌,細小瘦瘦
美洲濫泥鳥,美洲尖尾鷸
美洲濫泥鳥,美洲黃足鷸
美滿,美好
美言毋信,美言不信
美麗个磨坊少女,美麗的磨坊少女
群山,成群的山
群細,群小
群而毋黨,群而不黨
義方係訓,義方是訓
義毋取容,義不取容
義毋生財，慈毋主兵,義不生財，慈不主兵
義毋辭難,義不辭難
義氣,自願
義父,乾爹
義父爺,義父
義齒,人造牙齒
義齒,假牙
羴味,氣味
羴頭,氣味
羴頭異重,傲氣十足
羹裡毋著飯裡著,羹裡不著飯裡著
羽毛球,羽球
習而毋察,習而不察
習非勝係,習非勝是
習非成係,習非成是
翕,悶
翕,悶熱
翕人,仗勢欺人
翕人,挑釁
翕人,挑釁人
翕出汗,悶出汗
翕熱,悶熱
翕相,拍照
翕相,攝影
翕相,照相
翕相機,照相機
翕相館,照相館
翕翕,悶熱
翕翕,鬱悶
翕著,悶到
翕豆芽,孵豆芽
翡翠,翡翠鳥
翰墨,筆墨
翹却,捲曲
翹却,突起
翹却,翹起
翹卻,平面板狀物
翹啜濫泥鳥,反嘴鷸
翹峨,燕尾脊
翹峨翹棟,屋宇高大
翹撇,死掉
翹撇,翹掉
翹曲,難侍候
翹毛紅尾鳥,冠鵐
翹牛仔伯,翹牛伯
翹翹枋,翹翹板
翹翹橫,東倒西歪
翹翹橫,頻頻倒下
翹頭,失衡
翹頭,失衡翹起來
翹頭枋,翹翹板
翹鼻麻鴨,花鳧
翻,吐
翻,嘔
翻,譯
翻倒轉,轉身
翻啊過身,翻過身
翻山過嶺,翻山越嶺
翻死𧊅,輕易的把人打倒
翻水,吐胃水
翻牙倒齒,說話翻來覆去
翻牙倒齒,顛三倒四
翻病,舊病復發
翻砂,鑄造
翻肚,嘔吐
翻腸仔,洗腸
翻臉毋認人,翻臉不認人
翻血,吐血
翻血,大量吐血
翻譯細說,翻譯小說
翻身,轉身
翻身轉側,翻轉身體
翻轉頭,回頭
翼尾仔,翅膀的尾端
翼翍翍,雙翅拍動
翼胛,翅膀
翼胛毛,羽毛
翼閕閕仔,翅膀張開
老,年紀大的
老,年長的
老,舊的
老个,老的
老个,舊的
老个少个,老的少的
老乞食,老乞丐
老人家,老年人
老人家坐巴士毋使錢,老人搭公車免費
老人成細子,老人像小孩子
老人衫,壽衣
老仔,舊的仔
老伙,老人家
老伙,老頭子
老伯姆,老太太
老例,老規矩
老例,舊例
老例,舊的方法
老係,老是
老俗,老禮俗
老俗,老規矩
老公,丈夫
老公姐,老夫妻
老古,古老
老古人,前人
老古人言,精神食糧
老古時代,古代
老吔,老了
老吔目珠花花,老了眼睛濛濛的
老哀,老母親
老哀仔,老母親
老大毋細,老大不小
老大細,老大小
老大食驚,老大吃驚
老太婆个裹腳布,老太婆的裹腳布
老妹,妹妹
老妹在洗身間洗身,妹妹在浴室洗澡
老妹好食,妹妹喜歡吃
老妹婿,妹夫
老妹婿,妹婿
老妹揹書包仔去學校,妹妹背書包去上學
老姉老嫂,老交情
老姐,老婆
老姑婆,老處女
老婦人家,老婦人
老嫩,老少
老嫩大細,老老少少
老實,誠實
老實个終須在,老實的終須在
老實伯,老實人
老屋,老家
老屋仔,老房子
老底,很久以前
老式个,老式的
老弟,弟弟
老弟在廳下看電視,弟弟在客廳看電視
老弟好食,弟弟喜歡吃
老弟心臼,弟媳
老弟心臼,弟媳婦
老弟當好食冰,弟弟很好吃冰冷
老弟當驚見笑,弟弟很害怕見笑
老成,老練穩重
老手路,老手
老時,古時候
老時,過時
老時,過時的
老樹,棺木
老樹開花,老年得子
老樹開花,老蚌生珠
老死毋相往來,老死不相往來
老毋拘禮,老不拘禮
老毋曉事,老不曉事
老毋死,老不死
老母,舊的母
老爺,老爸
老爺仔,老爺子
老牛食嫩草,老牛吃嫩草
老猴,老頭子
老猴牯,老公
老症頭,老毛病
老癲倲,老糊塗
老確確,又老又硬
老穀,舊穀
老米,舊米
老米飯捏殺毋成團,老米飯捏殺不成團
老約翰．史特勞斯,老約漢．史特勞斯
老細,老小
老緣,忘年交
老翹翹,很老
老老嫩嫩,老老少少
老老細細,老老小小
老而毋死係為賊,老而不死是為賊
老莊,老庄
老莊莊頭,老庄庄頭
老虎刺,大薊
老虎哥,螳螂
老虎牙,犬齒
老虎頭上捉虱嫲,在老虎的頭上捉虱子
老虎頭上捉虱嫲,太歲頭上動土
老蛤蟆,侏儒
老蟹,螃蟹
老蟹木,杜虹花
老蟹目,杜虹花
老貨,老人家
老貨,老頭子
老貨个,老人家
老貨个,老傢伙
老貨个,老頭子
老貨仔,老人家
老貨仔,老傢伙
老貨仔,老頭子
老貨嫲,拙荊
老貨嫲,老太婆
老貨嫲,賤內
老貨牯,男性老傢伙
老輩,老年人
老輩人,老一輩的人
老郎,老成持重
老長年,老長工
老阿伯,老伯
老阿伯,老伯伯
老阿公,老公公
老阿太,老阿婆
老阿姆,老母親
老阿婆,老婆婆
老阿媽,老祖母
老阿爸,老父親
老雞籠莊頭,老雞籠庄頭
老頭份莊莊頭,老頭份庄庄頭
老頭家,老老闆
老頭腦,冬烘先生
老顛倲,老番顛
老鳥精,老油條
老鳥精,老狐狸
老鴉仔,烏鴉
老鷹毋喫窠下食,老鷹不喫窠下食
老鼠仔,二頭肌
老鼠公,公老鼠
老鼠嫲,母老鼠
老鼠空,老鼠洞
老鼠色,灰色
老龜煮毋爛，移禍於枯桑,老龜煮不爛，移禍於枯桑
考到,考得
考察,考核
考察,視察
考察,調查
考慮,衡量
考毋得,考不成
考毋著,考錯
考著,考上
考著,考中
考著,考到
耐命,命大
耐命,生命力強
耐嫩,駐有術
耐屙糟,耐髒
耐得好,忍受得了
耐得好,忍受得住
耐得好,忍得了
耐得好,忍得住
耐得贏,忍受得了
耐得贏,忍受得住
耐得贏,忍得了
耐得贏,忍得住
耐毋住,耐不住
耐毋得,忍不住
耐當,撐得住
耐當,耐用
耐看,久看不厭
耐著,耐穿
耐過,撐過
耐飽,不容易餓
耕个,耕的
耕山耕田,開山闢地
耕毋去,耕不完
耕毋得,耕不成
耕田个,耕田的
耕田人,種田人
耕田儕,農夫
耕種,耕田
耕種,農夫
耕種人,種田人
耕種人,農夫
耕種人,農民
耗日仔,消磨時日
耗漦,誇大
耗爽,耗損
耗費,花費
耗造,不愛惜物資
耙仔,而字耙
耙仔,耙子
耙田,平整田地
耳側側仔,側耳傾聽
耳公,耳朵
耳公尾薄,耳根子軟
耳公尾薄,耳根軟
耳公空,耳朵洞
耳劇劇,得意
耳劇劇,得意洋洋
耳屎,耳垢
耳揞仔,耳罩
耳砣,耳垂
耳空,耳洞
耳空項,耳朵上
耳簷兒當毋个胡帽,耳簷兒當不的胡帽
耳細骨,耳小骨
耳聞毋如目見,耳聞不如目見
耳聾,耳朵聾
耳聾觥,耳聾
耳聾頂碓,聽覺不靈光
耳背背,耳背
耳背背,聽覺不靈敏
耳背背仔,耳背
耳背背仔,重聽
耳膜,鼓膜
耳膜仔,耳膜
耳膜仔,鼓膜
耳角角,側耳傾聽
耳角角,很仔細的聽
耳角角仔,側耳傾聽
耳角角仔聽,洗耳恭聽
耳鉤,耳環
耳靴靴,充耳不聞
耿耿,耿直
聊施細計,聊施小計
聖䴉,埃及聖䴉
聖筶,聖杯
聖筶,聖珓
聖筶,聖筊
聖蹟亭,字紙亭
聖蹟亭,惜字亭
聖蹟亭,敬字亭
聖蹟亭,敬文亭
聖蹟亭,敬聖亭
聘好,約好
聘好,約定好
聘好,說定
聘忒,約好
聘忒,約完
聘正來,商議清楚
聘正來,談妥
聘等,約定
聘金錢,聘金
聚總,會合
聚集,會合
聚集,集合
聞名毋如見面,聞名不如見面
聞過就喜,聞過則喜
聞風毋動,聞風不動
聯絡,聯繫
聯莊,聯庄
聯莊祭典組織,聯庄祭典組織
聲,聲音
聲下,聲音下方
聲哨,聲調音質
聲失失,聲音沙啞
聲聲句句,口口聲聲
聲胲,嗓門
聲賁有力,音色渾厚
聲量,音量
職係,職是
聽了風就係雨,聽了風就是雨
聽事个,聽事的
聽古,聽故事
聽啊著,一聽到
聽啊著,聽到
聽啊著就噭哩,聽啊穿就哭哩
聽得,能聽
聽得著,聽得到
聽得識,聽得懂
聽有無,有沒有聽懂
聽核,聽完
聽毋到風就係雨,聽不到風就是雨
聽毋得一面之詞,聽不得一面之詞
聽毋著,聽不到
聽毋識,沒聽懂
聽毋識,聽不懂
聽看,聽看看
聽而毋聞,聽而不聞
聽聽過,聽過
聽著,聽到
聽著,聽見
聽著講,聽說
聽講,聽話
聽講,聽說
聽講聽道,聽說聽道
肉丸,肉丸子
肉卒卒,肥胖多肉
肉撙撙,結實多肉
肉桂,土肉桂
肉毋好食傷多,肉類不宜吃太多
肉氣,肉類
肉氣,肉類食物
肉粽粽,結實多肉
肉色,皮膚色
肉色,膚色
肉麩,肉鬆
肐膊正折在袖子裡,肐膊只折在袖子裡
肖兔,屬兔
肖牛,屬牛
肖狗,屬狗
肖猴,屬猴
肖羊,屬羊
肖虎,屬虎
肖蛇,屬蛇
肖豬,屬豬
肖雞,屬雞
肖馬,屬馬
肖鼠,屬鼠
肖龍,屬龍
肚,裡
肚凸凸仔,露著肚子
肚凹凹,空空的
肚大,肚子大
肚屎,肚子
肚屎,腹
肚屎,腹部
肚屎枵,飢餓
肚屎疾,肚子痛
肚屎痛,肚子痛
肚屎肚,肚子裡
肚屎還枵,肚子好餓
肚底,下腹
肚底,下腹部
肚底,肚子
肚底,胃裡
肚弛弛仔,肚子鬆垮垮
肚弛弛仔,肚皮鬆垮
肚弛弛仔,肚部寬鬆
肚扐扐仔,抱著大肚
肚挺挺,挺肚子
肚挺挺仔,挺著肚子
肚枵,肚子餓
肚枵,飢餓
肚渴,口渴
肚渴就去食茶,口渴就去喝茶
肚痛,肚子痛
肚笥,肚子
肚笥,腹部
肚脛脛,又大又空
肚腸,心腸
肚膕膕,肚鼓鼓
肚膕膕,鼓脹的
肚臍窟,肚臍眼
肚臍絆,臍帶
肚臍絆,臍帶頭
肚裡个蛔蟲,肚裡的蛔蟲
肚裡講毋出來个苦,肚裡說不出來的苦
肚褡,肚兜
肚褡褲,開襠褲
肚項,裡頭
肚飢,肚子餓
肚飢,飢餓
肚飽目歪,貪得無厭
肚𦣇,腹部
肝炎草,小向日葵
肝炎草,狗肝菜
肝炎菜,狗肝菜
肝眼草,消渴草
股無胈，脛毋生毛,股無胈，脛不生毛
肢胳,胳肢窩
肢胳仔,腋下窩
肥,胖
肥倫,微胖
肥儡肥儡,微胖
肥卒卒,肥碩
肥卒卒,肥肥的
肥固固仔,胖嘟嘟
肥寮下,肥寮下方
肥擂擂,胖嘟嘟
肥料上肩,肥料往上肩
肥水毋落外人田,肥水不落外人田
肥水毋過別人田,肥水不過別人田
肥泏泏,胖胖的
肥泥,沃土
肥泥,肥沃的土壤
肥湯,高湯
肥漬漬,油膩膩
肥瓤,皮下脂肪
肥精,硫氨
肥肥,肥肥短短
肥肥,肥胖
肨蹄,蹄膀
肩毋能挑擔，手毋能提籃,肩不能挑擔，手不能提籃
肩胛,肩膀
肩胛落落,肩膀下垂
肩膀毋齊,肩膀不齊
肩衝衝仔,肩膀聳起
肩頭,肩膀
肩頭項,肩膀上
肯,願意
肯分个,肯分的
肯毋肯,肯不肯
肯無,肯嗎
肺家,肺臟
胃散,胃藥
胃腸炎,腸胃炎
背,以背承物
背,面
背偎背,背靠背
背傴傴,彎腰駝背
背債,欠債
背債,負債
背僻,偏僻
背啊著,背著
背囊,背部
背囊頂,背上
背囊頂高,背上
背囊骨,背脊
背囊骨,脊椎
背家濟仔,托缽行乞
背寒寒,背部微駝
背寒寒仔,背微駝
背尾,事後
背尾,後面
背尾,最後
背尾,背後
背帶魚,白帶魚
背弇弇,背部彎曲
背後,後面
背後,背地
背後,背面
背手,反手
背手,稍息
背拑拑,駝背
背拱拱,背部拱起
背方,背帶方
背景,布景
背書,背誦書
背核,背著
背毋得,背不了
背痀痀,彎腰駝背
背痀痀,駝背
背痀痀仔,背駝駝
背祖,忘本
背等,背著
背等,隱瞞
背細人仔,背小孩子
背翕翕,駝背
背著,背了
背蝦蝦,彎彎的
背踗踗,駝背前進
背鑊,駝背
背項,背上
背風,背著風
背駝駝,駝背
胍肚,腹部鼓起
胖大,專指小孩胖
胖姑娘坐細轎兒,胖姑娘坐小轎兒
胖子也毋係一口兒食个,胖子也不是一口兒吃的
胗肝,肝和胃
胗肝,肝胃
胚想,猜想
胞衣,胎盤
胞衣,胎衣
胞衣跡,出生地
胞衣跡,故鄉
胠罅下,胯下
胠開來,向兩邊分開
胠鬚,毛髮分岔
胡楝,苦楝
胭脂,口紅
胲哊哊仔,張口想吃
胲嗙嗙仔,臉紅脖子粗
胲滿肚飽,非常飽足
胲砣砣仔,頷下肉下垂
胲食,胲吃
胳,腋窩
胸抑法,胸戳法
胸挺挺仔,胸脯挺出
胸脯,胸
胸脯,胸膛
胸脯,胸部
胸脯肉,雞胸肉
胸膛,胸部
能免就免,能免則免
能力,才能
能毋,能不
能算能斷,會計算會判斷
能講毋能幹,能說不能幹
能講毋能行,能說不能行
能量毋滅律,能量不滅律
脂粉細說,脂粉小說
脂膏毋潤,脂膏不潤
脅下,胯下
脅下,腋下
脆命,羸弱
脆脆,很脆
脆脆,易碎裂
脈毋制肉,脈不制肉
脝水,含水多
脢條肉,小里肌肉
脢條肉,里肌肉
脢盎仔,太陽穴
脣,旁邊
脣口,旁邊
脣毋遮齒,脣不遮齒
脣毋離腮,脣不離腮
脣項,旁邊
脣頭,旁邊
脣頭,邊緣
脥下,腋下
脧仔,陰莖
脫忒,脫掉
脫撇,脫掉
脫毋㪐,脫不掉
脫淨淨,脫光光
脫爪毋得,被糾纏無法脫身
脫皮,蛻皮
脫脫撇,脫掉
脫衫,脫衣服
脫褲,脫褲子
腈肉,瘦肉
腈豬肉,瘦豬肉
腍濟腍濟,軟綿綿
腍腍,軟綿綿
腍腍,軟軟
腎家,腎臟
腎水弱,腎虛
腐忒,侵蝕
腔頭,腔調
腦,頭腦
腦之背,後腦杓
腦囟,頭囟
腦屎,腦漿
腦屎漿,腦漿
腦屎背,後腦
腦屎背,後腦杓
腦筋,腦神經
腦膈肚,腦海中
腦髓,腦髓。
腫腫,腫脹
腰仔,腎臟
腰仔,腰
腰仔病,腎臟病
腰仔草,法國莧
腰仔蕨,腎蕨
腰帶,褲帶仔
腰拑背吊,勞累不堪
腰拑背吊,彎著腰站不直
腰拑背吊,直不起腰
腰骨,腰部
腰骨痛,腰骨疼痛
腰骨痠,腰痠
腰骨痠軟,腰痠背疼
腰骨痠軟,腰痠背痛
腳㬹,腳跟
腳㬹,足後跟
腳㬹,足跟
腳㬹痛,足跟痛
腳㬹筋,腳後跟
腳㬹筋,腳筋
腳偏,腳拐
腳嗄,腳卻
腳囊肚,小腿肚
腳尖,足尖
腳尾,腳跟
腳惹惹,腳蹺蹺
腳斯,腳就
腳束束仔,不敢放開腳步
腳板,腳底
腳板,腳底板
腳板,腳掌
腳板,腳面
腳步,跨步
腳毋沾地,腳不沾地
腳毋點地,腳不點地
腳氣,腳氣病
腳浮浮,站不住
腳球,足球
腳疾,腳痛
腳痺痺,腳麻
腳痺痺,腳麻痺
腳盆,澡盆
腳盤,腳背
腳盤,腳面
腳盤,足背
腳目,踝關節
腳目珠,腳踝
腳目珠,踝關節
腳筋硬,翅膀硬
腳筋硬,翅膀硬了
腳胠胠,兩腿張開
腳胠胠,腳開開
腳脛,整條腿
腳脛脛,小腿裸露
腳脥下,胯下
腳脥下,跨下
腳腫腫,腳腫腫的
腳膝頭,膝蓋
腳著,腳受
腳趾公,大拇趾
腳趾公,大腳趾
腳趾公,腳姆趾
腳趾公,腳趾頭
腳趾尾,小腳趾
腳趾尾,腳小趾
腳趾目,腳趾關節
腳趾罅,腳趾縫
腳趾罅,腳趾間的間隙
腳跔跔,沒膽量
腳跔跔,縮腳
腳跛跛,一拐一拐
腳跛跛,腳跛
腳跛跛,跛腳
腳跡,腳印
腳跡,足跡
腳跡印,腳印
腳踏雙板橋,腳踏兩條船
腳踣著,腳扭傷
腳軟,腳痠
腳野球,足壘球
腳鋤,鋤頭
腳項,腳上
腳餿,簡陋粗俗
腳餿間仔,妓女戶
腳骨,小腿
腳骨,腳
腳髀,大腿
腸仔,腸子
腸肚,內臟
腹內,內心
腹內,內臟
腹內,心中
腹抑法,腹戳法
腹翼,腹鰭
膏,塗抹
膏到,塗得
膏嗟著咧,給騙了
膏手指甲,擦指甲油
膏油,上油
膏油,塗油
膏膏,糊糊
膏膏,黏稠
膏膏,黏稠貌
膏膏渧,糾纏不休
膏膏纏,糾纏不休
膏藥,膏布
膏藥仔,擦藥
膏藥仔,敷藥
膏面油,擦面霜
膜仔空,膜孔
膜翼目,膜翅目
膝頭,膝蓋
膝頭出目汁,傷心欲絕
膝頭關節,膝關節
膠膠,濃稠狀
膠膠,膠稠狀
膦屎,精液
膦棍,陰莖
膦火著,火大
膦火著,非常生氣
膦頭,膦棵
膨凳,沙發
膨凳,沙發椅
膨尾鼠,松鼠
膨床,彈簧床
膨紗衫,毛線衣
膨線,毛線
膨線衫,毛線衣
膨線衫,毛衣
膨膨,鼓鼓
膨鏡,放大鏡
膨風,吹牛
膩胲,反胃
膩胲,因膩反胃
膩胲,膩口
膩膩細細,沒有魄力
膽在在,心定沉著
膽大心細,膽大心小
膽水,膽汁
膽細如鼠,膽小如鼠
膽細鬼,膽小鬼
膽膽大,膽子大
膿頭不律,紛亂沒頭緒
臂帶,背帶
臆講,臆說
臉上過毋去,臉上過不去
臥到,呆呆笨笨
臥到,脾臟
臥榻之側，豈容厥人鼾睡,臥榻之側，豈容他人鼾睡
臥毋安席,臥不安席
臥毋安枕,臥不安枕
臥臥倒倒,頭腦不清晰
臥臥到到,口齒不清
臥臥到到,頭腦不清晰
臥臥到到,顛三倒四
臥角,仰角
臥角度,仰角度
臥角觀測器,仰角觀測器
臥起來,抬起來
臨危毋亂,臨危不亂
臨危毋懼,臨危不懼
臨危毋撓,臨危不撓
臨危毋顧,臨危不顧
臨天光,天快亮的時候
臨天光,拂曉
臨天光,黎明
臨天光仔,黎明
臨將,即將
臨將絕種,瀕臨絕種
臨尾,後來
臨尾,最後
臨尾,末尾
臨尾下,最後下方
臨文毋諱,臨文不諱
臨時,事到臨頭
臨時及急,匆忙
臨時及急,在匆忙中
臨時及急,急急忙忙
臨時及急,時間急迫
臨時揇佛腳,臨時抱佛腳
臨時極急,在匆忙中
臨晝仔,晌午時分
臨晝仔,近中午
臨晝仔,近午
臨晝仔,近午時分
臨晝頭,近午時
臨暗,傍晚
臨暗仔,傍晚
臨暗仔,傍晚時
臨暗仔,黃昏
臨暗時,傍晚時
臨暗邊,傍晚時
臨暗邊,傍晚的時候
臨暗頭,傍晚
臨死毋怯,臨死不怯
臨死毋恐,臨死不恐
臨臨仔,極接近
臨財毋苟,臨財不苟
臨難毋屈,臨難不屈
臨難毋恐,臨難不恐
臨難毋懼,臨難不懼
臨難毋懾,臨難不懾
臨難毋避,臨難不避
自个兒,自個兒
自嘆毋如,自嘆不如
自圓其講,自圓其說
自家,自己
自家个,自己的
自家人,自己人
自家倈,自己的兒子
自家屙屎自家食,自作自受
自家翻,自己翻
自家身體,自己身體
自殺轉來,自殺回來
自毋待言,自不待言
自然,天然
自然,當然
自然,自在
自然,輕鬆
自盡,自殺
自立一講,自立一說
自行車,腳踏車
自見者毋明,自見者不明
自謙,謙虛
自身照毋亮,自身照不亮
自𠊎,自我
自𠊎中心,自我中心
自𠊎介紹,自我介紹
自𠊎作古,自我作古
自𠊎作故,自我作故
自𠊎反省,自我反省
自𠊎吹噓,自我吹噓
自𠊎實現,自我實現
自𠊎批評,自我批評
自𠊎期許,自我期許
自𠊎肯定,自我肯定
自𠊎表現,自我表現
自𠊎解嘲,自我解嘲
自𠊎陶醉,自我陶醉
臭乳臊,乳臭味
臭乳臊,乳臭未乾
臭交交,臉臭臭的
臭交交,臭臉
臭俗,俗不可耐
臭名,惡名
臭尿馦,尿騷味
臭屎瓜,木虌子
臭屎雞油,黃連木
臭戇羴,有傻子的氣味
臭拂拂,氣味極臭
臭殕,霉味
臭毋可當,臭不可當
臭毋可聞,臭不可聞
臭水菇,霉味
臭汗酸,汗臭
臭沊,臭味
臭淨淨,臭掉
臭火煙,焦臭
臭火煙,煙味
臭火燒,燒焦
臭火𤊶,燒焦
臭羴,羶臊味
臭羴,臊味
臭羴,臭酸味
臭翕,悶臭味
臭翕臭翕,發臭氣味
臭耳聾,耳朵重聽
臭耳聾,耳聾
臭耳聾,聽力不佳
臭肨肨仔,臭氣沖天
臭腥,腥臭
臭腥,腥臭味
臭腥,魚腥味
臭腥公,大青
臭腳痌,臭腳
臭臊,羶臊味
臭臊,腥味
臭臊,騷味
臭臊,騷臭
臭臊吧咘,騷臭味
臭臊扡蟹,滿身腥臭
臭臭,臭臭的
臭臭曷,怪異臭味
臭艾仔,茵陳蒿
臭草仔,紫花藿香薊
臭草仔,馬櫻丹
臭菇,霉味
臭酸藤,百部
臭青,生蔬菜味
臭青,生青草味
臭青公,大青
臭青臭青,有很重的生草味
臭青蛇,臭青母
臭頭,癩痢頭
臭頭,頭臭
臭頭仔,臭頭
臭頭瘌刻,臭頭
臭風仔,冇骨消
臭餿,臭酸
臭餿,酸臭
臭餿,餿味
臭餿飯,餿飯
臭黃,過熟的氣味
臭鼻蟲,椿象
至少畜,至少養
至極,到極點
至死毋屈,至死不屈
至死毋悟,至死不悟
至死毋泯,至死不泯
臺,輛
臺仔,臺子
臺仔頂,臺上
臺北赤𧊅仔,臺北赤蛙
臺灣个客家人,臺灣的客家人
臺灣人參,霧水葛
臺灣山娘,臺灣藍鵲
臺灣山鷓鴣,深山竹雞
臺灣島,臺灣本島
臺灣敢有狐狸,臺灣有狐狸嗎
臺灣烏檀,毛柿
臺灣無出獅仔,臺灣沒有產獅子
臺灣畫眉,畫眉
臺灣笑畫眉,金翼白眉
臺灣翹毛畫眉,冠羽畫眉
臺灣金頂鳥,火冠戴菊鳥
臽下來,總計
舀,盛
舀吂到,舀還沒到
舀湯,盛湯
舂了舂,搗了搗
舂了舂,搥了搥
舂粢打粄,製作糕餅
舂臼,石臼
舂臼,舂米之臼
舂頭磕額,忙碌奔波
舂頭磕額,焦頭爛額
舅姆,舅媽
舅婆,舅祖母
與眾毋同,與眾不同
興嘟嘟仔,興沖沖的
興工,動工
興工,開工
興復毋淺,興復不淺
興隆,昌盛
興頭,興致
興頭,興致正高
興頭,興趣
舉人坪莊頭,舉人坪庄頭
舉子,舉人
舉手毋留情,舉手不留情
舉止毋凡,舉止不凡
舉毋勝舉,舉不勝舉
舉薦,推舉
舉薦,推薦
舊个毋去，新个毋來,舊的不去，新的不來
舊年,去年
舊曆,農曆
舊街路,舊街道
舊衫,舊衣
舊衫褲,舊衣物
舊詩,古詩
舊陋,不新鮮
舊陋,變質
舊陋,過時
舌㐁㐁,伸舌頭
舌㐁㐁仔,伸長舌頭
舌嫲,舌頭
舍𠊎其誰,舍我其誰
舍𠊎復誰,舍我復誰
舐,舔
舐嘴擸鼻,意猶未盡
舐淨來,舔乾淨
舐舐仔,舔一舔
舞出,弄出
舞到,弄到
舞到,弄得
舞射,捉弄
舞射,搗蛋
舞忒,弄完
舞忒,弄掉
舞舞,弄弄
舞麼个,在幹什麼
般般,樣樣
般般,種種
船仔,船
船仔草,棕葉狗尾草
船仔草,颱風草
船兒草,棕葉狗尾草
船哥,船夫
船多毋礙港，車多毋礙路,船多不礙港，車多不礙路
船毋漏針，漏針沒外人,船不漏針，漏針沒外人
船載个金銀，填毋滿煙花債,船載的金銀，填不滿煙花債
船頂,船上
良心毋安,良心不安
良田萬頃，毋如薄藝隨身,良田萬頃，不如薄藝隨身
艱苦,不舒服
艱苦,痛苦
艱苦,難受
艱苦,難過
艱苦个,艱苦的
色,顏色
色情細說,色情小說
色料,顏料
色格,儲色格
色目,色彩
色目,色調
色目,顏色
色相,樣子
色筆,彩色筆
艾仔,艾
艾仔,艾草
艾粄,艾草粄
艾粄,艾草糕
艾菜,茼蒿
艾菜,茼蒿菜
芋仔,芋頭
芋卵,小芋頭
芋粄,芋頭粄
芋荷,芋之莖葉
芋荷形,月光族
芋餅,芋頭餅
芍菜,甜菜
芒婆,五節芒
芒花,芒草花
芒花,菅芒花
芙蓉,荷花
芙蓉,蘄艾
芝加哥當代美術館,美國芝加哥當代美術館
芝麻細事,芝麻小事
芥辣醬,芥茉醬
芫荽仔,香菜
芭仔樹杷,芭樂樹枝
芭仔樹杷項,芭樂樹枝上
芭蕉扇,旅人蕉
花个花,花的花
花仁,花的種子
花仁,花種
花假,虛假
花假,虛假不實
花剌必駁,花色駁雜
花剌花剌,顏色鮮豔
花剪仔,花卉剪
花哩咇哱,花色駁雜
花啦嗶啵,色彩繽紛
花啦翼畫眉,紋翼畫眉
花啦頦畫眉,褐頭花翼
花啦食仁鳥,花雀
花啦鴉,星鴉
花啦鵰,花鵰
花啦鷂婆,花澤鵟
花嘴野鵝,豆雁
花囤女,童養媳
花園背,花園後
花園項,花園裡
花姿葉舌,招搖諂媚
花姿葉舌,挑撥是非
花尾草蜢鴓,花尾鴓
花尾草蜢𪂺,花尾𪂺
花崗石,花崗岩
花布仔,印花布
花布仔,花布
花扇柄,雨傘節
花托,花萼
花枝圓,花枝丸
花樣,戲碼
花毋棱登,花不棱登
花毋溜丟,花不溜丟
花片,花瓣
花生仁,生仁糖
花癲,精神失常
花癲,花癡
花盎,花瓶
花盎仔,花瓶
花細妹,花小妹
花缽仔,花盆
花肚,花裡
花背沒水鴨,鈴鴨
花舌,謊話
花芯,花蕊
花花,色不純
花花,視線模糊
花花假假,虛假
花花假假,虛虛假假
花花蓼蓼,說謊
花草,花卉
花草,通脫木
花莖,花梗
花菜,花椰菜
花蓼,謊話
花蕊,花朵
花藤,菊花木
花蛄仔,瓢蟲
花螺吊觜,花言巧語
花螺心,不專一
花螺心,不專心
花螺心,不專情
花螺蚊,斑蚊
花衫仔,花上衣
花酪酪仔,用心不專
花面唊啜鳥,灰椋鳥
花面唊嘴鳥,灰椋鳥
花面鴨,巴鴨
芳蘭生門，毋得毋鋤,芳蘭生門，不得不鋤
苗栗當多客人,苗栗很多客家人
苗栗真多客人,苗栗很多客家人
苗狸竹,孟宗竹
苗理竹,孟宗竹
苗竹,毛竹
苛人,苛刻對待
苛頭,架勢擺高
苞茅毋貢,苞茅不貢
若,你的
若个,你的
若个,若個
若係,假使
若係,如果
若係,如果是
若係,若
若係,若是
若係,萬一
若係有,若有
若倈仔,你兒子
若倈仔,你的兒子
若公,你的祖父
若姆,你的媽媽
若姊,你的姊姊
若姐仔,你的太太
若姐仔,你的老婆
若姪仔,你姪子
若姪仔,你的姪子
若婆,你的祖母
若婆,你的阿婆
若婆个朳仔,香蕉你個芭樂
若屋下,你家
若屋下,你的家
若爸,你的父親
若爸,你的爸爸
若等,你們
若老公,你先生
若老公,你的老公
若要人毋知，除非己莫為,若要人不知，除非己莫為
若這兜,你這些
若金,亮晶晶
若餔娘,你的太太
若餔娘,你的妻子
若餔娘,你的老婆
若餔娘當靚,你太太很漂亮
苦,味道苦
苦,窮苦
苦,貧困
苦丟丟仔,味道很苦
苦丟丟仔,很苦的
苦丟丟仔,苦苦的
苦力仔,苦力
苦嗒嗒仔,苦澀
苦楝,金楝子
苦楝,金鈴子
苦楝公,臺灣欒樹
苦楝子,金楝子
苦楝子,金鈴子
苦楝樹,楝樹
苦楝樹,苦苓
苦楝舅,臺灣欒樹
苦毋堪言,苦不堪言
苦毋聊生,苦不聊生
苦毒,虐待
苦海無邊，回頭係岸,苦海無邊，回頭是岸
苦煎煎仔,非常窮困
苦瓜草,葎草
苦甘苦甘,苦中帶甜
苦篤篤仔,苦的
苦篤苦篤,有點苦
苦苦,苦苦的
苦菜,苦滇菜
苦蕒,萵苣
苦郎,苦藍盤
苧仔,山苧麻
苧仔,苧麻
英文,英語
英雄正怕病來磨,英雄只怕病來磨
茄仔,茄
茄仔色,紫色
茄冬,重陽木
茄冬樹,茄冬
茄冬樹,重陽木樹
茄苳,茄冬
茄苳坑莊頭,茄苳坑庄頭
茄苳樹下莊頭,茄苳樹下庄頭
茅仔,白茅
茅仔,茅草
茅仔埔莊頭,茅仔埔庄頭
茅寮仔,茅屋
茅屋角項,茅屋角落地方
茅廁个磚,茅廁的磚
茅廁裡个石頭,茅廁裡的石頭
茅狗仔,弱小的狗
茅瓜仔,茅瓜
茅紋草蜢鶯,茅斑蝗鶯
茅茨毋剪,茅茨不剪
茫心,心神慌亂
茫然毋知,茫然不知
茫然毋解,茫然不解
茭筍,茭白筍
茴香仔,茴香
茶剪仔,茶剪
茶子,茶業種子
茶子,茶樹子
茶杯仔,茶杯
茶炙仔,燒水壺
茶箍,肥皂
茶箍,香皂
茶米,茶葉
茶米卵,茶葉蛋
茶罐,茶壺
茶芯,茶芽
茶葉卵,茶葉蛋
茶青,茶菁
茶飯毋思,茶飯不思
草仔,草
草唧仔,螽斯
草唧仔,蟋蟀
草坪,草地
草埔,草地
草壩白尾鳥,草鵐
草字,草書
草定,擬定
草屑仔,細碎的草
草屑仔,草屑
草弄弄仔,雜草叢生
草料,飼料
草竇,草叢
草竇肚,草叢裡
草紙,衛生紙
草蓬,草叢
草蜢,蚱蜢
草蜢,蝗蟲
草蜢仔,蝗蟲
草青青,綠油油
草頭下,草棵下方
草馬仔,螳螂
草馬囊,螵蛸
草魚,鯇魚
草塞貓頭鳥,草鴞
荊棘,險境
荐,薦
荒唐,誇張
荒唐毋經,荒唐不經
荒廢,廢棄不用
荒怪毋經,荒怪不經
荒渺毋經,荒渺不經
荒誕毋經,荒誕不經
荒謬細說,荒謬小說
荷木,木荷
荷爾蒙,賀爾蒙
荷蘭豆,豌豆
莊下,鄉下
莊下人,鄉下人
莊下屋,鄉下房屋
莊个,村莊的
莊中,村莊中
莊中人,莊裡的人
莊人,村莊的人
莊仔,村莊
莊仔項,莊裡
莊外,村莊外
莊肚,村子內
莊肚,村莊裡
莊肚,莊裡
莊背項,莊子後面
莊項,村莊裡
莊項,莊裡
莊頭,庄頭
莊頭,村莊
莊頭,村莊前頭
莧菜,香菜
莧菜竻,刺莧
莫,別
莫,勿
莫係,莫是
莫信直中直，須防人毋仁,莫信直中直，須防人不仁
莫做,不要做
莫到絕,莫到達絕
莫動,不要動
莫動,別動
莫好先,不要客氣
莫怪,不要責備
莫怪,怪不得
莫怪,難怪
莫恁懶尸,別偷懶
莫打爽,別浪費
莫插佢,不要理他
莫插佢,別理他
莫敢係,莫敢是
莫毋,莫不
莫毋係,莫不是
莫笑,別笑
莫系,莫內
莫荷毋連續面,莫荷不連續面
莫衷壹係,莫衷壹是
莫計較,別計較
莫講,不用說
莫講,不要講
莫講,何況
莫講,別說
莫講,別講
莫講,莫說
莫講,遑論
莫錯過,不要錯過
莫食忒多,不要吃太多
莫驚,不要害怕
莫驚,別怕
莫𢯭佢,別跟他一般見識
菁仔,檳榔
菁仔樹,檳榔
菅榛,芒草
菅榛,菅芒
菅榛,菅草
菅草,五節芒
菅草蒲下,五節芒下方
菅針,芒草
菅針,菅芒
菅針,菅草
菅頭,五節芒
菊花,杭菊
菜仁,種子
菜仁,菜子
菜仁,蔬菜種子
菜包,客家菜包
菜包,菜包子
菜單,清單
菜園項,菜園裡
菜尾,剩菜
菜瓜,絲瓜
菜瓜仔,絲瓜
菜瓜布,絲瓜布
菜瓜粥,絲瓜稀飯
菜瓜蛄,芫菁
菜秧,菜苗
菜秧仔,幼苗
菜秧仔,菜苗
菜秧仔,蔬菜苗
菜筍,菜芽
菜筍,青花筍
菜籽,種子
菜脯,蘿蔔乾
菜脯米,蘿蔔乾
菜脯絲,蘿蔔絲
菜蓋,菜葉
菜販仔,賣菜的人
菜路,廚藝
菜頭,蘿蔔
菜頭粄,蘿蔔糕
菜頭絲,蘿蔔絲
菜頭絲包,蘿蔔絲包
菜頭菜尾,剩菜
菜頭菜腳,剩菜
菜飯,飯菜
菝仔,番石榴
菣香,爆香
華八仙花,華八仙
菲利浦˙派翠克˙史塔克,菲利浦˙派屈克˙史塔克
菸,香菸
菸仔,菸草
菸屎,菸灰
菸屎胐,煙屁股
菸屎胐,菸屁股
菸屎胐,菸蒂
菸筒頭,長菸斗頭
菸葉,菸草
菸袋仔,菸袋
菽麥毋辨,菽麥不辨
萋,新鮮
萋婥婥仔,潔淨
萋萋,新鮮
萋萋著,新鮮新鮮穿
萋頭,鮮潔亮麗
萋魚,鮮魚
萍蹤毋定,萍蹤不定
萑苻毋靖,萑苻不靖
萬丈深坑,萬丈深淵
萬丈深坑肚,萬丈深淵裡
萬丈深淵頂項,萬丈深淵上面
萬丈高樓從底起,萬丈高樓平地起
萬事俱備，正欠東風,萬事俱備，只欠東風
萬事拜託,千萬拜託
萬二,一萬二
萬古,梵谷
萬古毋滅,萬古不滅
萬夫毋當,萬夫不當
萬戶,很富有
萬望,殷切希望
萬歲爺,天子
萬死毋辭,萬死不辭
萬毋及一,萬不及一
萬毋可失,萬不可失
萬毋失一,萬不失一
萬毋得已,萬不得已
萬般皆係命，半點毋由人,萬般皆是命，半點不由人
萬華,艋舺
萬萬毋可,萬萬不可
萬變毋離其宗,萬變不離其宗
萬貫家財,家產萬貫
萬金毋換,萬金不換
萬隻,萬個
萬點金,燈稱花
落,幢
落,疊
落,落下
落,鬆脫掉下
落下,掉下
落下,脫落
落下遮,降落傘
落下𪘒,下巴脫臼
落个直過兒,落個直過兒
落仔,套子
落仔,紙袋子
落仔,騙子
落份,落下份
落來,下來
落來,進來
落來坐,進來坐
落價,降價
落兜仔雨,下點雨
落力,賣力
落去,下去
落去,進去
落吔雨,下了雨
落嘴,入嘴
落圈仔,套圈圈
落地,到達地面
落地架,起落架
落埋,落下埋
落大價,價格暴跌
落大價,價錢狂跌
落大水,下大雨
落大雨,下大雨
落尾,後來
落尾,最後
落尾,殿後
落尾就走等去,落下尾就跑等去
落屋,進屋
落屋去,進屋去
落山,下山
落底,底部破了
落彩,逢好運
落得河水毋洗船,落得河水不洗船
落忒,下太
落忒,消去
落忒,落完
落忒,落掉
落成,工程完畢
落拓毋羈,落拓不羈
落撇,下太
落撇,消去
落撇,落完
落撇,落掉
落文,入神
落櫃,櫃底脫落
落款,寫下姓名
落歇,休息
落毋个,落不的
落毋係,落不是
落氣,出洋相
落氣,出糗
落水,下雨
落水天,下雨天
落水毛仔,下毛毛雨
落泥,低潮
落泥,出生
落煞,下完
落熟,滾瓜爛熟
落田,下田
落田,下田工作
落秧,下穀種
落第,留級
落第,落榜
落缺,留缺口
落肉,變瘦
落肥,施肥
落臍,邋遢
落花,凋謝
落菜,入菜
落落,鬆垮垮
落落,鬆脫
落落來,落下來
落虧,落下虧
落財,落下財
落車,下車
落透透,下透透
落選,沒選上
落酵,放酵母菌
落鑊,下鍋
落開來,落下開來
落陰,下陰間
落難,遭遇災禍
落難,陷入困境
落雨,下雨
落雨,降雨
落雨吔,下了雨
落雨天,下雨天
落雨天,雨天
落雨天愛擎遮仔,下雨天要撐傘
落雨量,降雨量
落雪,下雪
落雹,下冰雹
落霜,下霜
落霜,降霜
落飯,下飯
落魄毋羈,落魄不羈
葉下桃,閒人
葉下桃,閒著無事的人
葉下紅,紫背草
葉仔,葉子
葉仔,葉片
葉仔形,葉形
葉列,葉序
葉脣,葉緣
著,到
著,對的
著,正確
著,穿
著三毋著兩,著三不著兩
著下驚,嚇一跳
著个,對的
著了,對了
著住,穿住
著來著去,穿來穿去
著傷,受傷
著像像,穿像像
著共條褲,志同道合的人
著到,感染
著加,多穿
著加一領,多穿一件
著啊,對啊
著啊著,一穿到
著喔,對喔
著天釣,盲腸炎
著天釣,遭天譴
著天釣,闌尾炎
著天雷,被雷擊
著天雷,遭雷擊
著好,穿好
著屎驚,無端的驚恐
著得,能穿
著得落,穿得下
著忒,穿太
著恁少，會寒無,穿這麼少，會冷嗎
著意,穿意
著抑毋著,對不對
著抑毋著呢,對還是不對
著新衫,穿新衣
著書立講,著書立說
著毋著,穿錯
著水衣,穿雨衣
著火,失火
著火,火燒起來
著火燒,著火
著烏烏,穿黑黑
著無,對不對
著無,對嗎
著燒暖來,穿保暖
著獎,中奬
著獎,中獎
著獎券,中獎券
著病,得病
著睡衫,睡衣
著穿,穿著
著等,穿上
著等,穿著
著落去,穿進去
著著,中獎
著著,困住
著著,困住了
著著,完全正確
著著,感染
著著,感染到
著著,正確
著著,沾到
著著,牢牢
著著,牢牢地
著著,穩固
著著,穿到
著著核,穩固核
著衫,穿衣
著衫褲,穿衣服
著衫褲,穿衣褲
著褲,穿褲子
著襪仔,穿襪子
著詩對,穿詩對
著起來,穿起來
著阿,對阿
著靚衫,穿漂亮的衣服
著靴仔,穿靴子
著鞋,穿鞋
著鞋,穿鞋子
著驚,受驚
著驚,受驚嚇
著驚,吃驚
著驚,嚇到
著驚,驚訝
著麻衫,穿孝服
葛藤,山葛
葩,把或串
葫蘆裡賣个甚麼藥,葫蘆裡賣的甚麼藥
葬忒去,下葬
葵扇,蒲扇
葷素毋忌,葷素不忌
蒐上蒐下,到處找
蒔毋得,不能插秧
蒔田,插秧
蒔田个,插秧的
蒔田師父,插秧工人
蒔禾仔,插秧
蒙古千腳鳥,蒙古鴴
蒙古症,唐氏症
蒜仁,蒜頭
蒜仔,大蒜
蒲仁,昌蒲籽
蒲園,昌蒲園
蒲聚尼,浦契尼
蒲蘇,昌蒲
蒲鞭毋施,蒲鞭不施
蒲鞭毋用,蒲鞭不用
蒸卵,茶碗蒸
蒸卵,蒸蛋
蒸熟个鴨子,蒸熟的鴨子
蒸甜粄,蒸年糕
蒸粄,蒸米糕
蒼天,上天
蒼庚鳥,黃鸝
蒼松,青松
蒼蠅毋抱沒縫个雞蛋,蒼蠅不抱沒縫的雞蛋
蓋,覆蓋
蓋仔,蓋子
蓋印,蓋章
蓋暢,很高興
蓋有自信,自信滿滿
蓋瓦,覆瓦
蓋發,富有
蓋纏,調皮搗蛋
蓋被,蓋被子
蓍簪毋忘,蓍簪不忘
蓍茅抹草,茅草綁抹草
蓬生麻中，毋扶而直,蓬生麻中，不扶而直
蓬白,很白
蓬白,通白
蓬白,非常白
蓮臺伯公,蓮臺土地公
蓮臺伯公廟,蓮臺土地公廟
蓮塘,蓮花池
蓮塘背,蓮花池後面
蓮根,蓮藕
蓮花,睡蓮
蓮花,荷花
蓮花,蓮
蓮花臺,荷花臺
蓮蕉花,美人蕉
蔓講,蔓說
蔗仔,甘蔗
蔗園項,蔗園裡
蔗工,甘蔗工
蔗殼,蔗葉殼
蔗粕,蔗渣
蔗頭,甘蔗頭
蔥仔,蔥
蔥毋使切恁幼,蔥不要切這麼細
蔥毋好切恁幼,蔥不要切這麼細
蔥頭,洋蔥
蔫毋唧,蔫不唧
蔭忒,淹沒
蔭水,引水灌溉
蔭水,淹水
蔭蔭,陰暗
蔭豉,豆豉
蕃藷,蕃薯
蕃衍毋絕,蕃衍不絕
蕊,朵
蕭蘭毋辨真,蕭蘭不辨真
蕹菜,甕菜
蕹菜,空心菜
蕹菜湯,空心菜湯
薄利多賣,薄利多銷
薄翼,薄翅
薄翼揚尾仔,薄翅蜻蜓
薑係老个辣,薑是老的辣
薑嫲,薑
薑嫲,薑母
薑嫲島,薑母島
薑嫲鴨,薑母鴨
薑嫲鴨店,薑母鴨店
薯梁,裡白葉薯榔
薯莨,裡白葉薯榔
薰蕕毋同器,薰蕕不同器
薸仔,水萍
薸仔,浮萍
藏寶窿,藏寶洞
藐毋可測,藐不可測
藐細,藐小
藐視,輕視
藕薯,葛鬱金
藕藕,不平整
藜藿毋採,藜藿不採
藝多毋壓身,藝多不壓身
藠仔,蕎頭
藠仔,蕗蕎
藠仔,薤
藠仔,露京
藠頭,良京
藠頭,蕎頭
藠頭,蕗蕎
藠頭,薤
藠頭,露京
藤仔,藤
藤性,蔓性
藥㾊,藥布疹
藥仔,藥
藥單,處方箋
藥架下,藥架下方
藥炙仔,煎藥的罐子
藥甑,藥桶
藥醫毋死病，佛度有緣人,藥醫不死病，佛度有緣人
蘄扇樹,蒲葵
蘆竹仔,蘆葦
蘆竹仔,開卡蘆
蘆草,蘆薈
蘆萁,筆筒樹
蘇打水,碳酸水
蘇笛,曲笛
蘇細妹,蘇小妹
蘋拋子,木蓮
蘭氏細島,蘭氏小島
蘸,沾
蘸水,沾水
蘸著,沾上
蘸藥指,無名指
蘸豆油,沾醬油
蘿蔔仔,蘿蔔
蘿蔔粄,蘿蔔糕
蘿蔔絲卵,蘿蔔絲蛋
虎毋拉,虎不拉
虎毒毋食兒,虎毒不吃兒
虎毒毋食兒,虎毒不食兒
虎毒毋食子,虎毒不食子
虎牙,犬齒
虎皮伯勞,虎紋伯勞
虎竳鳥,虎鶇
虎豹毋外其爪,虎豹不外其爪
虎頭,虎棵
虎頭崁下,虎頭崁下方
虎頭柑,酸柑
虎頭海雕,虎頭海鵰
虐毛蟲,毛毛蟲
處所,住所
處所,地址
處所,居住地
處方簽,處方箋
處理撇,處理掉
處罰,懲罰
處變毋驚,處變不驚
虛懸,懸疑性
虛玄,玄虛
虛空,空虛
虛虛,孱弱
虛虛,脆弱
號位仔,佔位子
號著,占到
號著,占據
號號滾,號號叫
號頭,號碼
虧毋盡,虧不盡
虬虬,彎曲
虬虬,捲捲
虬虬,蜷曲
虯毛仔,卷髮
虯虯,卷曲
虯走,卷曲了
虹吸盎,虹吸瓶
虻仔,虻
虻仔,蚊蟲
蚊仔,蚊子
蚊子遭扇打，正為嘴傷人,蚊子遭扇打，只為嘴傷人
蚊掃仔,趕蚊的拂塵
蚊秀才,蚊子
蚵仔,牡蠣
蛀牙,齲齒
蛀米蟲,米蟲
蛄仔,甲蟲
蛄仔,臭鼻蟲
蛇哥,蛇
蛇樖仔,臺灣蛇莓
蛇泡,臺灣蛇莓
蛇波,臺灣蛇莓
蛇無頭而毋行，鳥無翅而毋飛,蛇無頭而不行，鳥無翅而不飛
蛇窿,蛇洞
蛇窿透𧊅窟,沆瀣一氣
蛇總管,細葉金午時花
蛇聲鬼噭,發出怪聲
蛇聲鬼噭,鬼叫
蛇莓,臺灣蛇莓
蛇藥,細葉金午時花
蛇過尋棍,事後補救
蛇頭指,食指
蛞螺仔,蝸牛
蛤蟆,田雞
蛤蟆个,田雞的
蛤蟆皮,田雞皮
蛤蟆胲,下巴
蛤蟆胲,下巴頦
蛤蟆胲,喉結
蛻殼,蟲類
蜂仔,蜜蜂
蜂房毋容鵠卵,蜂房不容鵠卵
蜂王,女王蜂
蜂竇,蜂巢
蜂竇,蜂窩
蜂糖,蜂蜜
蜂蟲,蜂蛹
蜂鷹,鵰頭鷹
蜆仔,河蜆
蜆仔,蛤蜊
蜆仔湯,蜆湯
蜈蚣蟲,蜈蚣
蜒著,被蟲毒灼傷
蜞蚻,蟑螂
蝓膏汁帶,黏溚溚
蝓螺,蛞 蝓
蝓螺,蛞蝓
蝓螺,蝸牛
蝓螺仔,蛞蝓
蝓螺遰當遽,蝸牛擴散很快
蝓豆,秋葵
蝕忒,減損
蝕忒,縮小
蝕撇,減損
蝕撇,縮小
蝕本,虧本
蝠婆,蝙蝠
蝠婆仔,蝙蝠
蝦公,蝦
蝦公,蝦子
蝦公夾 ,鬼針草
蝦公夾,大花咸豐草
蝦公夾,大花鬼針草
蝦公夾,小白花鬼針
蝦公夾,鬼針草
蝦公絲,密花苧麻
蝦公腳,小白花鬼針
蝦米,蝦仁
蝦蜚仔,小蝦米
蝦蜱,蝦皮
蝨多了毋咬，債多了毋愁,蝨多了不咬，債多了不愁
蝨嫲,虱子
蝨嫲,蝨子
蝨嫲,頭蝨
蝨嫲頭,梵天花
蝲䗁,蜘蛛
蝶仔,蛾蝶
蝶仔,蛾類昆蟲
蝶仔花,鳳凰木
螔螺,蝸牛
螔螺仔,蝸牛
螺絲仔,螺絲
螺絲仔,螺絲釘
螺絲嫲,螺帽
螺絲把,螺絲起子
螺絲釘仔,螺絲釘
螺絲鑽仔,螺絲起子
螺螷仔,蚌
螺螷精,蚌殼精
螻蛄仔,螻蛄
蟈蟈,鼓鼓的
蟪蛄毋知春秋,蟪蛄不知春秋
蟬仔,角蟬
蟬毋知雪,蟬不知雪
蟲䘆,蚯蚓
蟲仔,昆蟲
蟲仔,蟲子
蟲包,繭
蟲包,蛹
蟲包期,蛹期
蟲網仔,捕蟲網
蟲食牙,蟲吃牙
蟻仔,小型螞蟻
蟻公,螞蟻
蟻公竇,蟻巢
蟾蜍,癩蝦蟆
蟾蜍衫,蟾蜍上衣
蠅頭細利,蠅頭小利
蠅頭細楷,蠅頭小楷
蠍仔,蠍子
蠕蠕動,不停鑽動
蠕蠕動,蠕動
蠕蠕膩膩,支吾其詞
蠕蠕趖,蠕動爬行
蠕蠕鑽,蠕動貌
蠶仔,蠶
蠶仔葉,小桑樹
蠶兒似个,蠶兒似的
蠶筴,蠶繭
蠶葉樹,小桑樹
蠶蟲,蠶蛹
蠻毋蠻，侉毋侉,蠻不蠻，侉不侉
血壓機,血壓計
血毋歸經,血不歸經
血流血著,血流如注
血流血著,血流滿面
血漬漬,血淋淋
血漬漬仔,血流很多
血細板,血小板
行,行走
行,走
行一站路,走一段路
行上,走上
行下去,走下去
行个方便,行個方便
行事,做事
行來,走來
行來行去,走來走去
行偎,走近
行入,走進
行入,進入
行入去,走進去
行兼來,走近
行兼來,走近一點
行兼來,走近點
行兼去,跟著去
行出,走出
行到,走到
行到,走得
行前,前進
行向,走向
行向,通往
行啊去,走過去
行啊透,走到底
行善,做好事
行在,走在
行地理,執堪輿業
行地理,從事堪輿
行坐毋安,行坐不安
行好,走好
行嫁,出嫁
行孝,盡孝
行孝,盡孝道
行家莫講力把話,行家莫說力把話
行尞,徜徉
行尞,散步
行尞,隨意走走
行山,地層滑動
行帖,發帖子
行往出,往外走
行往出,走出去
行往前,走上前
行後門,走後門
行得,可以消受
行得,走得
行得到,走得到
行得夜路多，必有遇鬼時,夜路走多了總會碰到鬼
行忒,走完
行忒,走掉
行拚拚,走清理清理
行春,踏春
行月仔,月經
行梯排,走樓梯
行棋,下棋
行棋,玩棋
行棋仔,下棋
行棋子,下棋
行毋去,走不到
行毋及言,行不及言
行毋得,行不得
行毋得,走不了
行毋得也哥哥,行不得也哥哥
行毋改名，坐毋改姓,行不改名，坐不改姓
行毋更名，坐毋改姓,行不更名，坐不改姓
行毋由徑,行不由徑
行毋苟合,行不苟合
行毋苟容,行不苟容
行毋踰方,行不踰方
行毋通,行不通
行毋顧言,行不顧言
行水,添水
行水路,走水路
行涼,散步
行灶下樣仔,往來頻繁
行為,舉止
行無路,沒路走
行無路,沒辦法想
行無路,無路可走
行祭,祭奠
行等,走著
行等來,走著過來
行等走,走離
行聘,下聘
行船,跑船
行著,走到
行血,活血
行行,走走
行行仔,走訪
行行坐坐,走走
行行坐坐,走走停停
行行行,走走走
行貨,劣貨
行貨,劣質品
行起來,走起來
行路,步行
行路,走路
行踏,行為舉止
行較上,往上多走
行較上,走上一點
行較上,走較高
行轉,走回
行轉來,走回來
行通,排泄
行遍,走遍
行過,走過
行過去,走過去
行開,走開
行頭,帶頭
行頭,帶頭做事
行頭,統率
行頭,領導
行香,上香
行香,拿香拜拜
衍講,衍說
衖縫,縫隙
街市頭,街上
街舞,熱舞
街路,街道
街路圖,街道圖
街路項,街上
街路頭,街上
街路頭,街頭
街項,街上
街頭,街上
街頭細報,街頭小報
衝上衝下,四處亂竄
衝啊來,撲鼻
衝擊性地動,衝擊性地震
衝新,嶄新
衝新,極新
衝新砉爛,中看不中用
衝林,林木茂密
衝著,嗆著
衣冠毋整,衣冠不整
衣毋兼采,衣不兼采
衣毋如新，人毋如舊,衣不如新，人不如舊
衣毋完采,衣不完采
衣毋布體,衣不布體
衣毋曳地,衣不曳地
衣毋經新，何由得故,衣不經新，何由得故
衣毋蔽體,衣不蔽體
衣毋解帶,衣不解帶
衣毋遮身,衣不遮身
衣毋重帛,衣不重帛
衣毋重采,衣不重采
衣衫毋整,衣衫不整
衣衫襤褸,衣著破爛
衣錦返鄉,衣錦還鄉
衣錦過鄉,衣錦還鄉
表,圖表
表,表格
表仔,表兄弟
表仔,表親
表壯毋如裡壯,表壯不如裡壯
表演到,表演得
表示,意味著
表裡毋一,表裡不一
衫,上衣
衫,衣服
衫尾,上衣下襬
衫尾,衣後腳
衫帕,圍裙
衫帕,衣服下襬
衫帕項,圍裙上
衫帕項,衣服下襬上
衫弓仔,晾衣架
衫弓仔,衣架
衫架仔,衣架
衫櫥,衣櫃
衫櫥,衣櫥
衫箱仔,衣箱
衫腳,衣腳
衫腳,衣角
衫袋,口袋
衫袋,衣服口袋
衫袋,衣袋
衫袋仔,衣服口袋
衫袋仔,衣袋
衫袋肚,口袋裡
衫袖,衣袖
衫袖,袖口
衫袖,袖子
衫袖口,袖口
衫褲,衣服
衫褲,衣褲
衫領仔,衣領
衰,倒楣
衰尾,衰微
衰漦,倒楣
衰漦,沒格調
衰過,可憐
衰過了,可憐了
衰鬼,倒霉鬼
衰鳥遇著狂銃,歪打正著
袋仔,口袋
袋仔,袋子
袋核,袋著
袋項,袋子裡
袖仔,袖子
袪把,掃帚
袪把,掃把
袪把,竹掃帚
袪把,竹掃把
被,被子
被仔,被子
被單肚,被單裡
被骨,棉被
被骨裡肚,被窩
裁剪,剪裁
裁棚,事前準備
裁縫師父,裁縫師傅
裂忒,裂開
裌仔,背心
裏背肚,裡面
裔孫,子孫
裙,裙子
裙仔,裙子
裙搭仔,裙鉤子
補冬,冬令進補
補冬,進補
補墊,補貼
補牙齒,鑲牙
補血,新血
補衫,縫補衣服
補衫,補衣服
補衫褲,縫補衣褲
補衫褲,補衣服
補衫褲,補衣褲
補鑊,補鍋子
補鑊,鳥鳴聲
補鑊仔,補鍋子
補鑊仔,鳥鳴聲
補鑊頭,修補鍋子
補鑊頭,補鍋子
補鑊鳥,姑惡鳥
補鑊鳥,白腹秧雞
裝,弄
裝,捉弄
裝,放入
裝,整理
裝,配置
裝下,弄下
裝便便,裝好好
裝入,裝進
裝啊去,裝進去
裝好,弄好
裝得佢落,裝得下
裝憨,裝傻
裝核,弄完
裝核,弄掉
裝毋得,裝不了
裝毋落,裝不下
裝毋著,裝錯
裝淰,裝滿
裝等,裝了
裝等,裝著
裝緊,弄著
裝落去,裝進去
裝裝,弄弄
裡外毋係人,裡外不是人
裡肚,當中
裡肚,裡面
裡背,內部
裡背,當中
裡背,裡面
裡背肚,裡面
裡背項,裡面
裨裨接接,接接補補
裸翻歌,顛倒說的歌
裸裸倒貶,翻過反面
裸裸反,衣服穿顛倒
裹粽仔,包粽子
複菜仔,鴨舌草
複雜,复雜
褊狹細器,褊狹小器
褊細,褊小
褫奪,剝奪
褲,褲子
褲帶仔,腰帶
褲搭仔,褲頭上的鉤子
褲腳,褲管下方
褲腳,褲角
褲落下來,褲子掉下來
褲落下來,褲子鬆落
褲袋仔,褲袋
褲袋肚,褲袋裡
褲襠底,褲襠
褲頭,褲腰
褲頭下,褲腰下
襖婆,大外套
襖婆,大衣
襖婆,棉襖
襖衫,棉襖
襖袍,棉襖
襪仔,襪子
襯瘍癧,鼠蹊部腫痛
襯頭,均衡
襯頭,平衡
襯頭,相等
襲著,襲到
西伯利亞竳鳥,白眉地鶇
西來庵事件,噍吧哖事件
西山莊莊頭,西山庄庄頭
西洋瓜,佛手瓜
西洋瓜絲,佛手瓜鬚
西洋瓜絲,龍鬚菜
西片,西邊
西瓜偎大片,趨炎附勢
西瓜園項,西瓜園裡
西裝社,西服號
西風个話,西風的話
要做事,要工作
要死毋能，要生毋能,要死不能，要生不能
要毋,要不
要毋个,要不的
要毋得,要不得
要毋然,要不然
要緊,急切重要
要緊,重要
要錢毋要命,要錢不要命
要食爛肉，別要惱著火頭,要吃爛肉，別要惱著火頭
要飯个,要飯的
覂忒,打翻
覂淨淨,倒光光
覆菜,福菜
覆覆等,加以翻轉覆蓋
見个情,見個情
見之毋取，思之千里,見之不取，思之千里
見人,任何人
見人毋得,難為情
見去,每次去
見善如毋及,見善如不及
見堵見輸,逢賭必輸
見怪,抱怨
見怪,責備
見怪毋怪,見怪不怪
見怪毋怪，其怪自敗,見怪不怪，其怪自敗
見慣毋驚,見慣不驚
見擺,每一次
見擺,每次
見本,樣品
見本,樣本
見本盎,樣本瓶
見死毋救,見死不救
見毋得,見不得
見毋得人,見不得人
見毋長,見不長
見溺毋救,見溺不救
見烏洗,一律清除
見物毋取，失之千里,見物不取，失之千里
見笑,不好意思
見笑,慚愧
見笑,羞恥
見笑花,含羞草
見笑草,含羞草
見細,見小
見義毋為，係為無勇,見義不為，是為無勇
見著,見到
見證,作證
見識著,見識到
見賢毋隱,見賢不隱
見賭見贏,逢賭必贏
見賭見輸,逢賭必輸
見鐘毋打，更去煉銅,見鐘不打，更去煉銅
見風係雨,見風是雨
規矩毋能方圓,規矩不能方圓
規範,典範
覓水,臉沒入水中
覓蜆仔,挖蛤蜊
覓蜆仔,摸河蜆
視之毋見，聽之毋聞,視之不見，聽之不聞
視而毋見,視而不見
視而毋見，聽而毋聞,視而不見，聽而不聞
覡公,道士
親事,婚事
親像,好像
親友,親戚朋友
親家姆,親家母
親愛个,親愛的
親暱暱,親密
親暱暱,親暱
親暱暱仔,極為親暱
親暱暱仔,親密
親暱暱仔,親暱
親暱暱仔,親熱
親毋親，故鄉人，美毋美，鄉中水,親不親，故鄉人，美不美，鄉中水
親爺,生父
親爺,親生父親
親爺娘,親生父母
親身,切身
親身,親自
覷个意順,覷個意順
覺厥,覺他
覺著,以為
覺著,感到
覺著,覺得
觀棋毋語真君子,觀棋不語真君子
觀測天時,觀測天氣
觀眉講眼,觀眉說眼
觀音娘,觀音娘娘
觀音生,觀音生日
觀音竹,朱蕉
角叉叉,外叉
角揫來,推攏
角菜,菠菜
角菜,菠蔆
角起來,圍起來
角雞鴨,圍起
角項,角落
角項,角落地方
角頭,角落
角頭,角落地方
角鷂仔,雨燕
觜人,啄人
解勸,勸導
解夢先生,解夢老師
解落去,解開
解說,說明
解釋,注釋
解鈴還係繫鈴人,解鈴還是繫鈴人
解開來,鬆開
觥飯毋及壺飧,觥飯不及壺飧
觸目皆係,觸目皆是
觸著,冒犯
觸角,觸腳
言之毋文，行之毋遠,言之不文，行之不遠
言之毋渝,言之不渝
言之毋盡,言之不盡
言之毋預,言之不預
言之無文，行而毋遠,言之無文，行而不遠
言情細說,言情小說
言毋及私,言不及私
言毋及義,言不及義
言毋應點,言不應點
言毋盡意,言不盡意
言毋詭隨,言不詭隨
言毋諳典,言不諳典
言毋踐行,言不踐行
言毋逮意,言不逮意
言毋顧行,言不顧行
言無毋盡,言無不盡
言而毋信,言而不信
言而無文，行之毋遠,言而無文，行之不遠
言語,說話
言講,言說
訂定計畫,擬定計畫
訂簿記數,會計簿
訂簿記數,簿記
訂落去,訂下去
訄洗,譏諷
訄誚,諷刺
計毋旋踵,計不旋踵
計算機,電算器
討,娶
討个分曉,討個分曉
討來,娶來
討來,求來
討來,要來
討功勞,邀功
討功討勞,邀功
討心臼,娶媳婦
討揫,要齊
討數,要債
討數,要錢
討新娘,娶妻
討細姐,娶小老婆
討著,娶到
討著,求到
討著,要到
討著,討到
討親,娶親
討親,迎親
討討,要要
討進,娶進
討錢,要錢
討食,乞食
討食,維生
討食,要飯吃
討食,討吃
討食,謀生
討餔娘,娶妻
訕毋搭个,訕不搭的
記入心,記在心
記得,記住
記得䟘來,記得起來
記得𠊎無,記得我嗎
記得𫣆有約,記得我們有約
記性考驗,記憶力考驗
記才,記性
記才,記憶力
記數,記帳
記錄,記載
設,設立
設想,著想
設法,想辦法
設計,規劃
許著,許到
訶子,訶梨勒
註文,訂購
註文,預購
註死,註定會死
註生娘,註生娘娘
詏,強辯
詏,爭辯
詏,辯駁
詏事,辯
詏事講,辯說
詏命毋贏,詏不過命
詏嘴,爭論
詏數,爭辯帳目
詏會,辯論會
詏講,辯說
詐奸毋及,詐奸不及
詐意,假裝
詐意仔,假裝
詐戲,假裝
詐戲仔,不是真心的
詐昏挾雞肉,裝迷糊
詐死,裝死
詐死草,含羞草
詐毋知,假裝不知情
詐毋知,假裝不知道
詐生詐死,推拖
詐生詐死,推諉
詐病,裝病
詐癲詐痴,裝憨打呆
詐癲食狗屎,裝瘋賣傻
詐睡,裝睡
詐耳聾,裝耳背
評判,評審
評講,評說
詞毋悉心,詞不悉心
詞毋達意,詞不達意
試到,認為
試探,測試
試擺,試次
試看,嘗試
試看,試試看
試看仔,試試看
試看啊,試試看
試等,試著
試著,感覺
試著,覺得
試著,試到
試著,試穿
試著,認為
試著仰般,覺得怎麼
詩句碌碌,出口成章
詩書滿腹,滿腹經綸
詫仔,騙子
話人,勸告人
話人,勸解人
話到嘴邊留三分,話到舌邊留半句
話又講回來,話又說回來
話屎仔,閒言閒語
話毋投機,話不投機
話毋投機半句多,話不投機半句多
話毋虛傳,話不虛傳
話毋講毋明,話不說不明
話玲琅,大聲叫賣
話玲琅,拍賣
話著,以為
話語,言辭
話講,話說
話霸,藉口
該,容易
該,這個嘛
該,那
該,那個
該,那麼
該三隻,那三個
該下,那時
該下,那時候
該人,那人
該人,那個人
該仰,那怎麼
該仰般,那怎樣
該仰般,那怎麼樣
該位,那位
該位,那裏
該位,那裡
該位个,那裡的
該位方,那裡
該位項,那裡
該你,那麼你
該來个總會來,該來的總會來
該係,那是
該個人,那個人
該儕,那位
該儕人,那個人
該兜,那些
該兜人,那些人
該兩隻,那兩個
該向,那向
該哉,幸虧
該地方,那個地方
該坵,那坵
該埔,那塊
該堆,那堆
該壁,那牆
該外背,那外面
該央時,那時
該央時,那時候
該對,那對
該尞,那玩
該就,那就
該尾,那尾
該年,那一年
該年,那年
該搭仔,那裡
該搭位仔,那裡
該搭啊方,那搭建啊方
該擺,那一次
該擺,那次
該支,那支
該斯,那可是
該斯係,那就是
該方,那方
該日,那一天
該日,那天
該時,那時
該時節,那時
該時節,那時候
該晡日,那申時日
該暢,活該
該條,那條
該樣,那樣
該樣,那種
該樣,那項
該樣,那類
該樹下,那樹下方
該款,那個樣式
該款,那款
該款頭路,那種工作
該死,活該
該死,糟糕
該毋斯,難不成
該滿,那時
該片,那邊
該狐狸,那狐狸
該當,應當
該當,應該
該當時,那時
該當時,那時候
該盤菜脣項,那盤菜旁邊
該種,那種
該種事情,那種事情
該粒,那粒
該粒,那顆
該老个,那老的
該老阿婆,那位老婆婆
該莊,那莊
該袋,那袋
該賊仔走忒咧,那小偷走了咧
該跡位仔,那裡
該載,幸好
該載,幸虧
該載,還好
該邊,那邊
該門,那門
該間,那間
該間屋,那間
該陣仔,那陣子
該隻,那個
該隻店,那個店
該項,那裡
該項,那邊
該項个,那裡的
該頭,那一頭
該頭,那頭
該頭次,那頭次
詳細,仔細
詳細,完備
誅毋避貴,誅不避貴
誇大毋實,誇大不實
誇強講會,誇強說會
誌之毋忘,誌之不忘
認,辨認
認份,守份
認份,安份
認分,守本分
認字,識字
認真,認真的
認真个先生,黃麗芬
認著,認出
誐腦,稱讚
誓死毋二,誓死不二
誓死毋屈,誓死不屈
誓毋兩立,誓不兩立
誓毋甘休,誓不甘休
誕罔毋經,誕罔不經
誚㸐,嘲笑譏刺
誚㸐,嘲諷
誚誚㸐㸐,冷言冷語
語毋投機,語不投機
語毋擇人,語不擇人
語毋驚人,語不驚人
語焉毋詳,語焉不詳
誤事,誤解
誦經,唸經
誦背,背誦
誦講,誦說
誦讀,朗讀
誨人毋倦,誨人不倦
誨爾諄諄，聽𠊎藐藐,誨爾諄諄，聽我藐藐
誨而毋倦,誨而不倦
說人,稱說
說到企起來,讚譽有加
誼毋容辭,誼不容辭
調問,拷問
調單,徵集令
調羹仔,湯匙
調轉去,調回去
諄諄毋倦,諄諄不倦
談古講今,談古說今
談天講地,談天說地
談情講愛,談情說愛
談毋上,談不上
談毋攏,談不攏
談空講有,談空說有
談經講法,談經說法
請人,請客
請你莫見怪,請你不要見怪
請問上姓,請問貴姓
請問阿伯上姓,請問老伯貴姓
請問高鐵車頭仰仔行,請問高鐵車站怎麼走
請安,問候
請將毋如激將,請將不如激將
請教,請益
請等一下𠊎黏時過來,請稍等我馬上過來
請較早兜仔,請早點
論今講古,論今說古
論斷,推論
論起真來,真正說來
諢詞細說,諢詞小說
諷刺,浪洗
謀人,算計人
謀便,求方便
謀圖毋軌,謀圖不軌
謀忒,殺掉
謀為毋軌,謀為不軌
謀逆毋軌,謀逆不軌
謀頭路,籌劃事業
謏聞淺講,謏聞淺說
謔而毋虐,謔而不虐
講,說
講一係一,說一是一
講一係一，講二係二,說一是一，說二是二
講一毋二,說一不二
講三分,說三分
講三毋接兩,說三不接兩
講三講四,說三說四
講不得,說不得
講个比唱个好聽,說的比唱的好聽
講也奇怪,說也奇怪
講事,說事
講事過錢,說事過錢
講人人到，講鬼鬼到,說人人到，說鬼鬼到
講人情,說人情
講什麼也毋能,說什麼也不能
講今道古,說今道古
講來,說來
講來話長,說來話長
講做就做,說做就做
講價,討價還價
講價,議價
講公案,說公案
講兵機,說兵機
講分,說給
講分上,說分上
講到,說到
講到,說起
講到,談起
講到做到,說到做到
講到嘴滑,說得口乾舌爛
講到曹操，曹操就到,說到曹操，曹操就到
講到臘卵,說得圓滿無缺
講到食粥,說得很容易
講動,說動
講化,說化
講千講萬,以千萬論
講千講萬,說千說萬
講去講轉,說來說去
講參請,說參請
講口,說口
講古,說古
講古,說故事
講古,說書
講古,講故事
講古談今,說古談今
講合,說合
講合了蓋兒了,說合了蓋兒了
講和,和解
講和,說和
講唱,說唱
講唱文學,說唱文學
講啊著,一說到
講喊,講叫
講嗄,講卻
講嘴打嘴,說嘴打嘴
講嘴郎中無好藥,說嘴郎中無好藥
講四句,說吉祥話
講地談天,說地談天
講士,說士
講夢,說夢
講大話使細錢,說大話使小錢
講天缺,誇口
講天講地,說天說地
講太平話兒,說太平話兒
講好,說好
講好講歹,說好說歹
講媒,說媒
講學逗唱,說學逗唱
講定,說定
講客,說客
講家克計,說家克計
講寡嘴,說寡嘴
講岔,說岔
講帖,說帖
講得來,說得來
講得直了伙食,白費脣舌
講得著,說得著
講得過去,說得過去
講得響,說得響
講徹,說徹
講忒,講完
講念,說念
講情,說情
講戒,說戒
講撇,講完
講故事,說故事
講教,說教
講文,說文
講方便,說方便
講是談非,說是談非
講時遲，那時快,說時遲，那時快
講書人,說書人
講服,說服
講服力,說服力
講東談西,說東談西
講東道西,說東道西
講正經,說真的
講毋上,說不上
講毋上來,說不上來
講毋下去,說不下去
講毋來,說不來
講毋係,說不是
講毋出,說不出
講毋出,講不出
講毋得,無法形容
講毋得,說不得
講毋正,講不正
講毋清,說不清
講毋盡,說不盡
講毋聽,講不聽
講毋著,講錯
講毋過,說不過
講毋過去,說不過去
講法,說法
講泛,說泛
講海口,說海口
講淡話,說淡話
講清話,說清話
講清道白,說清道白
講溜了嘴,說溜了嘴
講滿話,說滿話
講演,演講
講演比賽,演講比賽
講漦講濞,扯東扯西
講煞,說完
講狂話,說夢話
講理,說理
講白,說白
講白了,說白了
講白來,坦白說
講白道綠,說白道綠
講白道黑,說白道黑
講相聲,說相聲
講看啊,聊聊
講真格个,說真格的
講瞎話,說瞎話
講短論長,說短論長
講短道長,說短道長
講短長,說短長
講矮話,說矮話
講破,說破
講破嘴,說破嘴
講穿,說穿
講章兒,說章兒
講笑,說笑
講笑,說笑話
講笑,開玩笑
講經,說經
講經講法,講經說法
講耍,說耍
講舌,說舌
講花蓼,說謊
講花蓼,說謊話
講落,說落
講落去,講下去
講著,提到
講著,說到
講著,說起
講著,談起
講著玩兒,說著玩兒
講處,說處
講親,說親
講親,說親事
講親道熱,說親道熱
講詞,說詞
講話,說話
講話个,說話的
講話人,說話人
講話兒,說話兒
講話恁直白,講話這麼直
講話答禮兒,說話答禮兒
講話算話,說話算話
講該,說那
講調,說調
講論,談論
講諢話,說諢話
講講笑笑,說說笑笑
講講道道,說說道道
講起,提起
講起,說起
講起來,說起來
講辭,說辭
講過,說過
講道,說道
講部,說部
講鈴,說鈴
講鐵騎兒,說鐵騎兒
講長短,說長短
講長短,講是非
講長論短,說長論短
講長講短,說長說短
講長道短,說長道短
講開,說開
講閒話,說閒話
講閒話兒,說閒話兒
講隻童話,講個童話
講雞胲,講誇大
講雞胲仔,吹牛
講雞胲仔,誇大
講雞胲仔,說大話
講雞胲仔,說話浮誇不實
講雨談雲,說雨談雲
講響話,說響話
講項,說項
講頭兒,說頭兒
講頭就知尾,舉一反三
講頭知尾,舉一反三
講風涼話,說風涼話
講風話,說風話
講風講水,說風說水
講鬼話,亂說話
講鬼話,說鬼話
講麼,說什麼
講麼个,說什麼
講黃道黑,說黃道黑
講黑道白,說黑道白
講鼓書,說鼓書
謬悠之講,謬悠之說
謹細慎微,謹小慎微
謹謹仔,謹慎小心
謾上毋謾下,謾上不謾下
譎而毋正,譎而不正
識,曾
識,曾經
識,認得
識,認識
識來,曾經來
識去,曾經去
識字,認得字
識有,曾經有
識看過,曾看過
識聽人講,曾經聽人說
識見過,曾看過
識講起,曾說起
識講過,曾說過
譚天講地,譚天說地
警察仔,警察
警察會捉賊仔,警察將要抓小偷
譫哆,閒聊
譫誃,閒聊
議員係用選个,議員是使用選的
議毋反顧,議不反顧
譴,生氣
譴到噼腦筋,生氣到噼腦筋
譴到齧牙,生氣到磨牙
譴呰呰仔,生氣
譴呰呰仔,負氣
譴死,氣死
譴粄,湯粢
譴著,氣到
譴責細說,譴責小說
護目,護眼
護髮霜,護髮乳
讀大戇書,讀死書
讀書,念書
讀書愛認真,讀書要認真
讀毋捨手,讀不捨手
讀無,沒念
讀著,讀到
變做,成為
變做,變成
變到,變得
變到,變成
變動毋居,變動不居
變化毋測,變化不測
變幻毋測,變幻不測
變形,形變
變撇,變完
變樣,變形
變毋出花樣,變不出花樣
變毋轉,變不回
變緪,變緊
變著,變成
變面,翻臉
變鬼變怪,耍手段
變鬼變怪,耍花樣
變鬼變怪,變花樣
讓一毋讓二,讓一不讓二
讓分人,折換給人
讓嘴,讓給他人吃
讓身仔,整個身子投入
讚毋絕口,讚不絕口
豁忒,丟掉
豆乳,豆漿
豆乳店,豆漿店
豆乾,豇豆乾
豆仔,豆子
豆仔,骰子
豆枝,豆棗
豆油,醬油
豆油膏,醬油膏
豆粥,菜豆稀飯
豆腐乾,豆乾
豆腐伯姆,賣豆腐的婦人
豆腐皮,豆皮
豆腐石,豆腐岩
豆腐肩鴨嫲蹄,身體軟弱
豆腐花,豆花
豆豉眼,內斜視
豆魚肉卵類,豆魚肉蛋類
豈正,豈只
豈毋,豈不
豈毋係,豈不是
豈毋知,怎會不知
豈毋知,豈不知
豎子毋足與謀,豎子不足與謀
豐原項,豐原裡
豐富个文化內涵,豐富的文化內涵
豐富个經驗,豐富的經驗
豐沛,豐富
豐沛,豐盛
豐湧,富有
豐湧,富裕
豐湧,豐裕
豐田莊頭,豐田庄頭
豐豐沛沛,很豐盛
豚肩毋揜豆,豚肩不揜豆
象仔,大象
象仔,象
象徵著,象徵等
象杞樹,樹杞
象棋樹,樹杞
豪放毋羈,豪放不羈
豪爽,不拘小節
豪邁毋群,豪邁不群
豬仔,豬
豬八戒食人參果,豬八戒吃人參果
豬利,豬舌頭
豬利頭,豬舌頭
豬哥,公的種豬
豬哥,好色之徒
豬哥仙,好色男
豬哥搭狗膦,牛頭不對馬嘴
豬哥牙,乳牙未脫
豬嫲,母豬
豬嫲瘵,癲癇
豬嫲瘵,羊癲瘋
豬嫲肉,母豬肉
豬子,小豬
豬寮,養豬場
豬小肚,豬膀胱
豬尾,豬尾巴
豬屎,豬便
豬屎,豬糞
豬接杓,接嘴
豬接杓,插嘴
豬接杓,搶嘴說話
豬接杓,搶話題
豬旺仔,豬血
豬旺紅鳥,普通朱雀
豬欄,豬圈
豬欄,豬舍
豬欄,養豬場
豬欄棚項,豬圈裡
豬欄棚項,豬圈裡面
豬欄肚,豬圈裡
豬母乳,馬齒莧
豬油粕,豬油糟粕
豬牯仔,小公豬
豬牸仔,小母豬
豬狗毋如,豬狗不如
豬砧,豬肉攤
豬竇,豬窩
豬竇肚,豬圈裡
豬篼,豬槽
豬籃仔,豬籠
豬粉腸,粉腸
豬紅,豬血
豬耳公,豬耳朵
豬肉擔,豬肉攤
豬肉粥,豬肉稀飯
豬肚湯,肚片湯
豬肝色,棕色
豬肝色,赭色
豬胚,小豬
豬腰仔,豬的腎臟
豬腰仔,豬腎
豬腰仔,豬腰
豬腰仔,豬腰子
豬腳筋,豬蹄筋
豬腸炒薑絲,薑絲大腸
豬菜,番薯葉
豬菜草,伏苓菜
豬菜草,土茯苓
豬販仔,豬販
豬食,豬吃
豬首,豬頭
豬髀,豬腿
豺淨淨,吃光光
豺牯,貪吃的人
豺蟲,蛔蟲
豺食,貪吃
貂毋足，狗尾續,貂不足，狗尾續
貌事,承包工作
貌係情非,貌是情非
貌毋驚人,貌不驚人
貌毋驚人，言毋壓眾,貌不驚人，言不壓眾
貌頭,承包商
貓仔,貓
貓仔,貓咪
貓兒竹,孟宗竹
貓公,公貓
貓子,小貓
貓徙竇,貓常搬家
貓扡粢粑,不容易脫身
貓牯,公貓
貓空流籠,貓空纜車
貓頭鳥,貓頭鷹
貓食生柿子,貓吃生柿子
貝厥係數,貝他係數
貝厥射線,貝他射線
貝厥蛻變,貝他蛻變
貝氏搓牙法,貝氏刷牙法
負固毋悛,負固不悛
負固毋服,負固不服
負擔,背負
財丁兩旺,添丁發財
財上,財往上
財高勢大,有錢有勢
貢貢滾打,打得很大聲
貧富毋均,貧富不均
貧賤之交毋可忘,貧賤之交不可忘
貧賤毋能移,貧賤不能移
貨尾,餘貨
貨比三家毋食虧,貨比三家不吃虧
貨腳仔,餘貨
販仔屋,成屋
販仔屋,新成屋
貪,貪心
貪多嚼毋爛,貪多嚼不爛
貪心毋足,貪心不足
貪細便宜,貪小便宜
貪花好色,貪圖美色
貪著,貪到
貪著,貪圖
貪食,貪吃
貪食懶做,貪吃懶做
責罰,懲罰
貯等,儲存
貯等,存著
貯金,儲蓄
貯金,存款
貯金,存錢
貯金簿,存摺
貯錢,儲蓄
貯錢,存錢
貴府,府上
貴毋凌賤,貴不凌賤
貴毋可言,貴不可言
貴蔘蔘仔,貴得很
貶䟘起來,翻正
貶白,翻白
貶貶忒,翻翻掉
貶車,翻車
貶轉來,翻轉
貶轉來,翻過來
貶過,翻過
貶面,反面
貶面,鬧翻
買,購買
買一个，饒一个,買一個，饒一個
買兜,買些
買票,賄選
買票,購買票
買著,買到
買藥仔,買藥
買賣算分,計價明細
買轉來,買回來
買金偏撞毋著賣金个,買金偏撞不著賣金的
費氣,勞神費力
費氣,費事
費氣,麻煩
貼,黏貼
貼密密,貼緊緊
貼對聯,貼春聯
貼手㬹,賄胳
貼手㬹,賄賂
貼手,賄賂
貼撇,貼完
貼核,貼緊
貼物鏡,接物鏡
貼目鏡,接目鏡
貼示,糾纏示
貼秤頭,補足
貼簝,密合
貼簝,貼緊
貼蓆,緊貼著草蓆
貼貼,一直到
貼貼,很吃緊
貼貼,很慘
貼貼,直到
貼貼,緊貼著
貼門對,貼春聯
貼門紅,貼紅紙
貼黏,糾纏
賁,厚
賁个,厚的
賁底靴,高靴
賁度,厚度
賁皮,皮層很厚
賁皮仔,扁柏
賁紙枋,厚紙板
賁膏法,厚塗法
資源回收桶,資源回收筒
賊仔,小偷
賊婆,女小偷
賊手賊腳,鬼鬼祟祟
賊沒種，正怕哄,賊沒種，只怕哄
賊海鵝,賊鷗
賊牯,小偷
賊牯,男小偷
賊牯仔,小偷
賊目,眼神邪惡
賊目,賊眼
賊眼,眼神邪惡
賊路,歪路
賒,賒欠
賒三毋敵見二,賒三不敵見二
賒到,賒欠到達
賒數,茭白筍
賒數,賒帳
賒欠,賒帳
賜著,賜
賞口飯食,賞口飯吃
賞毋當功,賞不當功
賞毋踰日,賞不踰日
賞毋踰時,賞不踰時
賞毋遺賤,賞不遺賤
賞罰毋信,賞罰不信
賞罰毋明,賞罰不明
賞罰毋當,賞罰不當
賠,虧本
賠,補償損失
賠个毋係,賠個不是
賠命仔,拚命地
賠命仔,賣命地
賠撇,賠掉
賠毋係,賠不是
賠毋起,賠不起
賠淨淨,賠光光
賠細心,賠小心
賢否毋明,賢否不明
賢孝,孝順
賢愚毋分,賢愚不分
賢良,有德性的人
賣个破綻,賣個破綻
賣了了,賣光光
賣忒,賣出去
賣忒,賣掉
賣懶,偷懶
賣撇,賣掉
賣撇去,賣完
賣東西个,賣東西的
賣淨淨,賣光光
賣炭个掉在麵缸裡,賣炭的掉在麵缸裡
賣瓜个毋講瓜苦,賣瓜的不說瓜苦
賣瓜个講瓜甜,賣瓜的說瓜甜
賣繡線个,賣繡線的
賣腰个,賣腰的
賣膏藥个,賣膏藥的
賣豆腐花,賣豆花
賣豬肉个,賣豬肉的
賣賣撇,賣掉
賣雜細,販賣雜貨
賣雜細,賣雜貨
賣雜細个,賣雜貨的
賣食,賣吃的
賣鹽个做雕鑾匠,賣鹽的做雕鑾匠
賤,不值錢
賤,低賤
賤,頑皮
賤手,手賤
賤手賤腳,不守規矩
賤手賤腳,頑皮好動
賤賤,很賤
賤骨頭,不知自重
質个,質的
質而毋俚,質而不俚
質能毋滅定律,質能不滅定律
賭人尋,捉迷藏
賭彩,碰碰運氣
賭彩,碰運氣
賭徼,賭博
賭徼狂,賭博狂
賭毋信,賭不信
賭準,以假替真
賭準,將就將就
賭相輸,打賭
賭胚,揣測
賭胚,猜想
賭腹為婚,指腹為婚
賭膦彩,碰運氣
賭膦造化,碰運氣
賭輸贏,打賭
賭造化,碰運氣
賭錢,賭博
賴人,誣賴
賴人,誣賴人
賴等,賴著
賺打,得不償失
賺有錢,有賺到錢
賺毋著,賺不到
賺毋著來食,沒辦法養活自己
賺痛,自找苦吃
賺痛,自討苦吃
賺皮痛,討打
賺著,賺到
賺賺仔,賺賺
賺食,白吃白喝
賺食,維生
賺食,謀生
賺食嫲,妓女
賺食碗,謀生的工具
賺食細妹,謀生女生
贌屋,租屋
贌田,租田
贏,獲勝
贏著,贏到
贏面,佔優勢
贏面,領先
贖轉來,贖回
赤楠,臺灣赤楠
赤牛,黃牛
赤瓦毋剌海,赤瓦不剌海
赤細豆,赤小豆
赤緊个,赤緊的
赤腳,光腳
赤腳馬踏,赤腳
赤膊激力,赤身裸體
赤膊激力,赤身露體
赤蘭,臺灣赤楠
赤赤,棕紅色
走,跑
走上去,跑上去
走上走下,跑上跑下
走了和尚走毋了廟,走了和尚走不了廟
走來,跑來
走來走去,跑來跑去
走先行,先跑走
走入,溜進
走入去,跑進去
走出,跑出
走出來,跑出來
走出來,顯現
走到,跑到
走到尾瀉屎,嚇得屁滾尿流
走到尾瀉屎,嚇跑了
走動投籃,跑動投籃
走動擲籃,跑動投籃
走去,跑去
走去哪,跑去那裡
走命,逃命
走啊,跑啊
走堂个,走堂的
走報个,走報的
走壘,跑壘
走大水,逃避水患
走往下,往下跑
走得,跑得
走忒,走了
走忒,走掉
走忒,跑掉
走拚拚,跑清理清理
走撇,跑完
走撇,跑掉
走操場五圈,跑操場五圈
走桌,跑堂
走毋去,跑不掉
走毋得,走不開
走毋掣,走避不及
走毋開腳,走不開
走氣,漏氣
走江湖,跑江湖
走淨淨,跑光光
走無路去,走投無路
走當遽,跑得很快
走相逐,賽跑
走相逐,跑步
走種,雜種
走細路子,走小路子
走腕,脫臼
走腥,動物發情
走腳板,傭人
走色,變了顏色
走色,變色
走色,錯色
走色,顏色改變
走街,跑街
走走走,跑跑跑
走走走,離開
走轉來,跑回來
走轉去,跑回去
走追仔,賽跑
走過,跑過
走過䢍,跑過頭
走遠遠,跑遠遠
走醒,發情
走閃,往他處走
走閃,躲開
走黑道兒个,走黑道兒的
赴到,趕上
赴忒,趕完
赴時,及時
赴時赴刻,準時
赴時間,趕時間
赴毋掣,來不及
赴毋掣,趕不上
赴毋掣,遲到
赴毋著,來不及
赴毋著,趕不上
赴毋著,遲到
赴毋著,錯過
赴毋著,錯過了
赴著,趕上
赴車,趕往乘車
赴車,趕車
赴餐,趕上用餐
起,建造
起一隻󿕅,腫一個包
起个風暴,乍起的風暴
起伏毋平,起伏不平
起價,漲價
起先,起初
起到,建到
起到,蓋到
起勢,起始
起勢,開始
起勢,開頭
起大價,價格飆漲
起大樓,建大樓
起大樓,建造大樓
起好,建好
起好,蓋好
起學堂,建學校
起學堂,建造學校
起寒毛菇,起雞皮疙瘩
起居,生活作息
起屋,蓋房子
起工,開工
起工廠,興建工廠
起性,發性
起性,發狂
起戇面,使性子
起戇面,翻臉
起手,出手
起手,拿出
起榼,開工
起水膘,起水泡
起波,起泡沫
起波,起泡泡
起海龍,海嘯
起濛紗煙,起霧
起火,生火
起火,點火
起瘻,產生腫塊
起瘻,起腫塊
起碼,至少
起磅,勃起
起磅,磅秤桿翹起
起福,祈福
起稿,擬草稿
起空起榫,惹事生非
起空起榫,造謠生事
起童,跳動作法
起肩,上肩
起胮,紅腫
起腳走,用力快跑
起膘,起水泡
起草,擬草稿
起落去,起進去
起著,起到
起譴,生氣
起譴,發怒
起赤痧,兩眼充血
起起,建起
起起,蓋起
起身,出發
起身,起床
起身,起程
起過,建過
起過,蓋過
起過,重建
起雷追,孩童使性子
起頭,初始
起頭,源起
起頭,開端
起頭,開頭
起風,颳風
起首,開頭
起骨,撿骨
起魯夫,發作粗暴行為
起鱸鰻,發作粗暴行為
起鼓,打喪鼓
起鼓,表演開始
起鼓,開場
起鼓,開始
起鼓,鬧喪鼓
起鼓,鳴鼓
趁人毋備,趁人不備
超三界外，毋在五行中,超三界外，不在五行中
超然毋群,超然不群
超過,勝過
超過,越過
超過,逾越
超過,逾越了標準
越勢,越加
越少越好,越少越愛
越磬越低,越彎越低
越至,越加
越越个,越越的
趑趄毋前,趑趄不前
趕事,趕工
趕人毋要趕上,趕人不要趕上
趕後生,趁年輕
趕得,能趕
趕早,盡早
趕早,趁早
趕毋上趟,趕不上趟
趕毋及,趕不及
趕燒,趁熱
趕燒趕熱,打鐵趁熱
趕緊,急忙著
趕腳个,趕腳的
趕車个,趕車的
趖來趖去,爬來爬去
趖啊趖,慢吞吞
趖啊趖仔,拖啊拖的
趖啊趖仔,爬啊爬的
趖趖,爬爬
趖遠遠,爬遠遠
趙毋肖,趙不肖
趜力,暗中使力
趜四六,裝模作樣
趜外外,漠不關心
趜屎,傲慢不理人
趜屎砰天,傲氣沖天
趜心事,積怨在心中
足月,滿月
足毋出門,足不出門
足毋踰戶,足不踰戶
足足,分量足夠
足足,整整
足足,足夠
跁跁走,四處遊走
跁跁走,趴趴走
跈,跟
跈,跟隨
跈上,跟上
跈上來,跟上來
跈上去,跟上去
跈上跈下,跟上跟下
跈人走,私奔
跈人走,跟人跑
跈住,跟住
跈來,跟來
跈到,跟到
跈前,跟前
跈去,跟去
跈得,趕得
跈得,跟得
跈得上,跟得上
跈得著,跟上
跈得著,跟得上
跈從,跟從
跈會,跟互助會
跈會,跟會
跈毋著,跟不上
跈班,跟班
跈球,跟球
跈監,跟監
跈等,接著
跈等,跟著
跈等,跟踪
跈等,跟隨
跈等,馬上
跈等來,馬上來
跈等去,馬上去
跈等又同杯仔,馬上又把杯子
跈等就變到,馬上就變得
跈腳,跟腳
跈著,跟上
跈著,跟著
跈著𠊎,跟著我
跈蹤,跟蹤
跈進,跟進
跈進來,跟進來
跈頭,跟頭
跋,爬
跋䟘來,爬起來
跋䟘來,爬起身來
跋䟘起來,爬起來
跋上來,爬上來
跋上跋下,爬上爬下
跋啊,爬啊
跋啊起,爬起
跋山,爬山
跋崎,爬坡
跋毋起,爬不起來
跋竹篙,爬竿
跋腳,拔腿
跋起,拔起
跋起,爬起
跋起腳,拔腿
跌下,掉下
跌下來,掉下來
跌下來,跌落
跌下𪘒,胡說
跌下𪘒,胡說八道
跌了彈个斑鳩,跌了彈的斑鳩
跌價,價錢下降
跌價,減價
跌到,掉到
跌到,跌得
跌去,掉去
跌失人,得罪人
跌宕毋羈,跌宕不羈
跌宕毋群,跌宕不群
跌崁,高低落差
跌巖,地平落差
跌忒,掉了
跌忒,遺失
跌撇,掉了
跌撇,遺失
跌水,屋簷
跌水,滴水
跌無筊,擲筊沒得到肯定答案
跌筊,擲筊
跌筊仔,擲筊
跌罪,得罪
跌罪,觸怒
跌罪人,得罪人
跌聖筊,擲筊
跌聖筊,擲筊以卜吉凶
跌落,掉下
跌落去,掉下去
跌落去,掉進去
跌落去,跌進
跌落去,跌進去
跌著,跌倒
跌蕩毋羈,跌蕩不羈
跌陣,脫隊
跌齾,刻度落差
跍,蹲
跍下來,蹲下來
跍核,掉了
跍核,遺失
跍等,蹲著
跏跏九九,長而彎曲
跏跏糾糾,彎彎曲曲
跏跏糾糾,彎曲
跑了和尚跑毋了廟,跑了和尚跑不了廟
跑堂兒个,跑堂兒的
跑毋了,跑不了
跑馬朗朗,輕快愉悅
跔做,縮成
跔跔蜍蜍,畏縮不前
跔轉來,縮回來
跛腳,瘸腿
跛腳个,跛腳的
跛腳仔,跛子
跛跛,一拐一拐
跟緪,跟緊
跣淨淨,脫光光
跪,跪下
跪等,跪著
跪等人,跪著人
跪落去,跪下去
跪跪磕磕,求人
跪跪磕磕,請託
路巷,路上
路徑頭,路中間
路程,行程
路脣,路旁
路脣,路邊
路脣方,路邊
路見毋平,路見不平
路見毋平，也有向燈向火,路見不平，也有向燈向火
路見毋平，拔刀相助,路見不平，拔刀相助
路見毋平，拔劍相助,路見不平，拔劍相助
路路毋通,路路不通
路頂,路上
路項,路上
路項搖,路上搖
路頭,路的起點
路頭,路程
路頭路尾,整條路上
路頭路尾,路前路後
路頭遠,路途遙遠
路頭遠,路途遠
路頭長,路途遠
路頭長,路途長遠
路頭項,路的起點上
路頭項,路程上
跳上跌落,跳上跳下
跳呀跳仔,跳呀跳的
跳圓圈仔,跳圈兒
跳在黃河洗毋清,跳在黃河洗不清
跳格仔,跳格子
跳梁細丑,跳梁小丑
跳樹奶仔,跳橡皮筋
跳毋下來,跳不下來
跳童,乩童作法
跳等,跳著
跳索仔,跳繩
跳落,跳下
跳落下遮,跳傘
跳落去,跳下去
跺著,踏到
跺著,踩到
跼揫來,收齊來
跼等,圈住
跼等,關著
跼起來,關起來
跼蹐毋安,跼蹐不安
跼雞鴨,把雞鴨關住
跼雞鴨,關雞鴨
踅走,傾斜
踅踅,斜斜不正
踅踅,立不正
踏出踏入,來回走著
踏出踏入,出出入入
踏出踏入,躊躇不定
踏到,踩到
踏碓,踩舂
踏細板凳兒糊險道神,踏小板凳兒糊險道神
踏著,踩到
踐車仔,踩車使動
踜蹭,踉蹌
踢球仔,踢球
踢著,踢到
踢雞毛球,踢毽子
踢雞毛錢仔,踢毽子
踣踣滾,人馬雜遝
踣踣跌,常跌倒
踧踖毋安,踧踖不安
踩踩踏踏,猶疑不決
踩踩踏踏,猶言躑躅
踩踩踏踏,猶豫
踩踩踏踏,躑躅
蹀蹀,小孩學走路
蹀躞毋下,蹀躞不下
蹇食,蹇吃
蹍前,提前
蹍腳毋歇,無法駐足
蹖上跌落,忙裡忙外
蹛哪位,住哪兒
蹤跡,蹤影
蹦猋,跳腳
蹦跳,跳腳
蹬腳,跺腳
蹬開,踹開
蹳,擺動
蹶,攀爬
蹶,攀登
蹶來食,謀生辛苦
蹶壁,束手無策
蹶山,爬山
蹶山,登山
蹶得上來,爬得上來
蹶日蹶夜,整天爬
蹺痀,駝背
躁光,煩躁不安
躁光蟲,起得早的小孩
躁火,上火氣
躁躁,煩躁不安
躁躁轉,繁忙
躊躇毋決,躊躇不決
躍上去,一躍而上
躍上躍下,跳上跳下
躍入,躍進
躡腳尾,提起跟
躪,踩踏
身,套
身在福中毋知福,身在福中不知福
身孕,懷孕
身家,出身
身家,家業
身家,背景
身家,財產
身屍,屍體
身屍骨頭,屍骨
身屍骨頭末,無稽之談
身手毋凡,身手不凡
身材,個子
身毋由主,身不由主
身毋由己,身不由己
身毋遇時,身不遇時
身胚,身軀
身胚仔,個子
身腳,肢體
身項,身上
身項,身孕
身體康健萬事如意,身體健康萬事如意
躲得和尚躲毋得寺,躲得和尚躲不得寺
躲毋了,躲不了
躲毋掉,躲不掉
車仔,車子
車仔,車輛
車仔工廠,車輛工廠
車單,車票
車夫,駕駛
車嫲,車掌小姐
車子,火車車廂
車子,車廂
車布脣,車布邊
車廂肚,車廂裡
車廂裡背,車廂裡面
車心,車軸
車打車,整車整車的
車牌,站牌
車牌,車輛牌照
車衫褲,縫製衣服
車衫褲,車衣服
車路,車道
車路,道路
車輪仔,車輪
車輪坑莊頭,車輪坑庄頭
車錢,車費
車錢幾多,車費多少
車頂,車上
車頭,車站
軟入入仔,很軟
軟冰,冰淇淋
軟弱,孱弱
軟心,心軟
軟怠怠,有氣無力
軟怠怠,無力
軟怠怠仔,有氣無力
軟摺摺仔,軟趴趴的
軟毋叮噹,軟不叮噹
軟硬毋食,軟硬不吃
軟粢搭碓,非常軟
軟粢貼碓,軟綿綿的
軟紮紮,軟綿綿
軟習習仔,軟綿綿的
軟聲軟斗,低聲下氣
軟聲軟斗,輕聲細語
軟腳蟹,軟腳蝦
軟軟,軟軟的
軟鼻坑,軟埤坑
較,比較
較下背兜仔,下面一點
較光,比較亮
較光,較明亮
較在,比較在
較壞兜仔,壞一點
較多,比較多
較多兜仔,多一點
較太个,較太的
較好,更好
較好,比較好
較好,比較愛
較好,較好地
較好,較愛
較好兜,好一些
較好兜仔,壞一點
較好兜仔,好一點
較少,比較少
較少兜仔,少一點
較後背兜仔,後面一點
較得,有改善
較快板,甚快板
較惡,比較凶
較慘死,比死還糟糕
較慢兜仔,慢一點
較接近,比較趨於
較接近,較趨於
較有,比較有
較有錢个,比較有錢的
較猴兜,凶惡點
較猴兜,精明點
較猴兜,頑皮點
較瘦兜仔,瘦一點
較矮,比較矮
較細,比較小
較細,略小
較細,較小
較肥兜仔,胖一點
較脣兜仔,旁邊一點
較苦个,較苦的
較苦斯,較味道苦斯
較該,比較簡單
較贏,更勝於
較贏,比較好
較輕,比較輕
較過來兜仔,過來一點
較過去兜仔,過去一點
較遽兜仔,加快些
較遽兜仔,快一點
較遽兜仔，會赴毋著吔,快點！快來不及了
較難,比較難
較靚兜仔,漂亮一點
較頂高兜仔,高一點
較頭前兜仔,前面一點
較高,比較高
較鬆个,較鬆的
載等,承載著
載著,載到
輒,常
輒常,常常
輒常,經常
輒常有,常有
輒輒,常常
輕可,不足道的
輕可,輕微
輕可,輕微的
輕可,輕鬆
輕可事,輕而易舉
輕可仔,輕微地
輕可仔,輕微的
輕度風搓,輕度颱風
輕手輕腳,輕手輕腳的
輕輕仔,輕輕的
輕連,少量
輕連,輕微
輝煌,耀眼
輪,次
輪仔,石碾子
輪仔,輪
輪仔,輪子
輪仔,輪胎
輪仔心,輪軸
輪等,輪流
輪等來,照輪
輪等來,輪留來
輸忒,輸掉
輸贏,算帳
輻射濛沙煙,輻射霧
輾啊過,輾過
輾地球,滾地球
輾著,撞到
輾轉毋寐,輾轉不寐
轉,回
轉,回家
轉,圈
轉,輪
轉个,轉的
轉來,回來
轉來欸喺,回來欸喺
轉側毋安,轉側不安
轉到,回到
轉去,回去
轉啊來,回來
轉啊去,回去
轉嘴,改口
轉夜,傍晚回家
轉妹家,回娘家
轉家,回家
轉屋,傍晚回家
轉屋,回家
轉屋下,回家
轉屋食自家,回家吃自己
轉師,回師
轉年,回家過年
轉府,回府
轉忒,倒塌
轉手,隨即
轉換,以物易物
轉撇,轉完
轉擺,中場休息
轉核,倒下
轉核,倒塌
轉歸,回歸
轉歸年,回歸年
轉水,變液體
轉流,回流
轉秋,初秋
轉竇,回窩
轉老屋,回老家
轉色,變色
轉莊下,回鄉下
轉著,回到
轉輪骨,關節
轉鄉,回鄉
轉酒,醉酒嘔吐
轉長山,回大陸原鄉
轉頭,回首
轉頭路,回頭路
轉風頭,轉風向
轉首,回頭
轎仔,轎子
轎仔肚,轎子裡
轎心粄,迎親時
轎背來个,拖油瓶
轟个,轟的
轟天轟地,聲響喧天
轟轟飛,嗡嗡地飛
辛勞仔,傭工
辛莊內,辛庄內
辛辛苦苦,辛辛苦苦的
辣子草,禺毛莨
辣椒仔,辣椒
辣椒鹼,辣椒素
辣赤赤,辣味棕紅色
辣辣,很辣
辣辣,辣辣的
辣辣拶拶,髒兮兮的
辣醬,辣椒醬
辦便便,辦好好
辦便便,辦齊全
辦桌,辦外燴
辦毋到,辦不到
辭撇,辭掉
辭毋意逮,辭不意逮
辭毋獲命,辭不獲命
辭毋達意,辭不達意
辭頭路,辭職
辯講,辯說
農保,農民保險
農家人,農人
農家人,農民
農民市集,農夫市集
迂怪毋經,迂怪不經
迅雷毋及掩耳,迅雷不及掩耳
迆邐毋絕,迆邐不絕
迎神,迎接神祗
迎長年,迎長工
迎鬧熱,迎神賽會
迎龍,舞龍
迎龍弄獅,舞龍舞獅
迎龍打獅,舞龍舞獅
近年,這幾年
近廟拒神,太接近這個廟
近廟欺神,太過接近廟
近視,目光如豆
近近仔,很近
近近仔,近期內
返生,復活
返陽,死而復生
返魂,復活
返魂,還魂
迥毋相同,迥不相同
迪迪凸凸,忽進忽止
迫毋得已,迫不得已
述而毋作,述而不作
迷惑毋解,迷惑不解
迷而毋反,迷而不反
迷而毋返,迷而不返
迷著,著迷
迷著,迷到
迷迷痴痴,昏昏沉沉
迷迷痴痴,神智不清
迸毋過,迸不過
追得著,追得到
追悔毋及,追悔不及
追著,追到
追駟毋及,追駟不及
退後,後退
退毋出,退不出
退燒,退熱
退童,退駕
退紅,消炎
退色,褪色
退走,退卻
送人就無愛,送給人都不要
送信仔,送信
送信仔个,郵務士
送信仔个,郵差
送分,送給
送分,送給了
送到,送達
送煞,驅邪
送紅包,行賄
送背銃,誇大其辭
送透透,送遍
送鬼仔,送走鬼魂
送鬼仔,送鬼
逃命,死命逃跑
逃毋出手掌心,逃不出手掌心
透光,透明
透到,通往
透到大路,通大路
透夜,徹夜
透夜,整夜
透夜仔,徹夜
透夜仔,整夜
透尾,到最後
透得上,能通往上面
透心涼,涼入心
透心涼,涼徹心肺
透心涼,涼澈心肺
透日,整天
透日仔,整日
透暗晡仔,整夜
透死,毒死
透毋出,透不出
透毋過氣,透不過氣
透涼,透涼爽
透當晝,徹午
透路,一路上
透路,整路
透過,經由
透長,透剩餘
透長年,經年
透電,導電
透風落水,冒著風雨
逐,每
逐,追趕
逐一,每一
逐上逐下,追來追去
逐个,每的
逐人,趕人
逐仔,每仔
逐位,每位
逐個人,每個人
逐儕,每人
逐儕,每個人
逐儕人,每個人
逐到,每次
逐到來,追到
逐去,追去
逐對,每對
逐年,每年
逐得著,能追到
逐擺,每一次
逐擺,每次
逐擺到,每到
逐日,天天
逐日,每一天
逐日,每天
逐暗晡,每天晚上
逐朝晨,每天早上
逐樣,每樣
逐毋著,追不到
逐毋起來,趕不起來
逐等,追著
逐老鼠,趕老鼠
逐著,追到
逐走,趕走
逐走,驅趕
逐跳一步,每跳一步
逐隻,每個
逐項,每樣
逐項,每項
递藤,走莖
逕直,直截行事
逕直上,一直往上
逕直落,一直進去
這,此
這下,正在
這下,現在
這下,目前
這下,這下子
這下人,現代人
這下社會當亂,現在社將要很亂
這下都,現在都
這个,這個
這个,這的
這个擋口,這個擋口
這个當兒,這個當兒
這个那个,這個那個
這人,這個人
這代,這一代
這位,此處
這位,這兒
這位,這裡
這位,這邊
這位方,這邊
這位項,此處
這位項,這裡
這位項方,這裡項方
這係一件誤會,這是一件誤將要
這係麼个所在,這是什麼地方
這個,這一個
這個,這位
這個幾多錢,這個多少錢
這兜,等等
這兜,這些
這兜,這部分
這兜人,這些人
這凳仔無穩,這椅子沒有穩
這回,這一回
這回,這次
這央時,這個時候
這婦人家,這位婦人
這字寫毋著哩,這字寫不對哩
這學期討煞啊,這學期快結束了
這尾魚仔當萋,這尾魚很新鮮
這尾魚仔當萋,這條魚很新鮮
這已好,這很好
這幾儕人,這幾個人
這搭,這一帶
這搭,這一片
這搭,這裡
這搭仔,這一帶
這搭仔,這裡
這搭仔,這邊
這擺,這次
這故事當生趣,這故工作很有趣
這敢係真實个,這是真實的嗎
這斯毋係,這可不是
這方時,這時
這暫仔,這陣子
這會場嶄然闊,這將要場嶄然寬
這會場嶄然闊,這會場相當寬闊
這條裙當靚,這件裙子很漂亮
這條裙當靚,這條裙子很美
這條褲當特別,這條褲子很特殊
這款,這種
這款頭路,這種工作
這滿,此時
這滿,現在
這滿,這一次
這滿,這回
這滿,這次
這片,這一邊
這片,這邊
這片个路較平,這邊的路較平坦
這產品銷路好,這產品銷路喜好
這當韌切毋斷,這很韌切不斷
這病還有救無,這病還有救嗎
這的係,這的是
這站,這陣子
這站好無,最近好嗎
這竹篙打橫放,這竹竿打橫放置
這粒,這顆
這粒柑分你,這個橘子給你
這粥忒鮮,這稀飯太稀
這粥忒鮮,這粥太稀
這索仔幾長,這繩子多長
這群,這一群
這般講來,這般說來
這行該行,這裡走那裡走
這行該行,這走那走
這西瓜幾多錢,這西瓜多少錢
這話仰般講,這話怎麼說
這該,這那
這身衫褲當合身,這套衣服很合身
這隻,這個
這隻年節,這個年節
這隻月,這個月
這隻村,這個村
這隻莊頭,這個村
這項,此處
這項,這一項
這項,這裡
這項時,這時
這項菜,這道菜
這領衫,這件衣服
這頭,這一頭
這駁仔,最近
這駁仔,這一段時間
這駁仔,這陣子
這魚仔盡臭腥,這魚的腥味很重
這齣,這部
通吂,通了嗎
通書,黃曆
通棚,全部
通盤愛,全部都要
通知著,通知
通脫毋拘,通脫不拘
通街路,通到街上
通透,密商
通電,導電
通食,通吃
通體,全部
通體,通通
造化,大自然
造化,幸運
造化,運氣
造化細兒,造化小兒
造反,叛亂
造反,背叛
造反,胡鬧
造反,造反叛亂
造好去,造愛去
造成,導致
造林,植樹
造橋,搭橋
造話,捏造
造話,造謠
逢人正說三分話,逢人只說三分話
逢人講項,逢人說項
逢暗,逢黑暗
逢著,遇到
逢著,遇見
連偎著,連偎穿
連夜,徹夜
連夜,澈夜
連夜,通夜
連妹,戀妹
連峨接棟,房舍眾多
連毋連,連不連
連綿毋斷,連綿不斷
連綿毋絕,連綿不絕
連續,持續
連郎,戀郎
連鬼也毋見一个,連鬼也不見一個
逩地龍,鼴鼠
逩屎蛄,糞金龜
週一,週日
進前,之前
進前,以前
進前,先前
進前,前夕
進前,早先
進前,稍早
進前,走向前
進口貨,舶來品
進可替毋,進可替不
進房,進洞房
進金,放入墓穴
逵中,中逵
逼兼,逼近
逼毋得已,逼不得已
逼癲,逼瘋
逼著,強迫
遁走,隱逃而去
遇缺毋補,遇缺不補
遇著,遇到
遊尞,遊玩
遊戲講,遊戲說
遊街,踩街
遊街,逛街
遊遊野野,四處閒逛
運動坪,操場
運動坪,運動場
運命,命運
運數,運氣
過,再
過䢍,過頭
過一下仔,過一會
過一下仔,過一會兒
過一日係一日,過一日是一日
過了這个村兒，沒這个店兒,過了這個村兒，沒這個店兒
過兜,過些
過到,過得
過到精采,活得精采
過吔去,過得去
過吔年,明年
過嘴,猶言說嘴
過嘴,被罵
過嘴,評論
過嘴,說嘴
過堂,開庭
過夜,隔宿
過大路,穿越馬路
過大路愛細義,過馬路要小心
過宕,時間的延宕
過定,訂婚
過定,預定
過定,預訂
過家,串門子
過家,閒聊
過封,超過界
過嶺,跋山涉水
過年過節,逢年過節
過後,之後
過後,以後
過後,往後
過得,有起色
過得,進步
過心,熟透
過忒,過去
過忒,過完
過忒年,明年
過忒年,過完年
過忒年,過年後
過房,過繼
過搭,再寄放
過搭,再搭建
過搭,再託付
過撇,磨損
過撇,過去
過新年,過年
過新年著新衫,過新年穿新衣
過日,過日子
過日仔,生活
過日仔,過日子
過時毋候,過時不候
過晝,太遲
過晝,過午
過晝缽𤊶,超過中午時限太多
過晝缽𤊶,超過午時
過桱,超越界線
過歇年,過年後
過毋去,過不去
過毋得,過不了
過毛,很過份
過毛,很過分
過毛絕代,橫屍野外
過溝菜,蕃藷葉
過潦,過熟
過火,過火爐
過無幾久,過不久
過無幾久,過沒多久
過番,過洋
過目毋忘,過目不忘
過秤,過磅
過窿,過山洞
過等,過著
過等下,等一下
過細年,過小年
過詐,得手
過詐,渡過
過詐,過關
過詐,過難關了
過詐,達到目的
過路个,過路的
過路人,路人
過路朘,罵人野種
過路鳥,過境鳥
過身,去世
過身,死亡
過身,死去
過身,逝世
過身,過世
過身忒,逝世
過身忒,過世
過身忒,過往
過較,更
過較,更加
過較好,絕佳
過鉸,過度
過鉸,過頭
過門毋入,過門不入
過關,及格
過關,合格
過關,得手
過關,通關
過關,闖關
過隻,過個
過電,導電
過面,維持面子
過頭,過分
過願,過癮
道三毋著兩,道三不著兩
道嘆,感嘆
道姑,女道士
道東講西,道東說西
道毋了,道不了
道毋出,道不出
道毋同，毋相為謀,道不同，不相為謀
道毋得,道不得
道毋相謀,道不相謀
道而毋徑,道而不徑
道西講東,道西說東
道謀係用,道謀是用
達爾文學講,達爾文學說
達著,達到
遙毋可及,遙不可及
遙毋可期,遙不可期
遠來个和尚好看經,遠來的和尚好看經
遠來个和尚會念經,遠來的和尚會念經
遠兜,遠些
遠兜,遠點
遠房,遠親
遠毋如,遠不如
遠毋間親,遠不間親
遠水救毋了近火,遠水救不了近火
遠水救毋得近渴,遠水救不得近渴
遠水毋救近火,遠水不救近火
遠水毋解近渴,遠水不解近渴
遠親毋如近鄰,遠親不如近鄰
遠遠个,遠遠的
適合翕相,適合拍照
適當,切合
適當,恰當
遭家毋造,遭家不造
遭時毋遇,遭時不遇
遮,遮蔽
遮仔,傘
遮仔,雨傘
遮仔節,雨傘節
遮兵,傘兵
遮日,遮陽
遮日頭,遮太陽
遮等,遮住
遮著,遮到
遮講,遮說
遮面,遮臉
遮骨,傘骨
遰,傳染
遰,擴散
遰,繁殖
遰人,傳染人
遰火燒,失火
遰火著,失火
遰當遽,繁殖得很快
遰著,傳染到
遰著,感染
遰著,擴散到
遰著,蔓延到
遰遰,傳染
遰遰,擴散
遰遰,蔓延
遲延,拖延
遲疑毋決,遲疑不決
遵照,遵循
遵而毋失,遵而不失
遶,逛
遶光,遶明亮
遶光景,看風景
遶境,繞境
遶尞,遊玩
遶山,遊山
遶山花,遊覽山景
遶街,踩街
遶街,逛街
遶透透,全面遊覽
遶遶,逛逛
遷徙,遷移
遷移,搬移
選購,採購
選錄,節錄
遺跡化石,生痕化石
遽,快
遽兜,快些
遽兜,快點
遽兜仔,快一點
遽兜仔,快點
遽去,快去
遽慢,快慢
遽手,俐落
遽手,手腳俐落
遽板,動作很快
遽板,敏捷
遽步行,快步走
遽死,快死
遽遽,快快
遽遽,趕快
遽遽,趕緊
遽遽去洗面、搓牙齒,快去洗臉、刷牙
遽遽遽,快快快
避免,以免
避暑,放暑假
避暑,暑假
避毋見面,避不見面
避而毋談,避而不談
避貓鼠兒似个,避貓鼠兒似的
還,並
還,很
還,歸還
還使,還能
還係,仍
還係,仍然
還係,依然
還係,還是
還係愛,還是要
還係會,還是會
還係需要,仍需
還做得,還可以
還做得,還能
還債个,還債的
還冷,好冷
還原記號,本位記號
還吂,尚未
還吂,還未
還吂,還沒
還吂睡,還沒睡
還在該尋,仍在找
還奇怪,好奇怪
還好,好好
還好搞,好好玩
還好笑,好好笑
還好食,好好吃
還好食,好好食
還山,出殯
還帳,還債
還得人惜喔,好可愛喔
還得人惜喔,歸還可愛喔
還得人惱喔,好討厭喔
還忒,還完
還忒,還掉
還想,渴望
還愛,還要
還慶,超酷
還撇,還完
還撇,還掉
還會,好棒
還會講,好會講
還有,以及
還有一講,還有一說
還朘,實在傻
還正經係,還真的是
還毋起,還不起
還淨,好乾淨
還清,付清
還清忒,還清
還熱,真熱
還生,還活著
還生趣,好有趣
還生趣,真有趣
還生趣,真有趣味
還福,還願
還禮,回禮
還竊仔,歸還竊仔
還罅擺,真是夠受了
還肚飢,肚子好餓
還背,禮尚往來
還臭,好臭
還衰漦,真倒楣
還衰過,很可憐
還講,還說
還豐沛喔,好豐盛啊
還較,更加
還較多,還要多
還較得,還要好
還過,且
還過,並且
還過,而
還過,而且
還過,還有
還香,好香
還𠊎河山,還我河山
邊脣,旁邊
邊脣,邊緣
邊都沾毋上,邊都沾不上
邋礙,不俐落
邋礙,邋遢
邋臢,又髒又亂
邋邋埃埃,髒亂不堪
邋邋𨒇𨒇,衣著髒亂
邋邋𨒇𨒇,邋遢
邋邋𨒇𨒇,邋邋遢遢
邋食,白吃白喝
邏姐婆,探望外婆
邏尞,遊玩
那个耗子毋偷油,那個耗子不偷油
那个貓兒毋食腥,那個貓兒不吃腥
那壺毋開提那壺,那壺不開提那壺
那片,那邊
那石牯,那石頭
那鈸,鈸
邪毋勝正,邪不勝正
邪毋干正,邪不干正
邪講,邪說
郎个,郎個
郎君,丈夫
郎毋郎秀毋秀,郎不郎秀不秀
郎當,頑皮
郎郎㪐㪐,斷斷續續的
郎郎律律,斷斷續續
郎郎律律,斷斷續續的
郎郎當當,不務正業
郎郎當當,吊兒郎當
部下,下屬
郭璞之講,郭璞之說
郵便局,郵局
都,皆
都係,都是
都係兜,都是些
都市,城市
都愛,都要
都會,城市
都會,都市
都會堵著,都會遇到
都會後生,城市年輕
都著,都穿
都講當新鮮,都說很新鮮
鄉里,同鄉的人
鄉里,家鄉
鄉里細人,鄉里小人
鄉間細路,鄉間小路
鄉音,腔調
鄙人,不才
鄙人,在下
鄙俗毋堪,鄙俗不堪
鄧艾食,鄧艾吃
鄰舍,鄰居
鄰舍,隔壁鄰居
配目鏡,配眼鏡
酒仙仔,酒仙
酒係色之媒,酒是色之媒
酒娘,酵母
酒席,宴席
酒提仔,酒杓子
酒杯仔,酒杯
酒毋醉人人自醉，色毋迷人人自迷,酒不醉人人自醉，色不迷人人自迷
酒水,水酒
酒池肚,酒池裡
酒海肚,酒海裡
酒漏仔,酒漏斗
酒甌,酒杯
酒窟仔,酒窩
酒精,乙醇
酒糟,紅麴酒糟
酒罐,酒瓶
酒罐仔,酒瓶
酒肚項,酒裡面
酒肚項,酒裡頭
酒逢知己千鍾少，話毋投機半句多,酒逢知己千鍾少，話不投機半句多
酪酪,爛熟
酪酪,爛爛
酬勞,報酬
酵嫲,麵肥
酵嫲菌,酵母菌
酷人,氣味嗆人
酷著,嗆著
酸丟丟,酸溜溜
酸丟丟仔,酸酸的
酸仔,芒果
酸仔葉,桑葉
酸柑,虎頭柑
酸毋溜丟,酸不溜丟
酸澀,青澀
酸藕,酸酸的
酸藤仔,酸藤
酸醋,醋
醃滷,醃漬
醃瓜仔,越瓜
醃瓜仔,醃瓜
醃瓜仔,醬瓜
醃缸肚,陶缸裡
醃缸裡肚,陶缸裡面
醃缸裡肚,陶缸裡頭
醃缸項,陶缸裡
醉摸摸仔,醉醺醺
醉摸摸仔,醉醺醺的
醒起來,醒來
醜細鴨,醜小鴨
醢醢,又舊又皺
醫,醫治
醫得,能醫
醫毋好,醫治不好
醫毋著,醫錯
醫生,醫師
醫生店,醫師店
醬瓜仔,醬瓜
醴酒毋設,醴酒不設
醹,濃稠
醹淡法,濃淡法
醹硫酸,濃硫酸
醹醹,濃厚
醹醹,濃濃
醹鹽酸,濃鹽酸
釁棍棍仔,充滿驕氣
釅,濃
釅,烈
釅茶,濃茶
釅茶,茶葉茶
釅酒,烈酒
采椽毋斲,采椽不斲
采茶戲,採茶戲
重利錢,高利貸
重新做加一遍,重新再做一遍
重新創造,重塑
重新安名,重新命名
重跕跕仔,很重
重輕,輕重
重重个,重重的
重重重,很重
重鈂鈂仔,沉甸甸
野參仔,土人參
野和尚,野僧侶
野地菊,野茼蒿
野心,心懷不軌
野性个呼喚,野性的呼喚
野猴仔,野猴子
野球,棒球
野神野鬼,遊手好閒者
野細人仔,野孩子
野細子,野小子
野膦屎,雜種
野草,雜草
野莧仔,野莧菜
量仔,大秤
量便,事先量好
量尖,大秤擁擠
量度,度量
量測,測量
量看,量看看
量穀,秤穀
量約,大概
量約,大約
量約,從寬
量約,從略從簡
量約仔,約莫
量細力微,量小力微
量細易盈,量小易盈
量細氣窄,量小氣窄
量細非君子，無毒毋丈夫,量小非君子，無毒不丈夫
金,亮
金个,金的
金仔,金子
金仔,黃金
金仔店,銀樓
金剛毋壞之身,金剛不壞之身
金吾毋禁,金吾不禁
金墜仔,金墜子
金墨盤,金硯臺
金手鈪,金鐲子
金斗盎,骨灰罈
金晶積亮,金光耀眼
金桔,長果金柑
金棗,金橘
金毋換,金不換
金狗毛,金狗毛蕨
金瓜,南瓜
金甘,腎蕨
金皙皙,亮晶晶
金石毋渝,金石不渝
金矻,金塊
金窩銀窩毋如自己个狗窩,金窩銀窩不如自己的狗窩
金米,金耳
金綻綻,金開展
金若若仔,亮晶晶的
金藤,黃藤
金蛄仔,金龜子
金言,名言佳句
金金,亮晶晶
金金,光可鑑人
金金,平整光亮
金針,萱草
金針,金針花
金釣童先生,金釣童老師
金銀花,忍冬
金香,金紙和香
金齋堂,金佛寺
金龍柄,狗肝菜
釘地蜈蚣,倒地蜈蚣
釘緪,釘緊
針尾水燕仔,針尾雨燕
針無雙頭利,難有兩全其美
針線空,針孔
針頭線尾,針黹之事
針鼻,針孔
釣梹,釣竿
釣著,釣到
釣魚个,釣魚的
釣魚仔,釣魚
鈂鈂,感到笨重
鈍刀仔,鈍刀
鈍刀嫲,鈍柴刀
鈍市,滯銷
鈍市,銷不出
鈍市,銷路不好
鈍槽,家畜沒食慾
鈕仔,鈕扣
鈕仔,鈕釦
鈕仔電池,鈕釦電池
鈴仔聲,鈴聲
鉋仔,木匠用刨刀
鉋仔,鉋子
鉗仔,老虎鉗
鉗仔,鉗子
鉛筆盒仔,鉛筆盒
鉛線,鐵絲
鉛線仔,鉛線
鉛線仔,鐵絲
鉤啜圓尾水雉鳥,黑背白腹穴鳥
鉸刀,剪刀
銀,元
銀个,銀的
銀了了,銀滿滿都是
銀仔,銀子
銀單,存款單
銀櫃下,銀櫃下方
銀票,鈔票
銀紙,冥紙
銀背海鵝,黑脊鷗
銀行簿,存摺
銀角仔,硬幣
銀角仔,銅板
銀錢,銀幣
銃,槍
銃仔,槍
銃子,子彈
銅笐仔,銅罐子
銅鑼,鑼
銅鑼圈莊頭,銅鑼圈庄頭
銅鑼莊頭,銅鑼庄頭
銜命,奉命
銷賣,銷售
銷量,銷售量
鋒面濛沙煙,鋒面霧
鋪个,鋪的
鋪橋施路,造橋鋪路
鋸了嘴个葫蘆,鋸了嘴的葫蘆
鋸仔,鋸子
鋸屎,鋸屑
鋸弦仔,拉胡琴
鋸弦樂器,拉弦樂器
鋸枋仔,鋸木
鋸枋仔,鋸木板
鋸樵,鋸柴
鋸牙,鋸齒
鋸砣,銼刀
鋸著,鋸到
鋼筋泥水,鋼筋混凝土
鋼索,鋼纜
鋼鐵,強大
錐人,敲詐人
錐型盎,錐型瓶
錐形盎,錐形瓶
錐錐,尖尖的
錑樹桍,削樹枝
錢七,洋落葵
錢桊仔,吝嗇的人
錢桊仔,守財奴
錢毋露白,錢不露白
錢笐仔,存錢筒
錢笐仔,撲滿
錢糧,稅收
錢親人毋親,錢親人不親
錢轉來,錢回來
錢銀,金錢
錢銀,錢幣
錢鼠仔,錢鼠
錦鴝鶯,錦鴝
錫桶,鉛桶
錫桶仔,錫水桶
鍋係鐵鑄成个,鍋是鐵鑄成的
鍥而毋捨,鍥而不捨
鍥而毋舍,鍥而不舍
鍬,鍫
鍬仔,沙撩
鍬布脣,縫布邊
鍬衫褲,縫衣褲
鎖匙,鑰匙
鎖忒,鎖住
鎖緪,鎖緊
鏇个毋圓砍个圓,鏇的不圓砍的圓
鏟仔,鏟子
鏡仔,鏡子
鏡髀,鏡臂
鏡鮮,水清澈
鐃鈸仔,鐃
鐘毋扣毋鳴，鼓毋打毋響,鐘不扣不鳴，鼓不打不響
鐵五爪龍,葎草
鐵仔,鐵
鐵刀樹,鐵刀木
鐵包金,黃鱔藤
鐵嘴千腳鳥,鐵嘴鴴
鐵拳頭,印度金鈕扣
鐵支,鐵軌
鐵棍仔,鐵棒
鐵樹,蘇鐵
鐵欄脣,鐵欄旁邊
鐵牛仔,耕耘機
鐵球,鉛球
鐵生鹵,鐵生鏽
鐵窗仔,鐵窗
鐵籠仔項,鐵籠上
鐵籠仔項,鐵籠裡
鐵精,鋼筋
鐵線草,狗牙根
鐵路,鐵軌
鐵釘仔,鐵釘
鐵鏀白尾鳥,銹鵐
鐵馬,腳踏車
鐵馬鞭,馬鞭草
鐵鹵,鐵鏽
鑊,鍋
鑊下,鍋子下
鑊仔,鍋子
鑊蓋,鍋蓋
鑊鏟,鍋鏟
鑊頭,大鍋子
鑊頭,鍋子
鑊頭方,大鍋子方
鑊頭肚,大鍋子裡
鑊頭項,大鍋子裡
鑢鑢,刷刷
鑪,摩擦
鑪傷,擦傷
鑪卡,刷卡
鑪溜皮,摩破皮
鑪鑪罅罅,無法細心照顧
鑽仔,錐子
鑽仔,鑽子
鑽木起火,鑽木取火
鑽淨淨,鑽光光
鑽石禁指,鑽戒
鑽空仔,鑽孔
鑽空愛用鑽,鑽孔要用鑽子
鑽頭尖,泥花草
鑿仔,鑿刀
鑿仔,鑿子
鑿枘毋入,鑿枘不入
鑿空鬥榫,互相串通
鑿空鬥榫,連合做事
钁頭,鋤頭
钁頭柄,鋤頭柄
長凳,長椅子
長凳板項,長椅子上
長厥人志氣，滅自己威風,長他人志氣，滅自己威風
長命,長壽
長命,高壽
長命公,長壽公
長嘴千腳鳥,劍鴴
長在,經常
長壽,長命
長壽,高壽
長壽年,剩餘年壽
長安居大毋易,長安居大不易
長尸胐,長坐
長尾山娘,臺灣藍鵲
長尾山娘,臺灣藍鵲
長尾水雉鳥,長尾水薙鳥
長尾鵓鴣仔,長尾鴿
長尾鵲,喜鵲
長山,唐山
長山先生,唐山老師
長山師傅,唐山師傅
長山過臺灣,唐山過臺灣
長山臘嘴鳥,小桑鳲
長年,長工
長年,長時間
長年仔,長工
長年工,長工
長年月,長工月
長年月仔,長工月仔
長年透天,一年到頭
長年透天,長年
長年透天,長年忙碌
長年頭,長工棵
長槓,修長
長槓長槓,修長
長毛,長髮
長江脣頭,長江旁
長江脣頭,長江旁邊
長江脣頭,長江邊
長爪濫泥鳥,雲雀鷸
長生毋死,長生不死
長生毋滅,長生不滅
長生毋老,長生不老
長病無孝子,久病無孝子
長痛毋如短痛,長痛不如短痛
長短,是非
長短,是非善惡
長短毋一,長短不一
長短腳,跛腳
長篇細說,長篇小說
長紅腳濫泥鳥,鶴鷸
長繞繞仔,冗長
長纜纜,長長的
長纜纜仔,很長
長翹啜塍鳥,斑尾鷸
長翹啜鳥,反嘴鴴
長耳貓頭鳥,長耳鴞
長腳仔,腳很長的人
長腳濫泥鳥,高蹺鷸
長著,殘存的
長著,賸餘的
長衫,大褂
長衫,長袍
長衫聊跳,悠遊清閒
長角形,長方形
長話短講,長話短說
長豆仔,豇豆
長透,常常
長透,往往
長透,時常
長透,經常
長進,上進
長針,分針
長錢,存留錢財
長長,很長
長長長,很長
長間,常常
長間,經常
長青腳濫泥鳥,小青足鷸
長靴筒,長筒靴
長饒饒,修長
長黍仔,青春痘
門上个,門上的
門對仔,門上對聯
門斗,門框
門枋,門板
門樓,富貴人家
門樓,牌樓
門檻下,門檻下方
門段下,石階下
門段前,石階前
門毋停賓,門不停賓
門毋夜扃,門不夜扃
門毋夜關,門不夜關
門牙,門齒
門牙齒,門牙
門生,弟子
門碗,門臼
門背,戶外
門背,門外
門背,門後
門背後放花子，等毋到晚,門背後放花子，等不到晚
門背後項,門後上
門背角,牆角
門背角,門後角落
門背角項,門後角落
門背角項,門後角落地方
門脣,門邊
門落仔,門口
門角,牆角
門角,門後
門鈴仔,門鈴
門項,門上
門項,門的附近
門鼓,抱鼓石
閂核,閂緊
閃得開,避得開
閃水,躲雨
閃籬閃壁,躲躲藏藏
閃著,扭到
閃著,腰扭傷
閃走,跑掉
閃走,躲開
閃走,避開
閃車,閃避車輛
閃避,躲避
閃避,閃躲
閃避球,躲避球
閃開,躲開
閃開,避開
閉著汗,汗腺閉塞
開丫,開衩
開仔,開瓶器
開仔,開罐器
開刀,手術
開到,開得
開剪,啟用剪刀
開嘴,開口
開埠101年,開埠100年
開基祖,開基
開壺酌酒,打開酒壺斟酒
開學就愛註冊,開學習就要註冊
開容笑面,笑容滿面
開封,初次開張
開山打林,開墾荒地
開山打林,開山闢林
開床,同床
開店,開店鋪
開弓毋放箭,開弓不放箭
開得,能開
開撇,開完
開放个態度,開放的態度
開放宇宙學講,開放宇宙學說
開放式个問話,開放式的問話
開新年,開春
開新正,新年頭一天
開林,開墾山林
開椏,樹枝開叉
開火灶,起火炊爨
開甜粄,切開年糕
開田,墾殖田畝
開田,開墾田地
開田,闢地為田
開發撇,開發完
開目,開眼
開箱,打開箱子
開細妹仔,上妓院
開細差,開小差
開聲,出聲
開胸利膈,胸腹舒暢
開莊个,開莊的
開著,打開
開計,獻計
開銷撇,開銷完
開關,按鈕
開陽,視野好
開陽,視野良好
開青,掃墓
開首,開頭
閒事,閒話
閒亍,徜徉
閒亍亍,悠閒
閒到擘股,手提包
閒好,閒愛
閒尞,閒居
閒工,閒工夫
閒情,沒用的
閒手爪爛疤仔,閒得發慌
閒手腳,多餘的力氣
閒手腳,閒工夫
閒手閒腳,無所事事
閒手閒腳,遊手好閒
閒時,閒暇
閒時節,平常時候
閒時閒節,平時
閒神,多餘的精神
閒神,閒工夫
閒神野鬼,游手好閒
閒神野鬼,無所事事
閒神野鬼,無業遊民
閒神野鬼,遊手好閒者
閒綽綽,悠閒
閒話,閒言閒語
閒談,閒聊
閒錢補笊簍,徒勞無功
閒閒,沒事做
閒閒,無事可做
閒間,空房間
閒間仔,備用的房間
閒間仔,空房
閒間仔,空房間
閒頭路,閒差事
間仔,房間
間房,房間
間房肚,房間裡
間斷毋繼,間斷不繼
間方,房間
間日,間隔一天
間日,隔一天
間日,隔天
間毋容息,間不容息
間毋容髮,間不容髮
間等,混雜
間等,間隔
間耕,輪耕
間肚,房內
間肚,房間裡
間肚仔,房間裡
間肚項,房內
間肚項,房間內
間肚項,房間裡
間背,房間背後
間角,房間角
間門,房門
間項,房內
間項,房間裡
閕掰,誇耀而神氣
閕散,披散
閕開,張開
閣毋住,閣不住
閹,閹割
閹忒,閹掉
閹豬个,閹豬的
閹雞仔,閹割雄雞
閻王好見，細鬼難當,閻王好見，小鬼難當
閻羅王,閻王
閻羅王,閻羅
閻羅王面前須沒放回个鬼,閻羅王面前須沒放回的鬼
閼捽捽仔,生氣
閼捽捽仔,負氣
閼著,氣到
闊,寬
闊,廣
闊,廣泛
闊啜濫泥鳥,寬嘴鷸
闊嘴,嘴巴大
闊嘴盎,廣口瓶
闊嘴飛食鳥,寬嘴鶲
闊度,寬度
闊腳褲,寬腳褲
闊邊,寬邊
闊野野,寬闊
闊野野仔,寬闊
闊野野仔,很寬闊
闊闊,寬闊
闊面,面寬
闌腰仔,半腰
關刀豆,刀豆
關囹仔,禁監
關店門,打烊
關等,關著
關緪,關緊
關著,關到
關起門來，都係一家人,關起門來，都是一家人
防人之心毋可無,防人之心不可無
防晒油,防晒乳
防毋勝防,防不勝防
防生鹵,防鏽
防空窿,防空洞
阻擋,阻撓
阻阻隔隔,很多障礙
阿三頭,阿三棵
阿不倒,不倒翁
阿丑,小丑
阿丑伯,丑角
阿丑伯,小丑
阿丑琢,小丑
阿五仔,阿五
阿伯,伯父
阿伯仔,伯父
阿伯公,老先生
阿伯話,伯父話
阿公,爺爺
阿公,祖父
阿公仔,阿公
阿公在間肚歇睏,祖父在房間裡休息
阿公太,曾祖父
阿公好食,爺爺喜歡吃
阿公好食,祖父喜歡吃
阿公婆,祖先
阿公婆作躁,祖靈干擾
阿公婆牌,祖先牌位
阿公婆顯靈,祖先顯靈
阿公德,爺爺德
阿叔,叔叔
阿叔,叔父
阿叔仔,叔父
阿叔公,叔祖父
阿叔姆,叔母
阿吉仔,阿吉
阿哥,兄長
阿哥,哥哥
阿哥好食,哥哥喜歡吃
阿啾箭,大卷尾
阿啾箭,小卷尾
阿啾箭,烏秋
阿啾箭,烏鶖
阿太,曾祖母
阿太,曾祖父
阿太,曾祖父母
阿太,曾祖爺
阿妗,嬸嬸
阿妹,妹妹
阿妹,少女
阿妹,年輕女孩
阿妹伯姆,年輕女孩伯母
阿姆,媽咪
阿姆,媽媽
阿姆,母親
阿姆仔,母親仔
阿姆儕,母親人數
阿姆哀,我的媽呀
阿姆在灶下煮飯,媽媽在廚房煮飯
阿姆好食,媽媽喜歡吃
阿姆還吂轉,媽媽尚未回家
阿姆還吂轉,媽媽還沒回家
阿姊,姊姊
阿姊好食,姊姊喜歡吃
阿姐,姐姐
阿姐丈,姊夫
阿姑,姑姑
阿姑,姑媽
阿姑仔,姑姑
阿姨,姨媽
阿姨仔,小姨子
阿婆,奶奶
阿婆,祖母
阿婆好食,奶奶喜歡吃
阿婆好食,祖母喜歡吃
阿婆官,閒官
阿婆拜六出山,祖母星期六出殯
阿婆錢,排錢樹
阿婢擺,瘋瘋癲癲
阿嫂,大嫂
阿嫂,嫂嫂
阿嫂,嫂子
阿嫂仔,嫂子
阿嬭,嬌嬌女
阿富仔,阿富
阿搭姐,喜歡搭訕
阿旦披,女披
阿明真愛畫圖,阿明很喜歡畫圖
阿柯仔,阿柯
阿溜鼻仔,阿溜聞仔
阿滿頭,阿滿
阿爸,父親
阿爸,爸爸
阿爸好食,爸爸喜歡吃
阿爸無在屋下,爸爸不在家
阿爸爸,爸爸爸
阿爹,爺爺
阿爹,祖父
阿珍仔,阿珍
阿琢仔,西洋人
阿細,阿小
阿腦,稱讚
阿腦,誇獎
阿腦,讚美
阿舅,舅父
阿舅,舅舅
阿舍,紈褲子弟
阿茂牯,阿茂
阿莎力,很乾脆
阿諾,誇獎
阿財哥來食茶,阿財哥來喝茶啦
阿阿膩膩,不乾脆
阿阿膩膩,支支吾吾
阿鵲,喜鵲
阿鵲竇,喜鵲巢
阿里山鴝,栗背林鴝
陂,堤
陂圳,埤圳
陂圳,堤堰
陂圳,溝渠
陂塘,水塘
陂塘,池塘
陂塘下,水塘下方
陂塘唇,池塘邊
陂塘唇,池邊
陂塘肚,水塘裡
陂塘肚,池塘裡
陂塘面頂,水塘上面
陂塘面頂,池塘上面
陂塘項,池塘裡
陂頭,攔水堤
陂頭,矮堤
附細,附小
陋陋筲筲,破舊簡陋
降,下降
降,生
降下,落下
降下來,生下來
降了,生下
降低,放低
降低,減低
降倈,生兒子
降倈仔,生兒子
降出,生出
降妹,生女兒
降妹仔,生女兒
降嬰兒,生小孩
降子,生子
降子,生孩子
降子身無降子心,生孩子身不能生孩子心
降服,投降
降服,馴服
降火,降火氣
降細人,生小孩
降著,生了
降降个,降降的
限制,侷限
限勢,已經是
限定,指定
限透,極限
院項,醫院
陣上,得寸進尺
陣光陣暗,忽陰忽晴
陣寒陣熱,忽冷忽熱
陣打陣,一群又一群
陣打陣,一陣一陣
陣陣上,越來越囂張
陣陣腦上,越來越囂張
陣頭,儀仗陣式
除,除法
除忒,除了
除忒,除去
除忒,除掉
除忒,除此之外
除忒以外,除了以外
除撇,除了
除撇,除去
除撇,除掉
除撇,除此之外
除蟲,驅蟲
除蟲劑,驅蟲劑
陪,陪伴
陪床个,陪床的
陪等,陪伴著
陪等,陪著
陪細心,陪小心
陰了信个炮𤍤,陰了信的炮𤍤
陰人,鬼魂
陰勝就寒,陰勝則寒
陰府,陰間
陰晴毋定,陰晴不定
陰極,負極
陰火,磷火
陰火,鬼火
陰痛,隱痛
陰痛陰痛仔,隱隱作痛
陰筊,怒筊
陰著,暗中想成
陰謀毋軌,陰謀不軌
陰陽毋將,陰陽不將
陳个,陳的
陳摶个兄弟,陳摶的兄弟
陳細萍,陳小萍
陶盎泥,陶土
陶盎泥,黏土
陷漯,淪陷
陷漯,陷落
陸項,陸上
陽極,正極
隔,遮斷
隔,阻塞
隔壁个,隔壁的
隔壁个,隔壁鄰居的
隔壁人,隔壁的人
隔壁人,隔壁鄰居
隔壁莊,隔壁村
隔壁鄰舍,左鄰右舍
隔壁鄰舍,鄰居
隔壁鄰舍,隔壁鄰居
隔夜,次夜
隔夜茶毒過蛇,隔夜茶比蛇還毒
隔年个皇曆,隔年的皇曆
隔日,隔天
隔毋住,隔不住
隔裡个裡,隔裡個裡
隔開,隔絕
隘勇,壯丁
隘寮下,草寮
隘寮下,駐防地
隘寮坪莊頭,隘寮坪庄頭
障礙走,障礙跑
隨來隨鬥,隨機應對
隨在,隨便
隨在你,任憑你
隨在你,隨便你
隨時,隨即
隨機應變,臨機應變
隨等,隨著
險遭毋測,險遭不測
險險,好險
險險,差一點
險險,差點
隱毋違親,隱不違親
隻,個
隻字毋提,隻字不提
隻輪毋反,隻輪不反
雄壯,威武
雄心,遠大的抱負
雄猛,勇猛
雄繃繃仔,精力充沛
雄雞仔,公雞
雄雞仔,雄雞
雄頭,有雄風
雄頭,雄壯威武
雅式,典雅
雉尾細生,雉尾小生
雉雞,環頸雉
雉雞卵,腎蕨
雕琢,捉弄
雕蟲細藝,雕蟲小藝
雖然,儘管
雖然毋係,雖非
雖然講,雖然
雖講,雖說
雙拳毋敵四手,雙拳不敵四手
雙數,偶數
雙旋牯,雙旋的男生
雙日毋著單日著,雙日不著單日著
雙生,雙胞胎
雙生仔,雙胞胎
雙眉沙蔗鶯,雙眉葦鶯
雙瞼目,雙眼皮
雙竹透尾,白頭偕老
雙胞卵,雙胞胎
雙連潭莊頭,雙連潭庄頭
雙頭剪,雙重損失
雙頭蛇,挑撥是非的人
雜細,雜貨
雜細擔,雜貨攤
雜講,雜說
雜貨擔,雜貨攤
雜音,噪音
雞㸰仔,中雞
雞仔,雞
雞仔肚項,雞裡面
雞仔肚項,雞裡頭
雞僆仔,小母雞
雞兒毋喫無工之食,雞兒不喫無工之食
雞公,公雞
雞公髻花,雞冠花
雞冠花,青箱
雞卵,雞蛋
雞卵仔,宜梧
雞卵吊菜,黃水茄
雞卵糕,蛋糕
雞卵糕,雞蛋糕
雞卵花,緬梔
雞卵面,雞蛋臉
雞啼,雞鳴
雞塒,雞舍
雞嫲,母雞
雞嫲,雞母
雞嫲珠,相思子
雞嫲皮,雞皮疙瘩
雞嫲蟲,雞母蟲
雞子,小雞
雞寮,養雞場
雞尾,雞尾巴
雞屎堆,頭上長癤子
雞春,雞蛋
雞核頭,宜梧
雞欄肚,養雞場裡
雞毋及鳳,雞不及鳳
雞毛球,毽子
雞毛球,毽球
雞毛管,膠囊
雞毛錢仔,毽子
雞油,櫸
雞油樹,臺灣櫸木
雞油蛄,獨角仙
雞油蛄,鍬形蟲
雞爪樹,鷹爪花
雞犬之聲相聞，老死毋相往來,雞犬之聲相聞，老死不相往來
雞犬毋留,雞犬不留
雞犬毋驚,雞犬不驚
雞盤,白斬雞
雞盲,夜盲症
雞祛,雞掃帚
雞竇,雞窩
雞籠仔,雞籠
雞籠裡背,雞籠裡面
雞紅,雞血
雞肉斬盤,白斬雞
雞胗,雞胃
雞胲,氣球
雞胲,誇大
雞胲仔,氣球
雞蚩公,三白草
雞蛋花,緬梔
雞血藤,血藤
雞角仔,膠囊
雞過菜,大薊
雞頦草,布袋蓮
雞髀,雞腿
雞鵠仔,小雄雞
離,相隔
離,距
離了靛缸，染毋著顏色,離了靛缸，染不著顏色
離忒,離婚
離毋得,離不得
離毋開,離不開
離毋開人兒,離不開人兒
離毋開手兒,離不開手兒
離毋開眼兒,離不開眼兒
離開,離去
難,困難
難剃頭,難以應付
難剃頭,難以處理
難卻情,困難卻情
難毋倒,難不倒
難者毋會，會者毋難,難者不會，會者不難
難講,難說
雨毛仔,小雨
雨毛屑屑,飄毛毛雨
雨淋雨涿,水滴雨淋
雨淋雨涿,淋雨
雨量器,水量器
雨量杯,水量杯
雪圓,湯圓
雪圓仔,湯圓
雪家送炭,雪中送炭
雪蘭莪適耕莊客家公會,雪蘭莪適耕庄客家公會
雪豆,鵲豆
雲,雲朵
雲下日,酷烈
雲南白藥,洋落葵
雲精,雲母
零嗒,零嘴
零嗒,零食
零嗒莫食忒多,零食不要吃太多
零星,零錢
零星錢,零錢
零角仔,銅板
零零㪐㪐,零零散散
零零㪐㪐,零零落落
零零星星,零零碎碎
零食,零吃
雷公,雷
雷公,雷神
雷公冇,申跋
雷公劫,雷劫
雷公杖,申跋
雷公根,地棠草
雷公根,積雪草
雷公根,蚶殼草
雷公根,銅錢草
雷公根,雷公草
雷公根,雷公藤
雷公草,積雪草
雷公響,雷聲
雷大雨細,雷大雨小
雷打毋動,雷打不動
雷聲大雨點細,雷聲大雨點小
雷聲大，雨點細,雷聲大，雨點小
電人,觸電
電動,電玩
電嗋石,電磁鐵
電報鳥,褐色叢樹鶯
電影細說,電影小說
電扇,電風扇
電毛,燙頭髮
電毛,燙髮
電毛店,燙髮院
電毛店,理髮店
電毛店,美髮店
電毛店,髮廊
電池仔,乾電池
電池仔,電池
電池盒仔,電池盒
電火,電燈
電火布仔,絕緣膠帶
電火珠仔,電燈泡
電火關忒佢,把燈關掉
電火關忒佢,電燈關掉他
電珠仔,燈泡
電球仔,燈泡
電球仔,電燈泡
電用忒幾多度,電使用掉多少度
電算機,電算器
電線楯,電線桿
電視,電視機
電視壞忒,電視機壞掉
電鑊仔,電鍋
需要,必須
需要,需求
霍細玉,霍小玉
霜白揚尾仔,霜白蜻蜓
露兜樹,林投
露出來,露出
露水,朝露
露水,露珠
霸王花,曇花
霸等,佔據著
霸等,佔著
霹靂細組,霹靂小組
霹靂講,霹靂說
青,綠或藍
青,綠色
青,藍色
青仁膽,膽汁
青啄樹鳥,綠啄木
青嘴花鳥,綠啄花
青天白日,大白天
青尛仔,綠繡眼
青木香,異葉馬兜鈴
青桐,梧桐
青棉藤,青棉花
青油油仔,綠油油的
青牛膽,青牛膽花
青瓜仔,胡瓜
青瞑,失明
青瞑,瞎眼
青瞑个,失明的
青瞑仔,瞎子
青瞑忒,失明了
青瞑狗,瞎了眼的狗
青瞑狗,瞎子
青竹仔,青竹絲
青竹𧊅,射尿𧊅
青竹𧊅,綠色樹蛙
青絲仔,綠繡眼
青翹毛畫眉,綠畫眉
青翼金鵓鴣仔,翠翼鳩
青肚雞,藍腹鷴
青背湢湢鳥,青背山雀
青腳濫泥鳥,青足鷸
青腳濫泥鳥,丹氏穉鷸
青色,綠或藍色
青色,綠色
青花菜,青花椰菜
青菜,蔬菜
青菜類,蔬菜類
青里里,慘綠的
青里里,臉色慘綠
青里里,青綠
青里里仔,臉色發青
青離離仔,綠綠的
青青,顏色翠綠
青面鳥,容易變臉
青面鳥,容易變臉的
青面鳥,易怒者
青頭沒水鴨,青頭潛鴨
青頭鴨,綠頭鴨
青驚,虛驚
青驚勞碌,非常害怕
青鵓鴣仔,綠鳩
青鶴仔,綠簑鷺
青鸝仔,綠繡眼
靚,漂亮
靚,美
靚,美麗
靚仔,漂亮
靚媸,美與醜
靚膩膩,漂漂亮亮
靚膩膩,美麗的
靚膩膩仔,粧扮美麗
靚靚,漂亮
靚靚,漂漂亮亮
靚靚,還算漂亮
靚靚仔,美美的
靚靚仔,還算漂亮
靚靚靚,漂亮
靜態講,靜態說
靜靜个,靜靜的
非人毋傳,非人不傳
非厥,非他
非同細可,非同小可
非常好,非常不錯
非愚就誣,非愚則誣
非昔係今,非昔是今
非是細可个,非是小可的
非禮毋可入,非禮不可入
非非糝做,胡作非為
非𠊎,非我
非𠊎族類，其心必異,非我族類，其心必異
靠傷,擦傷
靠勢,仗勢
靠勢,仗勢欺人
靠勢,倚仗威勢
靠天絡食,靠天吃飯
靠山食山,靠山吃山
靠山食山，靠水食水,靠山吃山，靠水吃水
靠毋得,不能依靠
靠著,挨近
靠靠,裸露凸出
靡毋有初，鮮克有終,靡不有初，鮮克有終
面,臉
面上,上面
面兜兜,臉圓胖
面兜兜,臉形豐滿
面前,前面
面劣劣,臉頰削瘦
面北北,不理人
面北北仔,不高興不理人
面壢青,面色發青
面子上个人,面子上的人
面子上个差使,面子上的差使
面子上个話,面子上的話
面容,面孔
面容仔,面容
面容仔,面貌
面對,面臨
面帕,毛巾
面帕粄,粄條
面方,臉方
面殼,面具
面毋改容,面不改容
面毋改色,面不改色
面油,面霜
面烏烏,臉黑黑的
面獒獒,桀驁不馴
面生毋熟,面生不熟
面皮,臉皮
面皮打摺,面容衰老
面皮打褶,面容衰老
面皮皮,厚臉皮
面皮皮,臉皮
面皮皮仔,厚著臉皮
面皮黃,臉色發黃
面盆,臉盆
面盆巷,臉盆巷
面盆水,臉盆水
面盆肚項,臉盆裡面
面盆肚項,臉盆裡頭
面目,面子
面紅洎炸,顏面充血
面紅濟炸,滿臉通紅
面紅濟炸,面紅耳赤
面紅紅,臉紅紅的
面紅際炸,滿臉通紅
面臭臭,繃著一張臉
面臭臭仔,臉臭臭的
面色,臉色
面著屎,臉沾到屎
面藕藕,臉不平整
面譜,臉譜
面逼逼,扳著臉
面頂,上面
面項,上面
面頭前,前面
面頰卵,臉頰
面頰卵,顴骨周邊
靴仔,皮鞋
靴仔,靴子
靴仔,鞋子
靴筒,雨鞋
靴筒,鞋筒
靴背爪癢,在鞋背上抓腳癢
靴背爪癢,隔靴搔癢
靶仔,靶子
鞋,鞋子
鞋㬹,鞋跟
鞋仔,鞋子
鞋帶仔,鞋帶
鞋櫃仔,鞋櫃
鞘翼目,鞘翅目
韌床,賴床
韌鋸鋸,嚼不爛
音品,音色
音耗毋絕,音耗不絕
音色賁,音色渾厚
音質,音色
韶早,明天
韶早,翌日
響哨笐,響警報
響忒,響完
響炭,好的木炭
響聲,聲響
響角,響警報
響雷公,打雷
頂,上方
頂,上面
頂中仔,宜梧
頂中仔,小舌
頂分人,過繼給人
頂崠,最高點
頂碓,作弄
頂背,上方
頂背,上面
頂針仔,別針
頂鍾仔,宜梧
頂頂碓碓,反反覆覆
頂頂碓碓,顛三倒四
頂項,上面
頂願,快感
頂香煙,承繼家族血脈
頂高,上方
頂高,上面
項,上
項,裡
項項,每一項
順帶仔,順便
順序,次序
順序,順利
順得姑來逆得嫂,順得姑來失嫂意
順月,預產期
順條順理兒个,順條順理兒的
順等,沿著
順續,順便
順續仔,順便
順行有閒正來尞,慢走有空來玩
順順,平緩和平
順順,平順
順順序序,順順利利
順𠊎者吉，逆𠊎者衰,順我者吉，逆我者衰
順𠊎者昌，逆𠊎者亡,順我者昌，逆我者亡
順𠊎者生，逆𠊎者死,順我者生，逆我者死
須毋係,須不是
預防注射,預防接種
頑強毋屈,頑強不屈
頑頑,冥頑不靈
頒,頒布
頓井,鑿井
頓傷,挫傷
頓恬,中止
頓恬,停下來
頓恬,停止
頓核,鑿完
頓毋脫,頓不脫
頓水,使之不流
頓水,截流儲水
頓水,蓄水
頓水,阻擋水
頓竳來,豎立起來
頓腳,停步
頓腳,歇腳
頓腳,駐腳
頓腳,駐足
頓著,大力撞擊
頓頓,每餐
頓頓,餐餐
頓頭,墊木
頓齊來,使一端齊平
頗毋以為然,頗不以為然
頗𠊎,頗我
領,件
領仔,領子
領便,坐享其成
領家个,領家的
領月俸,領月薪
領月給,領月薪
頦腮,面頰
頦鰓,腮下巴
頦鰓,魚鰓
頦鰓蓋,鰓蓋
頭,棵
頭䌈,頭緒
頭一座,前一座
頭一擺,第一次
頭下,剛才
頭下碼,第一次
頭个,頭的
頭仔,頭子
頭仔,首腦
頭代祖,第一代祖先
頭份四大莊,頭份四大庄
頭來尾去,來龍去脈
頭先,先前
頭先,剛才
頭到,剛才
頭到,第一次
頭前,前面
頭前,前頭
頭前去,前頭去
頭前門,前門
頭勾勾仔,伸頭外望
頭名,第一名
頭家,老闆
頭家人,老闆
頭家姆,老闆姆
頭家娘,老闆娘
頭尾,最後
頭彩,兆頭
頭拂尾拂,搖頭擺尾
頭拿疾,頭痛
頭探探仔,頭伸出在外
頭擂擂仔,專注努力
頭擺,以前
頭擺,很久以前
頭擺,從前
頭擺,第一次
頭擺人,以前人
頭擺仔,第一次仔
頭攋攋仔,無精打采
頭日,前一天
頭日,第一天
頭日,第一日
頭昏,頭暈
頭暈腦疺,頭昏腦脹
頭暗晡,棵晚上
頭枋車,第一班車
頭林肚項,棵林裡頭
頭林頂,棵林頂
頭沉沉仔,全心全意
頭滿,棵滿
頭烏面烏,灰頭土臉
頭燒額痛,發燒頭疼
頭牲,家畜家禽
頭牲,牲畜
頭牲,畜生
頭牲屎,家畜家禽屎
頭犁犁,頭低低
頭犁犁仔,頭低低
頭犁犁仔,頭低低的
頭犁犁仔,頭部低垂
頭皮,頭皮屑
頭磬磬,頭低低
頭磬磬仔,低頭
頭科,第一科
頭簪,髮簪
頭臥臥,仰著頭
頭臥臥,頭仰著
頭臥臥仔,仰仰頭
頭講,棵講
頭路,工作
頭路,職業
頭路盡好,工作很好
頭輪,第一回合
頭輪,第一次
頭轉客,歸寧
頭過,以前
頭那,頭
頭那,頭部
頭那心,頭心
頭那慇,頭暈
頭那暈暈,頭昏昏
頭那暈暈,頭暈暈
頭那殼,頭殼
頭那殼,頭蓋骨
頭那毛,頭髮
頭那毛型,髮型
頭那毛舞,頭髮舞
頭那毛項,頭髮上
頭那痛,頭痛
頭那皮,頭皮
頭那頂,頭上
頭那頂,頭頂
頭那頂高,頭上
頭那項,頭上
頭醋毋酸到底兒薄,頭醋不酸到底兒薄
頭醋毋酸，二醋毋辣,頭醋不酸，二醋不辣
頭醋毋釅二醋薄,頭醋不釅二醋薄
頭重輕,頭重腳輕
頭鉤鉤,引領企盼
頭闖闖仔,埋頭苦幹
頭陽,重陽
頭隻月,第一個月
頭項,前方
頭項,最前面
頭項,頭胎
頭頷尾搐,態度和順
頭頷尾搐,態度喜悅和順
頭頷尾著,態度和順有禮
頭齊腳毋齊,頭齊腳不齊
頷去,點去
頷膽,糊里糊塗
頷著,點到
頷頭,頷首
頷頭,點頭
頷頷拜,不停的拜
頷頷拜,連續點頭
頸偏偏,不受教
頸圍仔,圍巾
頸墩墩仔,脖子又短又肥
頸根,脖子
頸根,頸部
頸根項,脖子上
頸橫橫仔,桀驁不服
頸筋,脖子
頸跔跔仔,縮著脖子
頸鋸鋸仔,縮著脖子
頹靡毋振,頹靡不振
題錢,募捐
題錢,募款
題錢,捐錢
額數,數額
額結結,愁眉不展
額結結,愁眉苦臉
額結結仔,愁眉不展
額𠊎略曆,額我略曆
願菸,想吸菸
願酒,酒癮
願頭,意願
願頭,興趣
顛倒,卻
顛倒,反而
顛倒,次序相反
顛倒係,而是
顛倒做得,不妨
顛倒句,倒裝句
顛撲毋碎,顛撲不碎
顛毋剌个,顛不剌的
顛越毋恭,顛越不恭
顛顛痴痴,瘋瘋顛顛
類別个團體,類別的團體
顧一毋顧二,顧一不顧二
顧三毋顧四,顧三不顧四
顧前毋顧後,顧前不顧後
顧毋个,顧不的
顧毋个死活,顧不的死活
顧毋得,顧不得
顧毋得許多,顧不得許多
顧毋過來,顧不過來
顧著,顧到
顧頭毋顧尾,顧頭不顧尾
顫,顫抖
顯顯,很明顯
顯顯,顯露
顯顯開來,顯露出來
風,氣
風俗,習俗
風光節,風明亮節
風包紙,紅包袋
風吹日炙,風吹日晒
風吹日炙,風吹日曬
風寒,感冒
風快个刀,風快的刀
風搓,颱風
風搓眼,颱風眼
風搓路線,颱風路徑
風毋來，樹毋動,風不來，樹不動
風毋搖，樹毋動,風不搖，樹不動
風毋鳴條,風不鳴條
風水,墳墓
風水先生,風水老師
風水牌,墓牌
風水脣,墳墓旁邊
風水項,墳墓上
風水項,墳墓裡
風洩仔,打氣筒
風流子,風流人
風浪,事件
風溜溜仔,清風吹拂
風爐項,風爐上
風神,威風
風神,神氣
風神喋喋仔,洋洋得意
風神碌碌,威風凜凜
風神碌碌,意氣揚揚
風神碌碌,洋洋得意
風紋也毋動,風紋也不動
風車,鼓風機
風邪,感冒
風雨,議論
風雨毋改,風雨不改
風雨毋透,風雨不透
風雲毋測,風雲不測
風颸,颱風
風飛沙,飛沙
風馳雨,西北雨
颳風,起風
飄忽毋定,飄忽不定
飄等,飄著
飆,跳
飆上飆下,衝上衝下
飆上飆下,跑上跑下
飆上飆下,跳上跳下
飆天,升天
飆尿,射尿
飆尿,撒尿
飆等,跳著
飆走,急奔
飆轉,急奔回
飆轉,猛衝回
飛,飛翔
飛也似个,飛也似的
飛入,飛進
飛入,飛進去
飛忒,飛走
飛機場,機場
飛淨淨,飛光光
飛禽,鳥類
飛等,飛著
飛籮拔觜,飛躍翔舞
飛行機,飛機
飛走去,飛走
飛里花剌,繽紛雜亂
飛香湯,飛翔香湯
飛香肉,飛翔香肉
飛鼠,鼯鼠
食,吃
食一塹，長一智,吃一塹，長一智
食一看二,吃一看二
食一碗飯來,吃碗飯
食一頓挨一頓,吃一頓挨一頓
食个,吃的
食之無味，棄之毋甘,食之無味，棄之不甘
食乳,喝奶
食乳動物,哺乳動物
食乳類,哺乳類
食乾醋,吃乾醋
食了,吃了
食了秤砣,吃了秤砣
食了蜜蜂兒屎似个,吃了蜜蜂兒屎似的
食交,吃交
食人,吃人
食人一个蛋，恩情無法斷,吃人一個蛋，恩情無法斷
食人个嘴軟，拿人个手短,吃人的嘴軟，拿人的手短
食人兒个,吃人兒的
食人戇仔,欺人太甚
食人歡喜酒，賺人甘願錢,不強取別人不情願給的事物
食人毋吐骨,吃人不吐骨
食人毋吐骨頭,吃人不吐骨頭
食人蟲,吃人蟲
食仔,吃了
食來食去,吃來吃去
食偏食,吃偏食
食偏飯,吃偏飯
食傷了,吃傷了
食兒,吃兒
食公家飯,任公職
食冤枉,吃冤枉
食到,吃得
食到飽,吃到飽
食到飽𩜰𩜰,吃得非常飽
食力,使勁
食力,吃力
食力,費力
食力毋討好,吃力不討好
食加,多吃
食加兜,多吃點
食勁,吃勁
食勞金,吃勞金
食十方,吃十方
食卒打卒,白費工夫
食卒打卒,領多少用多少
食受,吃受
食口,吃口
食口令,吃口令
食合家歡,吃合家歡
食味,吃味
食味兒,吃味兒
食命,吃命
食命个,吃命的
食啉,吃食
食啊著,一吃到
食啞吧虧,吃啞吧虧
食喜,吃喜
食喜酒,吃喜酒
食喜酒,喝喜酒
食喝兒,吃喝兒
食喝嫖賭,吃喝嫖賭
食喝拉撒睡,吃喝拉撒睡
食喝毋分,吃喝不分
食嘴,吃嘴
食嘴燥,止渴
食嘴燥啊仔,多喝點以解渴
食回頭草,吃回頭草
食土,吃土
食地面,吃地面
食墨船兒,吃墨船兒
食夜,吃晚飯
食夜,吃晚餐
食夜草,吃夜草
食大塊,吃喪家餐食
食大戶,吃大戶
食大鍋飯,吃大鍋飯
食大項,吃大項
食太平飯,吃太平飯
食奶,吃奶
食奶个力氣,吃奶的力氣
食子,吃子
食子孫飯,吃子孫飯
食官司,吃官司
食定,吃定
食宵夜,吃宵夜
食寡酒,吃寡酒
食寡醋,吃寡醋
食尿,喝尿
食屎个,很差勁
食幾碗乾飯,吃幾碗乾飯
食幾長命,活多久
食床腿,吃床腿
食後悔藥,吃後悔藥
食得住,吃得住
食得來,吃得來
食得光,吃得光
食得忒,吃得完
食得消,吃得消
食得苦中苦，方為人上人,吃得苦中苦，方為人上人
食得落,吃得下
食得過,吃得過
食得開,吃得開
食心,吃心
食忒,吃完
食忒,吃掉
食忒飽,吃太飽
食惱,吃惱
食拜拜,吃拜拜
食排落,吃排落
食排頭,吃排頭
食掛絡兒,吃掛絡兒
食撇,吃完
食撇,吃掉
食撇去,吃掉去
食教,吃教
食敲才,吃敲才
食晝,吃中飯
食晝,吃中餐
食晝,吃午飯
食晝,吃午餐
食晝吂,午飯吃了沒有
食月給,領月薪
食朝,吃早飯
食朝,吃早餐
食木瓜消化好,吃木瓜容易消化
食本,吃本
食東西,吃東西
食板刀麵,吃板刀麵
食果子,吃水果
食柚仔愛剝皮,吃柚子要剝皮
食案,吃案
食棒,吃棒
食楊桃會解熱,吃楊桃會解暑
食槍藥,吃槍藥
食死飯,吃死飯
食毋上,吃不上
食毋下咽,食不下咽
食毋了,吃不了
食毋二味,食不二味
食毋住,吃不住
食毋來,吃不來
食毋充口,食不充口
食毋充腸,食不充腸
食毋充飢,食不充飢
食毋兼味,食不兼味
食毋厭精，膾毋厭細,食不厭精，膾不厭細
食毋去,吃不完
食毋完兜著走,吃不完兜著走
食毋得,不能吃
食毋得,吃不得
食毋得慢酒,吃不得慢酒
食毋得緊酒,吃不得緊酒
食毋忒,吃不完
食毋忒,吃不掉
食毋念飽,食不念飽
食毋撇,吃不完
食毋暇飽,食不暇飽
食毋服,吃不服
食毋果腹,食不果腹
食毋求甘,食不求甘
食毋求飽,食不求飽
食毋消,吃不消
食毋消，兜著走,吃不了，兜著走
食毋甘味,食不甘味
食毋異肉,食不異肉
食毋知味,食不知味
食毋累味,食不累味
食毋終味,食不終味
食毋落,吃不下
食毋言，寢毋語,食不言，寢不語
食毋遑味,食不遑味
食毋重味,食不重味
食毋重肉,食不重肉
食毋開,吃不開
食毋餬口,食不餬口
食毒,吸毒
食水,吃水
食水,吸水
食水果,吃水果
食水線,吃水線
食汽水,喝汽水
食法,吃法
食洋毋化,食洋不化
食洋飯,吃洋飯
食派飯,吃派飯
食涼啊仔,吃了退火點
食涼毋管酸,吃涼不管酸
食淨淨,吃光
食淨淨,吃得乾乾淨淨
食漦,糟糕
食火鍋,吃火鍋
食煙,吃煙
食煙,吸煙
食燒餅,吃燒餅
食牌,吃牌
食犒勞,吃犒勞
食獨食,吃獨食
食現成,吃現成
食現成飯,吃現成飯
食瓦片兒,吃瓦片兒
食生活,吃生活
食生米兒个,吃生米兒的
食番薯毋知米價,吃番薯不知米價
食癟,吃癟
食白食,吃白食
食白飯,吃白飯
食百二,長壽
食盡當光,吃盡當光
食盡盡,吃光光
食眼前虧,吃眼前虧
食睡毋得,寢食難安
食瞪眼兒食,吃瞪眼兒食
食硬毋食軟,吃硬不吃軟
食碰,吃碰
食祿,口福
食福,口福
食私,吃私
食空茶,吃空茶
食等,吃著
食米,吃米
食米毋知米價,吃米不知米價
食粥樣仔,易如反掌
食糜,吃稀飯
食糜,吃粥
食糜,食鮮粥
食糧,吃糧
食糧,糧食
食紅,吃紅
食紅白口兒,吃紅白口兒
食細灶,吃小灶
食緊,吃緊
食罪,吃罪
食老本,吃老本
食而毋化,食而不化
食膩,吃膩
食自來食,吃自來食
食自在飯,吃自在飯
食舊鍋粥,吃舊鍋粥
食花酒,吃花酒
食若俸祿,為你工作
食苦,吃苦
食苦耐勞,吃苦耐勞
食苦頭,吃苦頭
食茶,吃茶
食茶,喝茶
食草,吃草
食菸,吸菸
食菸,抽菸
食落,吃下
食落去,吃進
食落去,吃進去
食著,吃到
食著碗裡，看著鍋裡,吃著碗裡，看著鍋裡
食著自己个飯，替人家趕獐子,吃著自己的飯，替人家趕獐子
食葷,吃葷
食葷飯,吃葷飯
食蔥食蒜毋食薑,吃蔥吃蒜不吃薑
食藥,吃藥
食藥仔,吃藥
食蘋果,吃蘋果
食虧,吃虧
食虧就係占便宜,吃虧就是占便宜
食蚵鳥,蠣鴴
食蛇食,什麼都吃
食螺絲,吃螺絲
食衙門飯,吃衙門飯
食裡爬外,吃裡爬外
食角子老虎,吃角子老虎
食請,吃請
食豆腐,吃豆腐
食貨,吃貨
食賠賬,吃賠賬
食起來,吃起來
食軟毋食硬,吃軟不吃硬
食辣麵,吃辣麵
食透,吃透
食這敢有幫助,吃這有嗎幫忙
食過,吃過
食酒,吃酒
食酒,喝喜酒
食酒,喝酒
食酒醉,喝酒醉
食酒醉,喝醉
食醋,吃醋
食醋拈酸,吃醋拈酸
食醋撚酸,吃醋撚酸
食醋爭風,吃醋爭風
食重,吃重
食釘子,吃釘子
食釘板,吃釘板
食釣,魚兒上鉤
食錯藥,吃錯藥
食長齋,吃長素
食長齋,長年吃素
食閉門羹,吃閉門羹
食開口飯,吃開口飯
食閒話,吃閒話
食雜習慣,飲食習慣
食順毋食搶,吃順不吃搶
食頭路,任職
食飛醋,吃飛醋
食食,吃吃
食食仔,吃一吃
食食啉啉,吃吃喝喝
食食撇,吃掉
食食淨,吃光
食食飽,吃飽
食飯,吃飯
食飯傢伙,吃飯傢伙
食飯別忘了種穀人,吃飯別忘了種穀人
食飯前愛先洗手,飯前要洗手
食飯家伙,吃飯家伙
食飯後愛盪嘴,飯後要漱口
食飯打赤膊,吃飯要打赤膊
食飯桌項,餐桌上
食飯間,飯廳
食飯防噎,吃飯防噎
食飽,吃飽
食飽了飯撐个,吃飽了飯撐的
食飽兜仔,吃飽一點
食飽兜仔,吃飽些
食飽去,吃飽來
食飽吂,你好嗎
食飽吂,吃過沒
食飽吂,吃飽了嗎
食飽吂,吃飽了沒
食飽吂,吃飽沒
食飽吂,吃飽飯了嗎
食飽吂,早上見呀
食飽吔,吃飽了
食飽夜,吃過晚飯
食飽夜,晚餐吃飽
食飽夜共下來去逛街好無,晚餐後一起去逛街好嗎
食飽夜去,吃過晚飯去
食飽尞尞飽食,吃飽睡睡飽吃
食飽晝,午餐吃飽
食飽晝,吃過午飯
食飽朝,早餐吃飽
食飽毋得飯變屎,做無意義的事
食飽飯沒事做,吃飽飯沒事做
食館子,吃館子
食香,吃香
食香喝辣,吃香喝辣
食驚,吃膩
食魚貓頭鳥,黃魚鴞
食鮮糜,吃很稀的稀飯
食鮮糜,吃很稀的粥
食鴨蛋,吃鴨蛋
食鹽,沒力氣
食黑棗兒,吃黑棗兒
食黑飯，護漆柱,吃黑飯，護漆柱
食點心,吃點心
食齋,吃素
食齋,吃齋
食齋,素食
食齋人,吃素的人
食齋唸佛,吃齋唸佛
食齒,恆齒
飢,餓
飢毋可食，寒毋可衣,飢不可食，寒不可衣
飢荒,餓荒
飯乾,米糕
飯勺仔,飯勺
飯包,便當
飯包,飯盒
飯包,餐盒
飯匙堵貓,以其人之道
飯匙銃,眼鏡蛇
飯匙骨,肩胛骨
飯匙鴨,琵嘴鴨
飯匙鵝,琵鷺
飯團,飯糰
飯後搓牙齒,飯後刷牙
飯撈仔,撈飯的漏杓
飯撈仔,洞勺
飯甑,飯桶
飯盆頭,裝飯的容器
飯盆頭,飯鍋
飯碗覆忒了,失去工作了
飯篼,便當
飯篼仔,便當
飯篼仔,飯盒
飯糝,飯粒
飯缽,飯鍋
飯鑊,飯鍋
飯食得落,吃得下飯
飯食毋落,吃不下飯
飯館,餐館
飯𤊶,鍋巴
飲水,喝水
飲酒,喝酒
飲食毋進,飲食不進
飲食無正常,飲吃沒有再常
飼,餵食
飼,餵養
飼乳,餵奶
飼乳動物,哺乳動物
飼乳類,哺乳類
飼奶動物,哺乳動物
飼奶類動物,哺乳類動物
飼飯,餵飯
飼飯,餵養
飽人毋知餓人飢,飽人不知餓人飢
飽學,學識廣博
飽年飽節,過好年
飽漢毋知餓漢饑,飽漢不知餓漢饑
飽脹,脹肚子
飽足,滿意
飽足,滿足
飽足,知足
飽飽,滿滿
飽飽,爆滿
飽飽,飽
飽飽,飽足
飽飽,鼓鼓
飽飽个,飽飽的
飽𩜰𩜰,吃得很飽
飽𩜰𩜰,吃得飽飽的
飽𩜰𩜰,很飽
飽𩜰𩜰,飽脹
飽𩜰𩜰仔,吃得很飽
餅仔,圓餅
餅仔,餅
餅仔,餅乾
餅裡背肚,餅裡面
養子,義子
養子,養小孩
養毋住,養不住
養細防老，積穀防饑,養小防老，積穀防饑
養蛇食雞,姑息養奸
養蛇食雞,引狼入室
養身,保養身體
餐業,飲食業
餐業,餐飲業
餐餐,每一餐
餐餐,每餐
餒餒,內向柔弱
餒餒,溫柔內向
餓到會死,餓得要命
餓晝仔,沒吃中餐
餓死事細，失節事大,餓死事小，失節事大
餔,申時食
餔娘,太太
餔娘,妻子
餔娘,老婆
餔娘人,婦人
餔娘到,妻子到
餞番薯,地瓜糖
餞糖,糖漬
館中莊頭,館中庄頭
館仔,拘留所
館仔,監獄
餳,吸引
餳,誘
餳,誘惑
餳人,吸引人
餳人,誘人
餳人,誘惑人
餳人个所在,魅力
餳烏蠅,招引蒼蠅到來
餵豬仔,餵豬
饃饃一樣，在各人个做手,饃饃一樣，在各人的做手
饅頭毋食惹身羶,饅頭不吃惹身羶
饅頭羅,錫蘭饅頭果
饒赦,原諒
饒赦,饒恕
饔飧毋給,饔飧不給
饔飧毋繼,饔飧不繼
饔飧毋飽,饔飧不飽
香儀,奠儀
香公,廟公
香公,廟祝
香公仔,廟公
香公伯,廟公
香心骨,線香骨幹
香果,蒲桃
香櫞瓜,佛手瓜
香櫞瓜絲,佛手瓜鬚
香櫞瓜絲,龍鬚菜
香油,麻油
香火毋斷,香火不斷
香火毋絕,香火不絕
香煙,後代
香煙毋絕,香煙不絕
香片花,茉莉
香精骨,香的骨幹
香絡仔,放香的袋子
香絡仔,香袋
香絲樹,相思樹
香茶箍,香皂
香蘇,紫蘇
香袋仔,香灰袋
香馞馞仔,香噴噴
香馞馞仔,香噴噴地
馬上,立刻
馬仔,馬
馬來西亞23个惠州會館,馬來西亞22個惠州會館
馬子,小馬
馬尿卵,皮蛋
馬毋停蹄,馬不停蹄
馬毋及鞍,馬不及鞍
馬毋知臉長,馬不知臉長
馬沙䱻,虱目魚
馬牯,公馬
馬牯,雄馬
馬甲子,菝葜
馬甲頭,菝葜
馬祖列島,馬祖列嶼
馬膠,柏油
馬草,野茼蒿
馬萕寮莊頭,馬萕寮庄頭
馬薺,荸薺
馴馴,溫馴
駁仔,陣子
駁嘴,鬥嘴
駕駛,駕駛員
駛,開
駛,駕駛
駛牛,駕馭牛
駛車仔,開車
駛車仔,駕車
駛車仔愛細義,開車要小心
駟毋及舌,駟不及舌
騎機車愛戴安全帽,騎機車要戴安全帽
騎著,騎到
騎馬毋帶鞭子,騎馬不帶鞭子
騙,欺騙
騙人,欺騙人
騙人毋識,有什麼稀罕
驀个,驀的
驚,害怕
驚了,怕了
驚係,怕是
驚到,怕到
驚去,害怕去
驚山,怯場
驚怕,害怕
驚怕,恐怕
驚拔拔仔,驚怕
驚撓,怕搔癢
驚死,怕死
驚生份,怕生
驚疑毋定,驚疑不定
驚直,驚蟄
驚著,嚇到
驚見笑,害羞
驚顧毋遑,驚顧不遑
驚風,怕風
驚驚忸忸,驚懼畏縮
驚驚險險,驚懼可怕
驚驚險險,驚險可怕
驚鬼,怕鬼
驚鹿鹿仔,驚怕
驢脣毋對馬嘴,驢脣不對馬嘴
驢頭毋對馬嘴,驢頭不對馬嘴
骨射射,很瘦
骨惹惹,瘦骨粼粼
骨架,骨骼
骨架仔,骨骼
骨格毋凡,骨格不凡
骨筒油,骨髓
骨節,關節
骨肉,至親
骨補碎,骨碎補
骨頭,骨骼
骨頭盎,骨灰罈
骨頭罐,骨灰罈
骨頭裡掙出來个錢纔做得肉,骨頭裡掙出來的錢纔做得肉
骨骸,遺骸
骨骸,骸骨
骰仔,骰子
骿籬骨,肋骨
體型,個子
體恤著,體恤到
高㬹鞋,高跟鞋
高不將,不得已
高不而將,不得不這樣
高不而將,不得已
高个兒,高個兒
高个子,高個子
高低,優劣
高低,深淺
高低,輕重
高低,高下
高低樹搉仔,高低木魚
高升,提升
高埔莊頭,高埔庄頭
高大个,高大的
高大砸磳,高壯
高就,較佳的
高山中頂,高山山頂
高山峎頂,山岡
高山番,高山原住民
高山番,高山族
高山頂項,高山頂上
高擎擎,個子高
高攀毋上,高攀不上
高毋可攀,高不可攀
高毋可登,高不可登
高毋成，低毋就,高不成，低不就
高毋湊，低毋就,高不湊，低不就
高毋輳，低毋就,高不輳，低不就
高毛,可惡
高毛,很壞
高毛㓾頭,該死
高溜,個子修長
高溜高溜仔,瘦瘦高高地
高爺矮爺,七爺八爺
高而毋危,高而不危
高腳屋,干欄式房屋
高腳雞,董雞
高臞臞仔,高而瘦
高處毋勝寒,高處不勝寒
高見,意見
高貴毋貴,高貴不貴
高鐵,高速鐵路
高長大漢,高頭大馬
高雄係厥故鄉,高雄是他的故鄉
高音笛仔,高嗩
髻鬃,髮髻
鬆,富有
鬆忒,鬆掉
鬆忒了,鬆掉了
鬆爽,舒服
鬆爽,舒適
鬆爽,輕鬆愉快
鬆緪,鬆緊
鬆頭,手頭寬鬆
鬆鬆,很鬆
鬍鬚嗎咖,亂七八糟
鬍鬚嗎咖,分辨不清
鬚惹惹仔,鬍鬚翹起
鬚粗粗,鬍鬚很粗
鬚菇,短鬚
鬚菇,鬍鬚
鬚角,觸角
鬚長長,鬍鬚很長
鬞交交仔,亂糟糟的
鬞絞絞,亂七八糟
鬞絞絞,亂糟糟
鬞頭不律,紛亂沒頭緒
鬞頭絞髻,蓬頭散髮
鬥,拼合
鬥,爭鬥
鬥力,比力氣
鬥力毋如鬥智,鬥力不如鬥智
鬥去,拼去
鬥去,湊去
鬥去,爭去
鬥對,湊成一對
鬥拼,拼合
鬥搭,相稱
鬥擔,湊成一擔
鬥智毋鬥力,鬥智不鬥力
鬥柄,接起柄
鬥桌,湊桌
鬥榫,接榫
鬥氣,嘔氣
鬥氣,賭氣
鬥當,勉強求人
鬥當人,推銷
鬥緊,著急
鬥緊,趕忙
鬥緊,趕緊
鬥股,出資合夥
鬥股,合夥
鬥腳鳥,高蹺鴴
鬥落,拼下
鬥落,湊下
鬥起來,拼合起來
鬥起來,拼起來
鬥陣,湊成一夥
鬥雙,湊成一對
鬥雙,湊成一雙
鬥雙,湊成對
鬥高腳,踩高蹺
鬥鬧熱,湊熱鬧
鬧个慌,鬧的慌
鬧市,鬧區
鬧毋清,鬧不清
鬧熱,熱鬧
鬧熱煎煎,很熱鬧
鬧熱煎煎,鬧哄哄
鬧細旦,鬧小旦
鬧細月子,鬧小月子
鬧脾氣,發脾氣
鬧臺臺,鬧哄哄
鬧著,鬧到
鬧連連,非常熱鬧
鬧連連,鬧哄哄
鬧鐘仔,鬧鐘
鬱堙毋偶,鬱堙不偶
鬱鬱毋平,鬱鬱不平
鬱鬱毋樂,鬱鬱不樂
鬼也毋上門,鬼也不上門
鬼仔,詭計
鬼仔,鬼怪
鬼仔,鬼神
鬼仔人,機靈
鬼仔樹,榕樹
鬼嗄,鬼卻
鬼嫲,女鬼
鬼挱人,鬼抓人
鬼挷根,細葉金午時花
鬼火,磷火
鬼畫葫蘆,鬼畫符
鬼神毋測,鬼神不測
鬼神鬼相,調皮搗蛋
鬼精仔,聰明伶俐
鬼精仔,鬼靈精
鬼面殼,可怕的面具
鬼面殼,鬼面具
魂毋守宅,魂不守宅
魂毋守舍,魂不守舍
魍神仔,魑魅魍魎
魍精仔,魑魅魍魎
魏斯曼學講,魏斯曼學說
魚乾仔,魚乾
魚仔,魚
魚叉仔,魚叉
魚圓,魚丸
魚塘,池塘
魚塘,魚塭
魚塘肚,池塘裡
魚尾蹳來蹳去,魚尾擺來擺去
魚崽仔,魚苗
魚幫水水幫魚,魚幫水，水幫魚
魚生,生魚片
魚脯,小魚乾
魚脯仔,小魚乾
魚雁毋絕,魚雁不絕
魚餌仔,魚餌
魚魚肉肉,大魚大肉
魚魚肉肉,菜色豐富
魚鰭,鰭
魚仔,魚簍
魯夫,不可理喻
魯夫,不講理
魯夫,粗俗
魯夫,粗鄙
魯夫,粗魯
魯夫,脾氣暴躁
魯夫,莽漢
魯萁,芒萁
魷魚仔,魷魚
鮊哥仔,溪哥
鮮,清澈
鮮,稀
鮮水,清水
鮮水坑莊頭,鮮水坑庄頭
鮮頭,亮麗
鮮頭,漂亮
鮮鮮,清澈
鮮鮮,稀稀
鯉仔,鯉魚
鯉嫲,鯉魚
鯉魚伯公,鯉魚土地公
鯪鯉頭,觀音座蓮
鯽仔,鯽魚
鯽魚卵,臺灣山桂花
鯽魚目,伏苓菜
鯽魚目,土茯苓
鯽魚膽,臺灣山桂花
鰗鰍仔,泥鰍
鰭菇仔,魚鰭
鰱鯉,穿山甲
鰱鯉頭,觀音座蓮
鰲人,有才氣的人
鰻仔,鰻魚
鱉了一肚子个悶氣,鱉了一肚子的悶氣
鱗翼目,鱗翅目
鱶公,七星鱧
鱸鰻,流氓
鱸鰻仔,流氓
鱸鰻頭,流氓
鳥仔,鳥
鳥仔店,鳥店
鳥仔籠,鳥籠
鳥公,公鳥
鳥公,雄鳥
鳥卵,鳥蛋
鳥嫲,母鳥
鳥子,小鳥
鳥子,幼鳥
鳥射仔,彈弓
鳥尾,鳥尾巴
鳥尾毛,尾羽
鳥屎,鳥糞
鳥屎榕,雀榕
鳥屎面,鳥糞臉
鳥彈仔,彈弓
鳥毋生蛋，狗毋拉屎,鳥不生蛋，狗不拉屎
鳥毛,羽毛
鳥毛衫,鳥毛上衣
鳥毛衫个,鳥毛上衣的
鳥竇,鳥巢
鳥竇肚,鳥巢裡
鳥翼,鳥翅
鳥聲山,鳥聲音山
鳥頭花,泥胡菜
鳳仙花,鳳仙
鳳凰樹,鳳凰木
鳳凰無寶處毋落,鳳凰無寶處不落
鳳尾草,井口邊草
鳳林落,鳳林落下
鳳頭大頭鳥,冠海雀
鳳頭沒水鴨,澤鳧
鳳頭燕海鵝,鳳頭燕鷗
鳳頭麥雞,小辮鴴
鳳髻湖鴨,冠鸊鷉
鴃舌締碓,說話不順
鴉片煙筒,鴉片煙斗
鴉片菸,鴉片
鴉雀毋聞,鴉雀不聞
鴉鵲毋聞,鴉鵲不聞
鴨仔,鴨
鴨仔,鴨子
鴨仔妹,鴨妹
鴨仔聽雷,鴨子聽雷
鴨仔草,眼子菜
鴨公,雄鴨
鴨卵,鴨蛋
鴨卵屎瓜,木虌子
鴨卵屎瓜,木鱉子
鴨卵教,一貫道
鴨卵面,鴨蛋臉
鴨嫲,母鴨
鴨嫲嘓,鴨木腳
鴨嫲榕,鵝掌藤
鴨嫲笛,鴨母笛
鴨嫲蹄,扁平足
鴨子,小鴨
鴨春,鴨蛋
鴨母坑莊頭,鴨母坑庄頭
鴨肉當好食,鴨肉很好吃
鴨胗,鴨胃
鴨舌紅,倒地蜈蚣
鵓鴣,斑鳩
鵓鴣,祝鳩
鵓鴣仔,珠頸斑鳩
鵓鴣酸,黃花酢漿草
鵓鴣酸草,紫花酢漿草
鵓鴣鳥,斑鳩
鵝仔,鵝
鵝仔菜,蒲公英
鵝公,公鵝
鵝公,種公鵝
鵝卵,鵝蛋
鵝嫲,母鵝
鵝嫲,鵝媽媽
鵝毛衫,鵝毛衣
鵝豚仔,亞成鵝
鵝頭酸,水鴨腳
鵠个,鵠的
鵪鶉仔,鵪鶉
鶴仔岡莊頭,鶴仔岡庄頭
鷂婆,老鷹
鷂婆,鷹
鷂婆榕,野牡丹
鷂角仔,紅隼
鷂角仔,鳳頭蒼鷲
鷙鳥毋群,鷙鳥不群
鷦鷯巢林，毋過一枝,鷦鷯巢林，不過一枝
鷹斑濫泥鳥,鷹斑鷸
鷹面貓頭鳥,褐鷹鴞
鷹鵰,赫氏角鷹
鸚哥,鸚鵡
鸚鵡能言，毋離飛鳥,鸚鵡能言，不離飛鳥
鹵萁,筆筒樹
鹹丟丟仔,鹹鹹的
鹹卵,鹹蛋
鹹粥,鹹稀飯
鹹粽,米粽
鹹粽,鹹粽子
鹹纖鹹纖,略帶鹹味
鹹草,藺草
鹹菜,酸菜
鹹菜乾,梅干菜
鹹菜形,很好相處之人
鹹菜湯,酸菜湯
鹹酸甜,蜜餞
鹹酸甜,鹹酸甜雜陳
鹹餿,餿味
鹻鹻,微澀
鹽,鹽巴
鹽冬桍,羅氏鹽膚木
鹽崠桍,羅氏鹽膚木
鹽樹,合歡
鹽生,涼拌
鹽生,醃漬
鹽盎仔,鹽罐
鹽苳榼,羅氏鹽膚木
鹽菜,灰藋
鹽酸仔,黃花酢漿草
鹽酸桍,山鹽青
鹽酸椏,山鹽青
鹽霜挌,羅氏鹽膚木
鹽霜桍,山鹽青
鹽霜椏,山鹽青
鹿仔樹,構樹
鹿死毋擇音,鹿死不擇音
鹿螞,牛蠅
鹿裘毋完,鹿裘不完
麥个子,麥個子
麥仔,麥子
麥克,麥克風
麥古,麥克風
麥酒,啤酒
麵,麵條
麵炸,麵筋
麵粉餅,麵條粉餅
麵線卵,麵線加蛋
麻仔,芝麻
麻婆子个裹腳布,麻婆子的裹腳布
麻子毋叫麻子,麻子不叫麻子
麻布樹,山黃麻
麻斗,能力差
麻煩你開電火好無,麻煩你開燈好嗎
麻癲,麻瘋
麻竹笐,麻竹筒
麻紗粗刊刊仔,麻紗粗糙刊刊仔
麻索,麻繩
麻苧一捋,不加細分
麻衫,孝服
麻衫,麻布孝服
麻衫,麻衣
麻雀雖細，五臟俱全,麻雀雖小，五臟俱全
麻麻痺痺,麻麻的
麼个,什麼
麼个,甚麼
麼个係,何為
麼个名,什麼名
麼个哥,某某老兄
麼个嫂,某某大嫂
麼个煞,什麼煞
麼个蛇,什麼蛇
麼个電話,什麼電話
麼人,什麼人
麼人,誰
麼人在該碰門,誰在那裡碰門
麼佢,麼他
麼係,麼是
麼儕,什麼人
麼儕,誰
麼知,麼知道
麾之即去，招就須來,麾之即去，招則須來
黃三趾鶉,棕三趾鶉
黃口細兒,黃口小兒
黃嘏紙,掃墓用的黃紙
黃嘴白鶴仔,唐白鷺
黃嘴貓頭鳥,黃嘴角鴞
黃斑土狗仔,黃斑黑蟋蟀
黃斑臭鼻蟲,黃斑椿象
黃星山牛牯,黃星天牛
黃星山牛角,黃星天牛
黃枝子,山黃梔
黃柏,闊葉十大功勞
黃梅毋落青梅落,黃梅不落青梅落
黃梔仔,山黃梔
黃梔仔粄,梔仔粄
黃梨,鳳梨
黃梨皮摒屎,遭受雙重受害
黃梨葛,瓊麻
黃橙黃橙,黃橙橙的
黃毛鸚嘴,黃羽鸚嘴
黃泥,泥土
黃湢湢鳥,黃山雀
黃焦焦仔,很黃
黃牛屎鶺,黃鶺鴒
黃牛檀,大頭茶
黃班頭,黃班級棵
黃瓜仔,黃瓜
黃瓠,南瓜
黃病,完蛋
黃病,黃疸病
黃痣畫眉,藪鳥
黃皮瘦弱,面黃肌瘦
黃眉白尾鳥,黃眉鵐
黃眉草蜢鶯,蒼眉蝗鶯
黃眉飛食鳥,黃眉黃鶲
黃細鶴仔,黃小鷺
黃翹毛鸚鴚,小葵花鳳頭鸚鵡
黃肉仔,肖楠
黃肚樹鶯,深山鶯
黃肚飛食鳥,黃腹琉璃
黃胸濫泥鳥,黃胸鷸
黃胸藍飛食鳥,黃胸青鶲
黃腳濫泥鳥,黃足鷸
黃花草,黃鵪菜
黃花虱母頭,垂桉草
黃花鹽酸仔,黃花酢醬草
黃花鹽酸草,黃花酢醬草
黃茄仔,黃水茄
黃藤枝,苦林盤
黃藤枝,金露花
黃蘗,闊葉十大功勞
黃蚻,蟑螂
黃蝨嫲仔,垂桉草
黃蟻,黃螞蟻
黃蟻公,黃螞蟻
黃豆仔,黃豆
黃金滿籯，毋如一經,黃金滿籯，不如一經
黃陳細萍,黃陳小萍
黃雞嫲,母黃雞
黃雞灢,雞大便
黃霜黃霜,臉色臘黃
黃霸頭,林投
黃頦白尾鳥,黃喉鵐
黃頭牛屎鶺,黃頭鶺鴒
黃頭白鶴仔,黃頭鷺
黃頸烏鶴仔,黃頸黑鷺
黃食仁鳥,黃雀
黃鱔,鱔魚
黃鷹抓住了鷂子个腳,黃鷹抓住了鷂子的腳
黃黃霜霜,人臉色青黃
黃黃霜霜,斑黃
黏,沾黏
黏人草,大花咸豐草
黏人草,大花鬼針草
黏人草,小白花鬼針
黏帶環,膠帶環
黏時,即時
黏時,立刻
黏時,隨即
黏時,馬上
黏泥,膠泥
黏牙帶齒,不乾淨利落
黏皮,立刻
黏皮,隨時
黏皮,馬上
黏等,黏著
黏緪,密切
黏緪,黏緊
黏膠,膠水
黏膠水,膠水
黏著,黏到
黏邊,立刻
黏邊,隨時
黏邊,馬上
黏黏,很黏
黏黏浹浹,黏??
黏黏浹浹,黏答答
黑天,全然不知
黑毋溜丟,黑不溜丟
黑白毋分,黑白不分
黑白講,亂講
黑白講,胡說
黑頭蟲兒毋可救，救之就要食人肉,黑頭蟲兒不可救，救之就要吃人肉
黑食黑,黑吃黑
默毋作聲,默不作聲
默默毋語,默默不語
點,時
點,滴
點仁,播種
點仁,點狀播種
點心,小吃
點心店,小吃店
點心店底肚,小吃店裡
點心店底肚,小吃店裡面
點心店底肚,點心店裡
點心店底肚,點心店裡面
點忒,點掉
點日光燈較光,點日光燈比較亮
點水毋漏,點水不漏
點種,點狀播種
點落去,點進去
點著,點到
點著,點燃
點過鐘,一個多鐘頭
點錢,分釐錢
點鐘,小時
黨个,黨的
鼇人,奇人
鼎沸毋絕,鼎沸不絕
鼓下,刺下
鼓仔,鼓
鼓勵,刺勵
鼓框,鼓邊
鼓樓上細雀,鼓樓上小雀
鼓毋打毋響，鐘毋撞毋鳴,鼓不打不響，鐘不撞不鳴
鼓沿,鼓邊
鼓膿,長膿包
鼓落去,刺下去
鼓著,刺到
鼠瘟,鼠疫
鼻,嗅
鼻,聞
鼻ㄤㄤ,鼻音重
鼻公,鼻子
鼻公下,鼻子下方
鼻公塞塞,鼻子塞住
鼻公峎,鼻梁
鼻公窟,鼻孔
鼻公項,鼻子上
鼻公項,鼻子裡
鼻出,聞出
鼻到,聞到
鼻啊著,一聞到
鼻師,聞師
鼻得出,聞得出
鼻扭扭,傲慢無禮
鼻扭扭,跩兮兮的
鼻水,鼻涕
鼻涕沒有倒流个,鼻涕沒有倒流的
鼻空,鼻子
鼻空峎,鼻梁
鼻空窟,鼻孔
鼻粉味,聞粉味
鼻膿,鼻涕
鼻臭臭,傲慢無禮
鼻臭臭,跩兮兮的
鼻著,聞到
鼻術,聞術
鼻覺,嗅覺
鼻起來,聞起來
鼻香,聞香
鼻鼻,聞聞
鼻鼻仔,聞一聞
鼻鼻看,聞聞看
鼻鼽鼽仔,傲慢不馴
鼻齉齉,聞齉齉
鼻𪖐𪖐,倔強不聽話
齉鼻,齉聞
齊,整齊
齊全,健在
齊全,周全
齊全,夫婦健在
齊全,完備
齊全,完善
齊全,父母健在
齊家,治理家務
齊齊,平整
齊齊,很平整
齋仔,功德
齋公,道士
齋公仔,和尚
齋公仔,比丘
齋公仔,道士
齋囉囉仔,吃太素
齋囉囉仔,沒有油分
齋堂,佛寺
齋堂仔,齋堂
齋姑,尼姑
齋牯,比丘
齋蔬,素食供品
齋頭,齋棵
齣事,戲碼
齧,吝嗇
齧哪,咬哪
齧察,吝嗇
齧察,小氣
齧察鬼,小氣鬼
齧牙,磨牙
齧牙根,咬緊牙關
齧牙𫠛齒,咬牙切齒
齧著,咬到
齧鋸,鋸片被夾住
齧鬼,吝嗇鬼
齧鬼,小氣鬼
龍哯珠,龍吐珠
龍峎,山嶺
龍崗,小山崗
龍捲風,旋風
龍無雲而毋行,龍無雲而不行
龍罐,龍紋大陶罐
龍船,龍舟
龍銀,龍洋
龍錫街莊頭,龍錫街庄頭
龍骨,脊椎
龍骨,脊椎骨
龍骨側彎,脊椎側彎
龍骨生骨刺,脊椎骨生骨繡
龍鬥虎傷，苦了細獐,龍鬥虎傷，苦了小獐
龍鳳番瓜,龍鳳南瓜
龍龍鍾鍾,老態龍鍾
龔勝毋屈,龔勝不屈
龜仔,烏龜
龜仔,龜
龜仔爬,烏龜爬行
龜殼,龜甲
龜殼花蛇,龜殼花
龜殼蛇,龜殼花
間尾細畫眉,鱗胸鷦鷯
,我們
,瘡
串針仔,褐頭鷦鶯
金斑鳥,金斑鴴
金目鴨,鵲鴨
金眶千腳鳥,小環頸鴴
金翼食仁鳥,金翅雀
金背鵓鴣仔,金背鳩
金頂,戴菊鳥
金黃白尾鳥,金鵐
藍胸田雞,灰胸秧雞
藍頦鴝,藍喉鴝
臘嘴鳥,臘嘴雀
北極柳鶯,極北柳鶯
流蘇濫泥鳥,流蘇鷸
琉球,琉球鴝鳥
硫黃白尾鳥,野鵐
李查噼噼鳥,大花鷚
泥糜色水雉鳥,穴鳥
泥色扇尾鶯,棕扇尾鶯
泥色鷽,褐鷽
泥色柳鶯,褐色柳鶯
裡海燕海鵝,裡海燕鷗
𠊎,吾
𠊎,我
𠊎个,我的
𠊎个天,我的天
𠊎俚,咱們
𠊎倆,我倆
𠊎兜,我們
𠊎兜,我們大家
𠊎兜人,我們
𠊎兜儕,我們
𠊎公,我爺爺
𠊎公,我的爺爺
𠊎哥,我哥哥
𠊎喔,我喔
𠊎嘴燥，想食茶,我口渴，想喝茶
𠊎國,我國
𠊎執,我執
𠊎好食,我喜歡吃
𠊎姆,我媽媽
𠊎姆,我的媽媽
𠊎姊,我姊姊
𠊎姐,我姊姊
𠊎姓黃，安到大民,我姓黃，名叫大民
𠊎婆,我奶奶
𠊎婆,我的奶奶
𠊎尿出，想愛屙尿,我尿急，想要小便
𠊎屋下,我家
𠊎愛,我要
𠊎愛你,我愛你
𠊎愛睡當晝,我要睡午覺
𠊎手寫吾口,我手寫吾口
𠊎手寫𠊎口,我手寫我口
𠊎拈,我撿
𠊎方,我方
𠊎曹,我曹
𠊎武維揚,我武維揚
𠊎毋入地獄，誰入地獄,我不入地獄，誰入地獄
𠊎毋愛,我不要
𠊎毋會肚飢,我不會肚子餓
𠊎毋會肚飢,我不餓
𠊎毋知,我不知道
𠊎毋識佢,我不認識他
𠊎每,我每
𠊎爸,我爸爸
𠊎爸,我的爸爸
𠊎當好照鏡,我很喜歡照鏡子
𠊎當歡喜,我好高興
𠊎當歡喜,我很高興
𠊎當𤸁,我好累
𠊎真愛照鏡,我很喜歡照鏡子
𠊎知啦,我知道啦
𠊎等,我們
𠊎等,我等
𠊎老公,我丈夫
𠊎老公,我老公
𠊎者,我者
𠊎肚飢吔,我肚子餓了
𠊎肚飢欸,我肚子餓欸
𠊎自家,我自己
𠊎豈毋知,我怎麼會不知道
𠊎軍,我軍
𠊎輩,我輩
𠊎轉來吔,我回來了
𠊎逐日騎自行車上班,我每天騎腳踏車上班
𠊎逐朝晨掃地泥,我每天早上掃地
𠊎這兜,咱們
𠊎醉欲眠,我醉欲眠
𠊎食飽吔,我吃飽了
𠊎餔娘,我老婆
𠊎黼子佩,我黼子佩
𠊎𠊎,我我
𠎷碎,粉碎
𠕆,呆
𠕆个人,愚鈍的人
𠕆𠕆,呆愚
𠖄,蒙住
𠖄,蓋住
𠖄人被,披被
𠖄等,蒙著
𠖄羅帕,戴頭紗
𠖄羅帕,蒙蓋著頭紗
𠗻人,刺骨
𠗻冰,冰敷
𠠝開,割開
𠲿汗,吸汗
𢫦,倒
𢫦,敲
𢫦撇,敲掉
𢫦死,敲死
𢫦死撇,敲死去
𢫦爛,敲爛
𢫦著,敲到
𢫦𢫦仔,打一打
𢫦𢫦仔,敲一敲
𢫦𢫦風,突然之間
𢯭,幫忙
𢯭手,幫
𢯭手,幫助
𢯭手,幫忙
𢯭手个,幫忙的
𢯭捉,幫忙抓
𢯭眾,合群
𢯭食,幫忙吃
𢱤,推
𢱤,用手推
𢱤入,推入
𢱤入,推進
𢱤到共下,送作堆
𢱤落,推下
𢱤落,推進
𢱤開,推開
𢱤𢱤,推推
𢳆,折
𢳆,轉
𢳆出來,轉出來
𢳆轉來,轉過來
𢳆開,轉向
𢼛忒,淘汰
𢼛門,敲門
𣛮,木製器具
𣛮肚,箱子裡
𤌍窯,烤蕃薯
𤍒粄圓,煮湯圓
𤍒麵,煮麵
𤐙配頭,大展身手
𤘅奓,不精明
𤘅奓,愚笨
𤘅奓,愚蠢
𤘅奓,愚蠢樣
𤘅奓,愚蠢貌
𤘅膣𤘅奓,愚蠢
𤘅𤘅奓奓,愚笨
𤘅𤘅奓奓,愚蠢
𤘅𤘅奓奓,愚蠢樣
𤘅𤘅奓奓,愚蠢貌
𤸁,疲倦
𤸁,疲勞
𤸁,疲憊
𤸁,累
𥍉光燈,閃光燈
𥍉動,閃爍動
𥍉啊𥍉,一眨一眨
𥍉啊𥍉,一閃一閃
𥍉啊𥍉,眨啊眨
𥍉啊𥍉,閃啊閃
𥍉爧,閃電
𥍉目,合眼
𥍉目,眨眼
𥍉𥍉,閃爍
𧊅,蛙
𧊅仔,青蛙
𧊅仔泅,蛙泳
𧊅仔腳,青蛙肢
𧊅絲,紫蘇
𧊅綻卵,連綿成串
𧊅蕦,紫蘇
𧊅𬠖仔,蝌蚪
𨃰,跨
𨃰,跨越
𨃰過,跨越
𨃰過去,跨越過去
𨃰過去,跨過去
𨒇軟,體癱軟
𪐞烏,很黑
𫝘咕,ㄤ咕
𫟧,繞
𫟧𫟧轉,團團轉
𫟧𫟧迴,團團轉
𫣆,咱
𫣆,我們
𫣆个,我們的
𫣆人,我們
𫣆來,我們來
𫣆俚,咱們
𫣆俚,我們
𫣆兩儕,我們倆
𫣆兩儕,我們兩人
𫣆愛,我們要
𫣆摎,我們把
𫣆等,我們
𫣆這兜,我們這些人
